id,to_id,inc_aream2,cum_aream2,pop_dec_2020,pop_acs_2020,bfi,amp,dem,ir_share,typology,basin,in_train,in_test,is_new_in_test,dem_sup_ratio,r4_flag
b65e571dafef,OUTLET,123197020.0,487962900.0,42384.74,42359.387,0.9750255942344666,1.5617756843566895,0.056496165692806244,0.07135059684515,airtanah,0,True,True,False,0.04576345067471266,False
bcd9a282247c,c6866a9b1599,146448400.0,146448400.0,260.16635,278.14264,0.6100630164146423,2.003124475479126,0.0007989452569745481,0.0,airtanah,1,True,True,False,0.00018791127877193503,False
9195fae017da,eb86a06b57de,46136852.0,46136852.0,164.52031,163.27402,0.264445424079895,3.133314609527588,2.6293234825134277,1.0,irigasi,2,True,True,False,0.0,False
57ac397a9051,271132b422b1,73463440.0,73463440.0,744.00226,925.64166,0.8164690732955933,3.046849489212036,0.0,0.0,airtanah,3,True,True,False,0.0,False
a5a2c6df4fbd,a38eec2f900e,150629740.0,150629740.0,21146.863,21172.672,0.797500729560852,1.4995993375778198,0.06250964105129242,0.0,airtanah,4,True,True,False,0.07619252428412437,False
3965fe131614,0f9509408cf8,76388504.0,3091640800.0,1576.1862,1604.506,0.6090548038482666,2.5896873474121094,0.0033717388287186623,0.9909236431121826,campuran,5,True,True,False,0.0007149528537411243,False
267d74e0457c,b1384770b0e6,44560504.0,44560504.0,2280.3894,1802.1945,0.2351146936416626,2.799312114715576,0.006225431337952614,0.0,campuran,6,True,True,False,0.007194324396550655,False
df51b173e31a,5134b9706d38,64963732.0,64963732.0,261.98682,266.1941,0.6131229996681213,2.1622166633605957,0.0,0.0,airtanah,6,True,True,False,0.0,False
68d3bee19013,872738ed0bfd,59336044.0,59336044.0,1059.5708,939.3601,0.13737612962722778,3.331202983856201,0.0038196449168026447,0.0,campuran,7,True,True,False,0.004456781200133264,False
228c2fd3ed91,2735223193f0,,267708030.0,31.783682,29.899014,0.9763564467430115,1.8801683187484741,0.0,0.0,airtanah,8,True,True,False,0.0,False
73e15c59c021,a3ecdc287748,95456940.0,132229400000.0,1845.9059,1910.5013,0.4827451705932617,1.865649938583374,0.003164350986480713,0.9942399859428406,campuran,9,True,True,False,1.8177594029111788e-05,False
8a61142456df,dd80fe4d3e57,112515340.0,180860020.0,53.52192,55.163002,0.8036676049232483,1.551966905593872,0.0,0.0,airtanah,10,True,True,False,0.0,False
40e45749d6e6,872738ed0bfd,52558590.0,345732350.0,678.23645,563.7066,0.2667725086212158,2.6947619915008545,0.0,0.0,campuran,7,True,True,False,0.0,False
b2bb6c23ac45,OUTLET,114425864.0,114425864.0,276.648,308.25595,0.8896158933639526,1.292599081993103,0.0,0.0,airtanah,11,True,True,False,0.0,False
d9e328124416,bf9ea08887ad,58825764.0,58825764.0,49.597214,45.092968,0.9928140640258789,0.9293540716171265,0.0,0.0,airtanah,12,True,True,False,0.0,False
ac869c0ef5f1,4beb05a07dff,93435550.0,93435550.0,192.89664,173.3583,0.6376442313194275,1.4091423749923706,3.2109103202819824,1.0,irigasi,9,True,True,False,9.675352096557617,True
79dcee0e3baf,49077eeae188,91331910.0,91331910.0,3403.3933,3215.5088,0.3800908923149109,2.224013328552246,0.004498086869716644,1.0,campuran,13,True,True,False,0.0,False
29e20a4ffe30,e0e4433f632a,68777190.0,4981789700.0,218.35092,205.69113,0.04554164409637451,1.223581314086914,0.0007273866212926805,0.0,campuran,12,True,True,False,0.0008427371794823557,False
e3232aa5001f,611b6c09c105,108674310.0,108674310.0,1413.534,1200.4899,0.9378320574760437,2.682666301727295,0.0011407650308683515,0.0,airtanah,14,True,True,False,0.0016741725848987699,False
f43525bc7d1b,20b5d86f7693,75795530.0,75795530.0,88.69763,56.89986,0.9376403093338013,1.7488737106323242,0.0007420674082823098,0.0,airtanah,15,True,True,False,0.000969098269706592,False
b4f8f1ac2573,76f89801955d,71268980.0,71268980.0,89.57919,110.8406,0.004468066617846489,5.863822937011719,0.0,0.0,kilat,16,True,True,False,0.0,False
53dc2134034e,c942bf7b32a8,127433890.0,755647200.0,309.61417,314.23752,0.8117637038230896,2.040315866470337,0.0,0.0,airtanah,17,True,True,False,0.0,False
77514a298be2,c9b7d776a40b,109579704.0,254332740.0,24.463013,24.806028,0.27495819330215454,2.233915328979492,0.0,0.0,campuran,8,True,True,False,0.0,False
bd301ef522ed,db70a1fee3b3,106436280.0,3552721400.0,2322.6882,2398.4978,0.15646877884864807,3.44744873046875,0.0010478808544576168,0.0,campuran,18,True,True,False,0.0012612311402335763,False
fea0836d34f0,1a187dd6c19b,118667720.0,118667720.0,17.91784,21.216984,0.7120272517204285,1.5158941745758057,0.0,0.0,airtanah,19,True,True,False,0.0,False
2b73ebd3a8b4,ce5563435bee,147243920.0,147243920.0,196165.77,193716.62,0.63271164894104,1.9485546350479126,0.06434343755245209,0.0,airtanah,20,True,True,False,0.07928641326725483,False
9942966ec38e,1669b3456011,62337276.0,62337276.0,1453.855,1485.9045,0.16406020522117615,6.8412861824035645,0.10734062641859055,0.8189104199409485,kilat,21,True,True,False,0.023147604893893003,False
dceebc76e44b,af4c5c41cc2c,69556690.0,69556690.0,8879.352,9116.273,0.47369712591171265,3.9945878982543945,0.39638426899909973,0.557840883731842,kilat,22,True,True,False,0.265862375497818,False
f32650359757,4111c8d47510,68765950.0,68765950.0,1095.2618,985.86255,0.10331586003303528,2.9780237674713135,0.009988810867071152,1.0,campuran,6,True,True,False,0.0,False
abadda91467a,aaa086efd78f,64485956.0,64485956.0,11.228712,11.478996,0.05388649180531502,5.555574893951416,0.0,0.0,kilat,23,True,True,False,0.0,False
83cfe6cf1092,77514a298be2,134280880.0,134280880.0,36.869884,35.40367,0.603262722492218,2.0942864418029785,0.0,0.0,airtanah,8,True,True,False,0.0,False
3b25689e53a0,078fa9d45786,55506572.0,55506572.0,51.21818,52.302,0.9075331091880798,0.9094561338424683,1.2334835529327393,1.0,airtanah,2,True,True,False,0.00010226979793515056,False
bb9b4154a763,cb0bb916a284,137414510.0,137414510.0,573.761,709.61505,0.5900245308876038,2.822465658187866,1.115196937462315e-05,0.0,campuran,1,True,True,False,6.556033440574538e-06,False
0e2fac3867be,ea4300f0560e,410618980.0,457343230.0,683.0531,638.63544,0.8420432806015015,2.105010986328125,0.15972724556922913,0.0014858621871098876,airtanah,24,True,True,False,0.13446092326194048,False
4842b927204c,4e242bfdb7d1,77473670.0,77473670.0,121.32378,141.77457,1.0,1.8785197734832764,0.0,0.0,airtanah,25,True,True,False,0.0,False
13498e48811f,256bdf772296,42605708.0,42605708.0,15.052168,16.529213,0.9059683084487915,3.1231839656829834,0.0,0.0,airtanah,26,True,True,False,0.0,False
236dfbb49f31,24194ee46eae,112644180.0,112644180.0,2586.3293,2303.2478,0.40683943033218384,3.350747585296631,0.016439665108919144,0.0,campuran,18,True,True,False,0.024246796034276485,False
393031da8eb0,b5527a1c5672,170194190.0,6019810000.0,30.952213,25.857922,0.9234418869018555,0.882659912109375,0.0,0.0,airtanah,19,True,True,False,0.0,False
fcc9bb1075aa,0bc63f95565e,49412550.0,49412550.0,72.73323,84.86408,0.9945157766342163,2.555819034576416,0.0,0.0,airtanah,27,True,True,False,0.0,False
288ddcb66552,4a07d6816eb6,-56354348.0,1166834200.0,165.08673,161.1773,0.5933653116226196,3.436922788619995,0.04072710499167442,1.0,campuran,28,True,True,False,0.0,False
1c48098b08c6,fb697bf55df6,103834450.0,198892240.0,17.699171,15.427026,0.9808807373046875,0.7471385598182678,0.0012057698331773281,1.0,airtanah,29,True,True,False,0.0,False
99afb4669a54,c0b24faaf2aa,126264260.0,126264260.0,13187.519,12576.576,0.8321431875228882,1.035054326057434,0.09252585470676422,0.0,airtanah,30,True,True,False,0.04424907639622688,False
a5c40c863ca8,541774467365,49170300.0,49170300.0,1248.2517,1270.3285,0.6609005928039551,2.3114588260650635,0.0,0.0,airtanah,3,True,True,False,0.0,False
007e6e6baef8,89e11cbe5d98,68639910.0,177466460.0,716.0831,817.6708,0.13555599749088287,2.948967218399048,0.27530670166015625,0.15995022654533386,campuran,31,True,True,False,1.03102245926857,True
4ab5692f924a,3abfd63e450a,36501570.0,6554569700.0,60.762634,76.17568,0.18426811695098877,3.0411109924316406,0.002340079518035054,0.9837407469749451,campuran,28,True,True,False,6.093962656450458e-05,False
76befe89979b,OUTLET,162234130.0,,181804.64,186006.66,0.3502930998802185,1.6996026039123535,0.0576246976852417,0.0,campuran,32,True,True,False,0.01466253399848938,False
6c980d63b3ee,478bbcf9427f,90923770.0,2956816400.0,101.30862,110.38876,0.1756834089756012,1.6990745067596436,0.13243816792964935,1.0,campuran,2,True,True,False,0.006073756609112024,False
078fa9d45786,6c980d63b3ee,105337920.0,2490971100.0,113.02575,129.19904,0.49313148856163025,1.5704008340835571,0.19593104720115662,1.0,campuran,2,True,True,False,0.003463063621893525,False
06b3451cedd1,8fe33df9cca0,169054220.0,419409250.0,602.2422,664.86847,0.7863287925720215,4.253976345062256,0.035401199012994766,0.9899872541427612,airtanah,28,True,True,False,0.000710611091562896,False
bd3ae164d439,7544a53af727,74439180.0,74439180.0,5.68272,7.6274314,0.9206196665763855,0.7956529259681702,0.0,0.0,airtanah,19,True,True,False,0.0,False
d1d5b9ac7615,dcd6d3f487b1,94532260.0,203513870.0,36.38209,42.102474,0.2177380621433258,3.199219226837158,0.0,0.0,campuran,33,True,True,False,0.0,False
179a6d6ddf8d,f63ea45baca3,77507016.0,232550620.0,1100.6248,1194.3666,0.6617017984390259,2.481588840484619,0.0,0.0,airtanah,34,True,True,False,0.0,False
c43817e18fd9,4234523e5284,108210820.0,343320000.0,,167.51297,0.7633892893791199,1.4594438076019287,0.0,0.0,airtanah,16,True,True,False,0.0,False
680f4cfad75b,442a8bd10d17,24240010.0,24240010.0,1806.6499,1736.1101,0.22092048823833466,2.065692901611328,0.02571890503168106,0.0,campuran,7,True,True,False,0.036616403609514236,False
097aebfca6eb,4ca3bc24bfbd,100431190.0,517694600.0,38712.664,32555.31,0.40150463581085205,1.7401762008666992,0.008885645307600498,0.001357155037112534,campuran,35,True,True,False,0.00637444038875401,False
60d9b17abb46,6956f621eb67,48006356.0,48006356.0,970.3635,1143.3737,0.6276270747184753,1.5392078161239624,0.004656328819692135,0.0,airtanah,13,True,True,False,0.003454274497926235,False
bdf086b89c94,4cbe914f7b6f,57151510.0,1930945900.0,909.7313,935.3971,0.6991378664970398,1.8567695617675781,0.0017443908145651221,0.0,airtanah,17,True,True,False,0.0009617260366212577,False
814888d64b5b,87da4e73a718,71165300.0,71165300.0,527.2208,478.41275,0.5542885065078735,3.8166465759277344,0.949184775352478,1.0,campuran,36,True,True,False,0.27083349227905273,False
01515e254d1a,078fa9d45786,83722856.0,1933892500.0,79.93786,83.069405,0.6797133088111877,1.3535125255584717,0.15390542149543762,1.0,airtanah,2,True,True,False,0.0,False
5f596f6ba922,3fd857f444ba,86685110.0,86685110.0,1065.9368,1129.0164,0.6613668203353882,2.3615055084228516,0.005116104148328304,0.0,airtanah,14,True,True,False,0.004235863103531301,False
29c1cc73ab5b,3bfdae661479,88292110.0,163061040.0,3276.0364,3006.816,0.7921955585479736,2.249992609024048,0.0025194399058818817,1.0,airtanah,5,True,True,False,5.036664418867076e-08,False
b0ef87043e87,84f7079fef8f,68969810.0,814749440.0,328.75864,315.23456,0.6337342858314514,0.9669603109359741,0.0,0.0,airtanah,12,True,True,False,0.0,False
88b1672cf4a5,1804e155d046,164174450.0,164174450.0,1402.22,1539.3135,0.5751267671585083,3.6166491508483887,0.6463909149169922,0.9977782368659973,campuran,28,True,True,False,0.0013877780875191092,False
8580bb5cae2b,214d0ad7b17b,62428080.0,418789220.0,16.459875,16.675648,0.9397541880607605,3.389340877532959,0.0,0.0,airtanah,26,True,True,False,0.0,False
5a86a59bad86,1afe6d78a597,29618214.0,29618214.0,112.17436,112.32385,0.06458557397127151,3.8494815826416016,0.0,0.0,kilat,16,True,True,False,0.0,False
d2810c329c9c,aab6754263b4,74460760.0,74460760.0,4397.321,4407.856,0.7573842406272888,1.6968207359313965,0.006459327880293131,0.0,airtanah,13,True,True,False,0.011508057126775384,False
bd43a6caeb60,097aebfca6eb,97550904.0,97550904.0,63566.348,74615.6,0.6092983484268188,1.5797723531723022,0.08872264623641968,0.0,airtanah,35,True,True,False,0.15722882747650146,False
cab64dedc05a,4ee1a7128934,135635970.0,135635970.0,86.023346,89.205215,0.31710997223854065,3.9509308338165283,0.0,0.0,kilat,37,True,True,False,0.0,False
bd6ae83ee62f,49077eeae188,77638740.0,1271727400.0,5890.3237,5505.5957,0.4005535840988159,1.4661694765090942,0.002981130965054035,0.04562954232096672,campuran,13,True,True,False,0.0018249510321766138,False
3b824cb61ca4,cb96f2652680,104814380.0,2936369700.0,14600.541,13304.167,0.6030558347702026,2.287984848022461,0.0010748507920652628,0.0005605367477983236,campuran,14,True,True,False,0.0018205386586487293,False
0bceeb88e472,4a716c5f5b7a,72708616.0,525382560.0,54.01716,57.11867,0.923796534538269,2.7044386863708496,0.0021538666915148497,0.0,airtanah,37,True,True,False,0.002354260301217437,False
a4cb83d6ec27,e1f5d81c6ae9,127465896.0,1248455700.0,2196.2334,2167.9607,0.821343183517456,3.021357536315918,0.2115878462791443,0.867013692855835,airtanah,38,True,True,False,0.0380098270252347,False
48c134df2319,c742b60937c9,137719660.0,0.0,1752.0591,1717.0607,0.6228212714195251,2.188328504562378,0.000825801573228091,0.0,airtanah,39,True,True,False,0.0009193721925839782,False
60ad47ccf4f7,de50c86f33aa,145164430.0,145164430.0,55.67077,65.578064,0.8888202905654907,1.4569159746170044,0.0,0.0,airtanah,40,True,True,False,0.0,False
414da0775070,3ca2de4ec568,112232730.0,1387298400.0,46.782707,41.80827,0.9996088743209839,2.7610604763031006,0.0,0.0,airtanah,26,True,True,False,0.0,False
a2a33928f18d,fb0ad4c159bf,57004240.0,57004240.0,693.08923,726.46136,0.9075273275375366,2.85037899017334,0.28522735834121704,1.0,airtanah,36,True,True,False,0.0,False
35b5635ddab1,2483076886b8,65606344.0,262663300.0,73808.84,66009.11,0.45398083329200745,2.0918326377868652,0.06454265862703323,0.0,campuran,14,True,True,False,0.113093800842762,False
3dd9d4946ad5,ddcb4272bcd1,56560036.0,56560036.0,1353.8281,1365.0442,0.8066630363464355,3.06476092338562,0.3759634792804718,0.8789850473403931,airtanah,28,True,True,False,0.177368120290339,False
f0b2d680fa83,4e496dd72292,136556660.0,6019171300.0,438.68,452.6131,0.2827959358692169,1.2891018390655518,0.00398748554289341,0.0,campuran,12,True,True,False,0.004500768845900893,False
e5135c34a34a,25089dc1f42e,47214924.0,47214924.0,51.49033,53.92608,0.7897523045539856,2.7036099433898926,0.7006014585494995,1.0,airtanah,36,True,True,False,0.006664701271802187,False
2dc1f07472bb,OUTLET,153673780.0,9590440000.0,156.58669,142.55971,0.13186974823474884,2.210195779800415,0.0,0.0,campuran,24,True,True,False,0.0,False
99ea186e0e68,3b717d291f4a,96752290.0,96752290.0,27.964035,18.36669,0.99750155210495,1.1741647720336914,0.0,0.0,airtanah,23,True,True,False,0.0,False
eca93674197d,d85956662456,116907920.0,116907920.0,4993.103,5632.274,0.38898494839668274,2.114407777786255,0.006994577124714851,0.0,campuran,39,True,True,False,0.00814307271502912,False
ccf240b8a310,6344774ade96,162065420.0,162065420.0,19.199026,12.771977,0.3531782627105713,2.8054606914520264,0.0,0.0,campuran,23,True,True,False,0.0,False
25dd3d1c24b5,4beb05a07dff,120935630.0,128944275000.0,13986.331,13046.38,0.7820466160774231,1.8730676174163818,0.00508502870798111,0.8441033363342285,airtanah,9,True,True,False,0.0007133954495657235,False
ac4cbdd768e9,b792ed7bbe2e,162755310.0,265819540.0,539.5015,602.8835,0.7312613725662231,1.4706368446350098,2.159799575805664,1.0,irigasi,2,True,True,False,0.0001033994703902863,False
60536c168bd6,81f57d261b4f,78772504.0,78772504.0,,82.72015,0.8992791175842285,1.000472068786621,0.0,0.0,airtanah,41,True,True,False,0.0,False
10cd44702f4c,c99150f5eee0,45892932.0,45892932.0,806.34235,848.69055,0.4960463047027588,2.1808595657348633,0.0,0.0,campuran,39,True,True,False,0.0,False
90369f6c3e42,8ad5db637b3a,106929490.0,106929490.0,15767.777,12381.086,0.49078527092933655,2.345522880554199,0.12474958598613739,0.9066392779350281,campuran,20,True,True,False,0.0338314026594162,False
6956f621eb67,8db7dcf74474,71242800.0,691292160.0,1434.7399,1460.9587,0.7242870330810547,1.425417423248291,0.0008796598995104432,0.0,airtanah,13,True,True,False,0.00047400676703546196,False
449c2dbf4752,4e846aad91e6,120919790.0,120919790.0,28.26247,29.641487,0.7334401607513428,2.5654027462005615,0.0,0.0,airtanah,42,True,True,False,0.0,False
73b7670551d7,OUTLET,176643100.0,176643100.0,268.99173,260.83466,0.0,7.0,0.0,0.0,irigasi,43,True,True,False,0.0,False
120c860243dc,4d6a5e824928,61773610.0,61773610.0,244.82127,269.52292,0.9888179898262024,2.5241665840148926,0.5557302236557007,0.7938530445098877,airtanah,27,True,True,False,0.8550141155719757,True
98c2ad90eba7,0f41809925d7,78623000.0,188674880.0,21.667967,18.328697,0.11103719472885132,2.9467246532440186,0.0,0.0,campuran,33,True,True,False,0.0,False
411d07836e92,415409eed853,67964230.0,67964230.0,675.19763,717.11176,0.832983136177063,3.363950490951538,0.10209249705076218,0.9580739736557007,airtanah,5,True,True,False,0.015565406938549131,False
b02e5ababac1,3ff29421a98c,84354584.0,6566573000.0,61.25045,82.86244,0.7570208311080933,2.055636405944824,0.002283034846186638,1.0,airtanah,41,True,True,False,0.0,False
47ab40105047,7321288f1138,71354584.0,184275400.0,448.91464,500.7196,0.8728864192962646,2.080294609069824,0.0,0.0,airtanah,1,True,True,False,0.0,False
65d9cc8ebe86,339a65eee73f,111377160.0,111377160.0,20.33986,20.77752,0.9508391618728638,0.4626002311706543,0.0,0.0,airtanah,19,True,True,False,0.0,False
4d6a5e824928,ad9f26e541f6,63199270.0,269319330.0,246.32397,257.35056,0.9153273105621338,2.9330239295959473,0.1274615228176117,0.9430125951766968,airtanah,27,True,True,False,0.037206063978374004,False
bc8159a753dc,8fe3b7a6705a,190991620.0,462076280000.0,470.5559,584.1374,0.5836181640625,1.9345946311950684,0.00017161804134957492,1.0,airtanah,23,True,True,False,0.00011590250869630836,False
812f13d941a9,c1aa45bcf3fc,114049976.0,114049976.0,1897.8104,1879.7603,0.49194270372390747,2.6110265254974365,0.003471709555014968,0.0,campuran,44,True,True,False,0.002773447835352272,False
313a2ddba11d,3df2f035f8ae,120735150.0,20477854000.0,686.9609,751.6755,0.562477171421051,2.2183659076690674,0.00024110401864163578,1.0,campuran,36,True,True,False,0.0,False
75b994797a8f,f63ea45baca3,52393916.0,513303040.0,678.1125,713.3364,0.6838549971580505,2.883134603500366,0.0,0.0,airtanah,34,True,True,False,0.0,False
cf4ae377a9ad,c019c4600f94,62900484.0,62900484.0,10.463554,11.536992,0.09814056754112244,4.633609294891357,0.0,0.0,kilat,19,True,True,False,0.0,False
d8b3cd0c3c25,ac457458ee18,87076600.0,87076600.0,260.74796,285.8054,0.9914228320121765,0.7329939603805542,0.0,0.0,airtanah,45,True,True,False,0.0,False
558abcccd522,104e345b9705,59243364.0,297141440.0,172.30232,213.82512,0.9968143105506897,0.3048242926597595,0.0,0.0,airtanah,19,True,True,False,0.0,False
c32bbc04cdca,638545d1f826,50450464.0,50450464.0,18.408699,18.334044,0.9976727962493896,3.0760700702667236,0.0,0.0,airtanah,26,True,True,False,0.0,False
3c568abc0177,c2aae6c29ca0,158156030.0,290843620.0,3622.2527,3757.4897,0.5762507319450378,3.5718400478363037,0.26038867235183716,0.9613224267959595,campuran,28,True,True,False,0.004560908768326044,False
20919e159dac,d30b8f2435d3,83021416.0,658071740.0,4955.0444,4385.5205,0.6347326040267944,1.4972809553146362,0.0010811304673552513,0.0,airtanah,39,True,True,False,0.0012245015823282301,False
f02626301ba2,de615d3a80fb,135301580.0,135301580.0,1218.4637,1246.0154,0.7786049842834473,2.959817409515381,0.0,0.0,airtanah,44,True,True,False,0.0,False
4c59db107765,6d19bc61df89,143352600.0,1846016100.0,51.814735,55.205368,0.9148081541061401,1.9247715473175049,1.558546781539917,1.0,airtanah,40,True,True,False,0.3266473412513733,True
c371d04aa222,b4ff17065657,100459090.0,2224579000.0,1938.9834,2418.2476,0.5933675765991211,1.723816156387329,0.0003606277168728411,0.0,airtanah,30,True,True,False,0.00027594736820901744,False
35fcaf4a8fa1,3e91f3bcefbc,105529850.0,105529850.0,45.891796,47.284733,0.8968418836593628,2.2228569984436035,0.0,0.0,airtanah,38,True,True,False,0.0,False
fdc8b422451c,OUTLET,58104180.0,58104180.0,10.289271,10.112879,0.9007053375244141,1.026410460472107,0.0,0.0,airtanah,46,True,True,False,0.0,False
f3dff368c38f,aa8a977d73d8,93767870.0,342486820.0,798.8005,728.0714,0.7782529592514038,5.502830505371094,0.0005119937704876065,0.0,kilat,47,True,True,False,0.003084053132624831,False
12811c481b13,3aea73b886d0,101164370.0,101164370.0,54347.58,56486.777,0.9129412174224854,2.3614094257354736,0.14958804845809937,0.0,airtanah,14,True,True,False,0.28227774053812027,False
94bb797e20b3,78f845b5b0bf,46866170.0,46866170.0,41.518097,50.971184,0.9876344203948975,2.9733054637908936,0.0,0.0,airtanah,27,True,True,False,0.0,False
cdba975e0b57,cdbf8bcfe424,122919200.0,,976.76276,0.0,0.6090022325515747,1.9240933656692505,0.00022745078604202718,0.32872477173805237,airtanah,30,True,True,False,0.0002688478252821369,False
4b9843c872f3,0cc5146f2efa,78846664.0,1244027100.0,2315.7483,2069.253,0.9189451932907104,3.4147086143493652,0.04489324614405632,0.9653548002243042,airtanah,28,True,True,False,0.0014725395885761827,False
0ee32a6e165b,8fe8ff6b5a0c,134185704.0,134185704.0,354.16922,424.88205,0.38141098618507385,2.9363389015197754,0.0,0.0,campuran,31,True,True,False,0.0,False
4e9268caf64a,ad9f26e541f6,89166150.0,89166150.0,322.80847,358.82413,0.9926612377166748,1.9264976978302002,0.5776053667068481,1.0,airtanah,27,True,True,False,0.0,False
bf9ea08887ad,d2dcc88db600,96433230.0,334111680.0,133.0801,123.30244,0.9983920454978943,1.004884958267212,0.0,0.0,airtanah,12,True,True,False,0.0,False
e9eab3e6debe,cf1093ace989,47383916.0,47383916.0,1415.7932,0.0,0.4123299717903137,2.088245153427124,0.0,0.0,campuran,48,True,True,False,0.0,False
e58d2e9dad40,7422488bd815,76454220.0,76454220.0,2431.5498,23.436024,0.5455819964408875,3.492133140563965,0.0,0.0,campuran,42,True,True,False,0.0,False
3d9d5f95b10e,2840ec3950da,75276610.0,75276610.0,120.83312,114.93963,0.6444410085678101,1.7511574029922485,0.0,0.0,airtanah,25,True,True,False,0.0,False
76466de13247,872738ed0bfd,145094580.0,367391870.0,1529.8162,1419.8566,0.134048193693161,2.776263952255249,0.0011647249339148402,0.0,campuran,7,True,True,False,0.0013256485690362751,False
70a2d84ed6f2,f4a023e0984d,109336296.0,109336296.0,837.9966,981.9121,0.10286493599414825,5.567070484161377,0.005088901147246361,0.0,kilat,18,True,True,False,0.015359797049313784,False
0107be330d6d,4c3362e3eadf,64951056.0,13877596000.0,11.121539,11.459582,0.8976197838783264,1.4634655714035034,0.0,0.0,airtanah,19,True,True,False,0.0,False
e8c6012436bd,OUTLET,97034130.0,6043588000.0,161.54218,176.82066,0.17647609114646912,2.7661547660827637,0.07138553261756897,1.0,campuran,37,True,True,False,0.0,False
e21a41d46586,9b4ff3884915,165181900.0,165181900.0,38.546375,25.663578,0.5743486881256104,1.607377052307129,0.0,0.0,airtanah,15,True,True,False,0.0,False
5ec88163157c,3b824cb61ca4,86329260.0,86329260.0,814.9915,713.2268,0.6100157499313354,2.6821510791778564,0.054624542593955994,1.0,campuran,14,True,True,False,0.020507619716227055,False
ae543178ebb7,750bf8a55ff2,47304124.0,47304124.0,60.55505,4919.7305,0.06775572150945663,4.74220085144043,4.6673712730407715,0.9446146488189697,irigasi,23,True,True,False,259.91188526153564,True
113a33b7506a,2c8e5e2d7760,57119784.0,57119784.0,10.173513,9.14552,0.991019070148468,1.75927734375,0.0,0.0,airtanah,29,True,True,False,0.0,False
b5fe109593b1,86503a6a4842,158592830.0,158592830.0,1467.3784,1849.2678,0.8703901171684265,1.5369830131530762,0.00033392838668078184,0.0,airtanah,30,True,True,False,0.00022138333588372916,False
9c7eb94aa2d9,f7e8e4255c55,92230110.0,92230110.0,13971.806,15762.489,0.23479533195495605,4.685174942016602,0.039898648858070374,0.0,kilat,49,True,True,False,0.012571294791996479,False
62d5bf2ad4fe,1471144d6d04,67830660.0,67830660.0,1120.4302,1183.2645,0.9626378417015076,3.9219977855682373,0.024275505915284157,0.0,airtanah,18,True,True,False,0.027895300183445215,False
7940eb275efe,bc7e27c8067b,94693000.0,94693000.0,1945.9182,2429.898,0.5243593454360962,4.167034149169922,0.0,0.0,kilat,48,True,True,False,0.0,False
3deadbdb9e01,b60124658994,94577750.0,94577750.0,131.47794,116.50098,0.9337036609649658,2.3192427158355713,0.0,0.0,airtanah,12,True,True,False,0.0,False
8d224a38ed5b,efbc24c2331c,97915550.0,440183360.0,33.51528,30.018833,0.8702716827392578,1.329134464263916,0.0,0.0,airtanah,8,True,True,False,0.0,False
7976bc12b12e,e0211ae17100,55504096.0,55504096.0,35.069008,34.19891,0.9892953634262085,2.246251344680786,0.0,0.0,airtanah,26,True,True,False,0.0,False
4edcd8106dac,5dacd5c3fab4,67727690.0,388956600.0,671.04236,654.01843,0.47784745693206787,2.5713398456573486,0.004106056410819292,0.0,campuran,18,True,True,False,0.004047635477036238,False
af4c5c41cc2c,09443c9cb786,68008710.0,144186510.0,9951.776,10060.87,0.6789300441741943,3.4307172298431396,0.35295945405960083,0.5013971924781799,campuran,22,True,True,False,0.3436438888311386,True
4e846aad91e6,294faa270aff,105378830.0,513199000.0,31.761251,30.03506,0.7597668766975403,2.5724599361419678,0.056787800043821335,1.0,airtanah,42,True,True,False,0.0,False
771dd4e6294f,5ea931db8cda,126806250.0,3566798600.0,23.924364,21.25755,0.08672933280467987,1.0452234745025635,0.0,0.0,campuran,19,True,True,False,0.0,False
58375db64a6b,206788e39f4d,56508020.0,260237780.0,126.706604,155.81215,0.00023318470630329102,1.8880581855773926,0.0,0.0,campuran,16,True,True,False,0.0,False
f796c91cdaf2,0cbdbc9d5278,37900548.0,858712100.0,260.17044,241.74379,0.6450722813606262,3.203685998916626,0.028803545981645584,0.9983727931976318,campuran,28,True,True,False,6.925827074155677e-05,False
9bbce0fd4a6c,f6c126f653db,63396576.0,215456200.0,120.02591,132.69066,0.4635521173477173,2.9953579902648926,0.0,0.0,campuran,50,True,True,False,0.0,False
6267cff6ad75,a5e0a9b950e6,107818616.0,718688600.0,132.81506,157.91159,0.9828096032142639,2.635277271270752,0.0,0.0,airtanah,51,True,True,False,0.0,False
1412d2b2116b,f4d0a8d0bcaa,53736930.0,53736930.0,592.294,569.38025,0.20953714847564697,2.457369804382324,0.0,0.0,campuran,6,True,True,False,0.0,False
cb96f2652680,8c94b794e82d,94315270.0,3310275000.0,2086.5515,1828.7972,0.6405591368675232,2.234758138656616,0.00010728635243140161,1.0,airtanah,14,True,True,False,1.6518537449883297e-05,False
f4d003131255,e8c6012436bd,50519480.0,50519480.0,46.00949,48.43292,0.15445363521575928,3.8705451488494873,0.3693873882293701,1.0,kilat,37,True,True,False,0.0,False
f0d821656dea,4e242bfdb7d1,0.0,3954909400.0,1262.715,1086.5786,0.8613757491111755,1.563398838043213,0.02229289524257183,0.292502224445343,airtanah,25,True,True,False,0.1107134185731411,False
0656457c1286,2c11cf6d551c,,439043330.0,169.5906,161.00616,0.8976452946662903,2.1315157413482666,6.16363525390625,1.0,irigasi,40,True,True,False,148.18865966796875,True
6c0c3bd84e1b,4f649e0398fc,49149188.0,49149188.0,1078.4918,934.4527,0.861646294593811,1.5704511404037476,0.07258716970682144,1.0,airtanah,31,True,True,False,0.0,False
89b63840be75,e8c6012436bd,66869904.0,273744130.0,1849.4818,2195.5186,0.13852426409721375,3.6498210430145264,0.3680438995361328,0.7514357566833496,kilat,37,True,True,False,0.5055602490901947,True
1804e155d046,c6e2a5784d8f,70455030.0,597305700.0,296.08188,307.57312,0.4681265950202942,3.5699546337127686,0.08900470286607742,0.9991453289985657,campuran,28,True,True,False,8.42075896798633e-05,False
3d315360feec,a4cb83d6ec27,95887544.0,1081854700.0,423.996,413.6574,0.5792813301086426,2.9625067710876465,5.465602589538321e-05,0.0,campuran,38,True,True,False,0.00013105373000144027,False
64bff6ddf01b,5b8af1f1915e,68757544.0,68757544.0,2991.2358,2894.1018,0.7969870567321777,3.108228921890259,0.5038543343544006,0.9418177008628845,airtanah,28,True,True,False,0.048453183844685555,False
c49ddfb9cae8,2e2ca3795795,,50986336.0,73.34041,76.891,0.7040319442749023,1.7738878726959229,0.16810692846775055,0.0,airtanah,12,True,True,False,0.3844176232814789,True
333965dac5ca,bb7cdf4db9ce,37402932.0,65338616.0,496.44672,489.48758,0.20482462644577026,2.678414821624756,0.0002064030704787001,0.0,campuran,7,True,True,False,0.00020255506024113856,False
5b8af1f1915e,1ea34061ab3f,65401544.0,137993100.0,540.95667,467.7826,0.5266191959381104,3.204899549484253,0.2608996331691742,1.0,campuran,28,True,True,False,0.0,False
a470c8658364,522016d3c6af,95938460.0,95938460.0,123.63422,119.49034,0.9335846900939941,2.008016586303711,1.6175557374954224,0.9736626148223877,airtanah,24,True,True,False,0.20542489737272263,False
d71fa2b833f4,0199df5bad86,40744790.0,40744790.0,248.42854,254.04465,0.8684296011924744,2.0694048404693604,0.0,0.0,airtanah,41,True,True,False,0.0,False
0a75400f7c23,5d602098afa3,60060816.0,9002436000.0,10.089783,11.424786,0.8537277579307556,1.6992583274841309,0.0,0.0,airtanah,19,True,True,False,0.0,False
34088b908b0b,c7a40ddd2d3a,149739920.0,149739920.0,407.88684,358.64474,0.9855681657791138,1.3348232507705688,0.0,0.0,airtanah,36,True,True,False,0.0,False
e23a13e8ad68,ee5ea0ab27cc,82487890.0,82487890.0,14.448093,12.705638,0.9980771541595459,1.8456162214279175,0.0,0.0,airtanah,29,True,True,False,0.0,False
05d4fac64b0f,aab6754263b4,76883860.0,76883860.0,2600.5247,2813.3425,0.7013297080993652,1.2882732152938843,0.0,0.0,airtanah,13,True,True,False,0.0,False
d76254c79e7e,099294ae6680,53160856.0,53160856.0,695.4913,771.0911,0.5100986957550049,2.197967290878296,0.01046911533921957,0.22234973311424255,campuran,7,True,True,False,0.00713109876960516,False
0b5f18e682ba,9e44bb90b586,78373280.0,1170262000.0,25.905884,24.634058,0.9053755402565002,0.7404938340187073,0.0,0.0,airtanah,19,True,True,False,0.0,False
f72dfb05f61e,4e846aad91e6,115380536.0,257797870.0,23.386894,21.776398,0.6683105826377869,3.250509262084961,0.0,0.0,campuran,42,True,True,False,0.0,False
07a19ab692eb,4c59db107765,108018136.0,191762080.0,34.97722,32.782135,0.9435006380081177,0.7638120055198669,4.006709098815918,1.0,irigasi,40,True,True,False,1.9741319417953491,True
8322f78ce4e1,4a716c5f5b7a,84166040.0,84166040.0,72.02699,69.451645,0.1520363986492157,4.68675422668457,0.0,0.0,kilat,37,True,True,False,0.0,False
fb909b9af975,cfed0eb6f37d,140571000.0,932266940.0,171.42741,166.50636,0.46967265009880066,3.2091586589813232,0.04203018173575401,1.0,campuran,22,True,True,False,0.060236698016524315,False
53417efe9137,OUTLET,150384660.0,325780960.0,1351.7942,1310.4554,0.38455119729042053,6.291475296020508,0.003605713602155447,0.004878280684351921,kilat,21,True,True,False,0.012483032216550782,False
e79e820cd8c9,8b9d9deb2b17,86090270.0,86090270.0,420.12958,453.82553,0.825769305229187,3.2710275650024414,0.40784764289855957,0.9989162683486938,airtanah,28,True,True,False,0.0002673616982065141,False
27b19c332f91,OUTLET,117556730.0,117556730.0,402.2273,413.09637,0.1343948394060135,4.73438835144043,0.0,0.0,kilat,52,True,True,False,0.0,False
6939b1baa4cc,8349f1c6ec86,139440720.0,2664327200.0,1685.8965,1769.3657,0.9257240295410156,2.5823371410369873,0.0031249085441231728,1.0,airtanah,5,True,True,False,0.0003597762843128294,False
9985974fb908,bc8159a753dc,108651980.0,108651980.0,31.619822,23.419794,0.6905109286308289,1.6220232248306274,0.0,0.0,airtanah,23,True,True,False,0.0,False
4a07d6816eb6,4b9843c872f3,82897750.0,1299539700.0,244.8006,227.34358,0.6073813438415527,3.435316562652588,0.03648918494582176,1.0,campuran,28,True,True,False,0.0,False
289ecc782443,c9881ae46aae,56663532.0,56663532.0,1398.2285,1485.3673,0.8983982801437378,0.6207262873649597,1.6823288202285767,0.9988300800323486,airtanah,41,True,True,False,0.3424529288895428,True
dc920ce8b731,4c59db107765,125286380.0,650406000.0,122.18445,111.67943,0.9331700205802917,0.9455240368843079,4.024361610412598,1.0,irigasi,40,True,True,False,4.405362129211426,True
a43b719c8299,a2ae14e0860d,58755444.0,187148050.0,8438.936,9321.498,0.9353588223457336,2.460571050643921,0.013052430003881454,0.0,airtanah,14,True,True,False,0.02130935713648796,False
b06e6fad7945,544dbba5ae2e,39640116.0,39640116.0,525.10065,487.21115,0.1612081676721573,2.3162620067596436,0.008057643659412861,0.9869953989982605,campuran,6,True,True,False,8.185939441318624e-05,False
271e2266550c,ecd3a2b91cb0,134647740.0,928756800.0,69.32941,73.86274,0.6430444121360779,1.74359130859375,0.44767430424690247,0.7335642576217651,airtanah,38,True,True,False,0.08110681734979153,False
99a99df0846e,d53fc5f353db,153795840.0,2125902300.0,185.62967,173.96567,0.7151079773902893,1.947971224784851,1.7919414043426514,0.9737590551376343,campuran,40,True,True,False,0.9495693389326334,True
54c4e769a496,d02927eb6778,136283440.0,136283440.0,165.37115,167.09042,0.9105814695358276,1.4404805898666382,0.4442967474460602,0.9477296471595764,airtanah,41,True,True,False,0.013346284627914429,False
b4fb8071d6b4,20f93bafeeb7,47459972.0,-47459972.0,71.029594,78.52923,0.015618106350302696,5.242617130279541,1.8949898481369019,1.0,kilat,2,True,True,False,0.0,False
ec66b933a469,31f4b7b45397,89565010.0,89565010.0,314.3705,320.5667,0.59707111120224,3.2069334983825684,2.3441723897121847e-05,0.0,campuran,5,True,True,False,4.22877765231533e-05,False
339a6635dab8,6e24eb9e545e,123132190.0,578357500.0,22.389977,19.320702,0.9647700786590576,0.4843202233314514,0.003145812079310417,0.0,airtanah,19,True,True,False,0.004121690522879362,False
6d953f3075a5,aa79649393a5,67987704.0,6499980000.0,75.54164,81.55921,0.13178326189517975,2.070059061050415,0.0,0.0,campuran,24,True,True,False,0.0,False
1669b3456011,53417efe9137,66661900.0,129028110.0,1759.4216,1788.8403,0.19913917779922485,5.882148742675781,0.12349160015583038,0.2844090163707733,kilat,21,True,True,False,0.038321622647345066,False
59a9af586f2c,39a48caf8432,65017010.0,674964600.0,58.58118,77.50428,0.8804413676261902,2.811920642852783,0.0,0.0,airtanah,27,True,True,False,0.0,False
8cfc0b2c77ea,be66e0e12987,84607520.0,84607520.0,28446.85,25014.564,0.3939307928085327,2.5619332790374756,0.050399940460920334,0.0,campuran,35,True,True,False,0.041208408772945404,False
6fd2454edae9,819874816a32,83268380.0,830867260.0,8071.303,7471.9927,0.10094484686851501,3.63384747505188,0.0007608919404447079,0.0,kilat,49,True,True,False,0.00031594772008247674,False
1e82961f5a42,f53bce1878c9,97420424.0,97420424.0,75307.336,65873.49,0.21936090290546417,2.3431313037872314,0.25970470905303955,0.0,campuran,20,True,True,False,0.5634723603725433,True
8b50b8bb0dde,a29246db5458,111914024.0,520100580.0,1795.7205,1692.6954,0.21680106222629547,2.9412500858306885,0.0008191758533939719,0.0,campuran,7,True,True,False,0.0005837982753291726,False
28a162e13a05,7272873c3ee7,22848982.0,22848982.0,734.4524,660.6869,0.6740697622299194,2.5622575283050537,0.0005957899847999215,0.0,airtanah,44,True,True,False,0.0004240270209265873,False
104ae84e1094,120adaefa7d1,146202750.0,571707300.0,2016.4764,1950.7668,0.6893445253372192,2.159291982650757,0.00026878362405113876,0.0,airtanah,39,True,True,False,0.0002533104343456216,False
abd023b458b3,0eec3725f39a,,205368560.0,,82.302704,0.7912132143974304,2.3754355907440186,0.0,0.0,airtanah,38,True,True,False,0.0,False
857af8d00a83,b9463571c8c6,88357610.0,88357610.0,430.11542,471.93784,0.8766360878944397,1.0929895639419556,0.20465926826000214,1.0,airtanah,41,True,True,False,0.0,False
2d2806c3d6e2,a8330517697d,110100530.0,2942917600.0,17.468302,20.722172,0.7049874067306519,1.4086827039718628,0.0,0.0,airtanah,19,True,True,False,0.0,False
73e9dc1a97fb,3ca2de4ec568,36824612.0,36824612.0,16.055563,15.749832,0.9992026090621948,3.000535488128662,0.0,0.0,airtanah,26,True,True,False,0.0,False
3ebc00e9aa02,e20c7108c6fc,50355092.0,50355092.0,20.241428,12.329563,0.0,0.0,0.0,0.0,irigasi,15,True,True,False,0.0,False
2d71dc25cd87,9ce548b3bc3a,92309240.0,92309240.0,2080.819,2014.539,0.26285332441329956,2.9446394443511963,0.0011157500557601452,0.0,campuran,6,True,True,False,0.0008902139670681208,False
791b52ded826,f4a023e0984d,72926940.0,72926940.0,1097.2025,1097.2943,0.06225547567009926,5.0035929679870605,0.038911763578653336,0.0,kilat,18,True,True,False,0.056356667540967464,False
83a6bd9eadcd,00b5bc2db9a6,45210910.0,45210910.0,120.267654,140.285,0.9450358152389526,2.6140599250793457,0.013100316748023033,1.0,airtanah,14,True,True,False,0.0,False
9511a48afacb,ec3eb6ba1c77,132115770.0,1977643300.0,139.91728,150.69867,0.6142179369926453,2.217517137527466,0.004182486329227686,0.0,airtanah,24,True,True,False,0.005322277371305972,False
120adaefa7d1,c99150f5eee0,78114030.0,939518460.0,1417.0126,1463.9825,0.7477918863296509,2.2258379459381104,0.0,0.0,airtanah,39,True,True,False,0.0,False
dadf40d1186f,a29246db5458,32119818.0,32119818.0,712.04755,691.76483,0.15023551881313324,3.1666245460510254,0.0,0.0,campuran,7,True,True,False,0.0,False
0d1056ec4997,888c59e3b180,77514380.0,77514380.0,230.31532,206.45834,0.9880136847496033,2.650905132293701,0.0,0.0,airtanah,25,True,True,False,0.0,False
4544c47ec347,18a270abeb76,103680790.0,173301070.0,17.412838,17.878979,0.8373044729232788,0.6863479018211365,0.0,0.0,airtanah,19,True,True,False,0.0,False
af1b1e1a2482,e698d8549bfb,68359350.0,68359350.0,53.181313,37.657383,0.9900792837142944,1.5298819541931152,0.07752740383148193,0.08755809813737869,airtanah,12,True,True,False,0.06940586864948273,False
9ffbef6dfa4a,7a5f13bcf731,55047656.0,207947700.0,41.019684,44.38914,0.9823404550552368,0.5303308367729187,0.0,0.0,airtanah,31,True,True,False,0.0,False
acbb7aecd337,f9e6cc6a0698,45847176.0,45847176.0,59.210373,68.81938,0.3459372818470001,2.2634806632995605,0.0,0.0,campuran,16,True,True,False,0.0,False
753b8dbbeefa,ba8db0583b14,123980770.0,123980770.0,625.3124,633.244,0.7823857069015503,1.1724318265914917,0.8297755122184753,0.99822998046875,airtanah,41,True,True,False,0.0021320050582289696,False
3abfd63e450a,0a8a0ff6643e,166659060.0,6321320000.0,567.425,639.51886,0.1184300035238266,3.0563597679138184,0.006401083432137966,0.9897199273109436,campuran,28,True,True,False,8.331833305419423e-05,False
99cefb5359f1,120adaefa7d1,82192640.0,283096060.0,1321.9482,1250.8389,0.7316737174987793,2.4092342853546143,0.0,0.0,airtanah,39,True,True,False,0.0,False
072114d5bebd,a77ab36e6c18,77673090.0,311706340.0,158.79854,153.74379,0.980479896068573,1.9702138900756836,0.006638243794441223,1.0,airtanah,36,True,True,False,0.0,False
de405250966f,7140764d19ee,70934830.0,70934830.0,9.9121685,5.535599,0.13190434873104095,3.9489710330963135,0.0,0.0,kilat,23,True,True,False,0.0,False
f561e9b9a363,aaa086efd78f,57977556.0,452867260000.0,97.81431,118.78399,0.010691210627555847,1.9561957120895386,0.0006150954868644476,1.0,campuran,23,True,True,False,0.0004510135040618479,False
3414715f8e6f,f092cfd0cd14,97453110.0,249635630.0,16.232899,16.181839,0.7233004570007324,0.6957211494445801,0.0,0.0,airtanah,19,True,True,False,0.0,False
c4d53adbfe17,dbc9634a8f95,137512960.0,11176106000.0,,12168.153,0.2065507471561432,2.2307920455932617,0.005351532716304064,0.0,campuran,31,True,True,False,0.015225316397845745,False
5623abce8ff4,c6ebe9de64d0,41370656.0,41370656.0,1333.0233,-9999.0,0.4990297853946686,1.7657594680786133,0.0,0.0,campuran,39,True,True,False,0.0,False
35ac094e4ac6,3b0a74d34b96,47749900.0,47749900.0,30.329548,29.170261,0.9847211241722107,3.9237942695617676,0.0,0.0,airtanah,53,True,True,False,0.0,False
a835bfdb0aa9,37170548c04d,128510830.0,588133760.0,79.79689,84.838875,0.33271273970603943,2.6740756034851074,0.0,0.0,campuran,25,True,True,False,0.0,False
dcc0fd96717b,669bbc1ca5ac,59465936.0,126543760.0,19.718887,17.960539,0.9058133363723755,1.3256120681762695,0.0,0.0,airtanah,42,True,True,False,0.0,False
57c57f31bafc,857a2b6963a6,100348330.0,100348330.0,49.72112,49.51182,0.8849169015884399,1.4671117067337036,0.0,0.0,airtanah,19,True,True,False,0.0,False
32b96d1cf14c,d26774087586,87397390.0,87397390.0,77.73124,83.75545,0.8683463335037231,1.8898324966430664,0.0,0.0,airtanah,37,True,True,False,0.0,False
9ee3fd7373f6,90d4dece35fa,52629860.0,141689950.0,54.888397,56.120075,0.2718675136566162,4.3019232749938965,0.0,0.0,kilat,37,True,True,False,0.0,False
3b717d291f4a,1de9cf2ead94,107292720.0,265198660.0,31.55565,23.066174,0.9346705079078674,1.0321935415267944,0.0,0.0,airtanah,23,True,True,False,0.0,False
920c5c3c99cd,1a47d7ffe23b,131125160.0,280951200.0,108.73507,129.86969,0.3948259651660919,2.6219615936279297,0.0,0.0,campuran,25,True,True,False,0.0,False
bf4a022f1264,140529565846,116344904.0,116344904.0,15612.8545,13176.179,0.4952409863471985,2.450713634490967,0.48499155044555664,0.6184717416763306,campuran,54,True,True,False,1.097579538822174,True
d261c7eee027,ec1c5fb3ffa8,67407020.0,67407020.0,10.574531,13.948538,0.8988187313079834,0.6718623042106628,0.0,0.0,airtanah,19,True,True,False,0.0,False
9d3a1cae1ba1,7825722f885c,101945790.0,5877662700.0,118.626785,124.33303,0.5696632862091064,2.1565423011779785,0.0,0.0,campuran,24,True,True,False,0.0,False
c4135e76f3bc,05e8a5af4517,143978620.0,235400480.0,104.04074,109.9456,0.8369823694229126,1.3208022117614746,0.8705605268478394,0.0,airtanah,38,True,True,False,0.5090897679328918,True
4e9d378d5fd9,ce0549cbdc9e,82047640.0,82047640.0,765.23987,721.5847,0.05806791037321091,5.954860210418701,0.030331170186400414,0.0,kilat,18,True,True,False,0.12024494260549545,False
08a75427862b,cf1093ace989,122519550.0,30967097000.0,6404.7656,6170.758,0.5537831783294678,1.8927509784698486,0.00013420559116639197,0.0,campuran,48,True,True,False,0.00030666218663100153,False
dfcb29e1cfdf,dcd6d3f487b1,75440270.0,9561207000.0,29.246412,34.331795,0.05738304555416107,1.3604772090911865,0.0,0.0,campuran,33,True,True,False,0.0,False
a7c42fea8d20,3e280a4db698,99478340.0,99478340.0,936.0852,1178.6122,0.6807528138160706,3.4109017848968506,0.5641012787818909,0.9919498562812805,campuran,28,True,True,False,0.006364564353134483,False
bf665b601daf,b2815b76708a,58854870.0,489657570.0,98.96256,90.548386,0.8868781328201294,0.9970418214797974,0.0,0.0,airtanah,12,True,True,False,0.0,False
b4b2fbebfd82,e97ef5a14892,131789610.0,131789610.0,148.57281,154.38756,0.928280234336853,1.5731759071350098,0.0,0.0,airtanah,24,True,True,False,0.0,False
3407ec54be6a,299126866d6c,98349050.0,8418189000.0,958.76996,1013.993,0.5714501142501831,2.567051887512207,6.750690772605594e-06,0.0,campuran,3,True,True,False,4.697690314969805e-06,False
ff3d4c568a6a,d779896675bf,76587490.0,149225860.0,77.62951,73.08163,0.9458956718444824,2.227067708969116,0.0,0.0,airtanah,37,True,True,False,0.0,False
d626bada2e0c,6dd873a2f5ad,46426212.0,189277570.0,83.586205,76.30257,0.9688251614570618,2.6907784938812256,0.0,0.0,airtanah,12,True,True,False,0.0,False
0b7bd8e32d67,214d0ad7b17b,55347570.0,55347570.0,15.861951,13.811371,0.9974091649055481,2.834975481033325,0.0,0.0,airtanah,26,True,True,False,0.0,False
cd4ad3c7cbd2,bbfda831a8e0,133330430.0,133330430.0,77.58812,67.44111,0.2511723041534424,3.5243959426879883,0.0,0.0,campuran,55,True,True,False,0.0,False
b64ab4030af9,8826b03a0c1a,81581960.0,5074180600.0,401.84366,424.86694,0.556740403175354,1.9809043407440186,0.0,0.0,campuran,1,True,True,False,0.0,False
30fdeb81bb69,dfcb29e1cfdf,57077944.0,9155273000.0,22.418087,24.791391,0.03991032391786575,1.3322594165802002,0.0,0.0,campuran,33,True,True,False,0.0,False
a660467f7f91,a6864b88d728,90447790.0,351690880.0,706.17395,742.3712,0.9357142448425293,3.401561975479126,0.044456109404563904,0.9947298765182495,airtanah,5,True,True,False,0.0066849542781710625,False
a1eb8167a0be,8f6fd59a7eaa,92295800.0,92295800.0,90.946915,100.382385,0.903127908706665,2.1679389476776123,0.0,0.0,airtanah,25,True,True,False,0.0,False
dfc5b762d1e0,86d422b6c536,138575800.0,27944053000.0,122.933945,131.01746,0.3774960935115814,3.1954727172851562,0.001848234562203288,1.0,campuran,51,True,True,False,0.0,False
d242e6ad4e15,c019c4600f94,53406490.0,53406490.0,10.082688,8.604657,0.9539130330085754,0.5562507510185242,0.0,0.0,airtanah,19,True,True,False,0.0,False
a0c35b67b470,022edc2841f7,86171544.0,86171544.0,154.57947,119.32493,0.8492929339408875,1.4341744184494019,0.04678801819682121,1.0,airtanah,45,True,True,False,0.0,False
106cd17f93ff,01cf816b97f7,154750780.0,317466300.0,1673.0248,1651.613,0.42453163862228394,2.0287766456604004,0.0003260605735704303,0.0,campuran,32,True,True,False,7.999099761946127e-05,False
9922d68354ff,9568d0775696,152577760.0,152577760.0,20095.057,18488.684,0.13382349908351898,4.401829242706299,0.019039202481508255,0.0,kilat,49,True,True,False,0.0076549421064555645,False
21c22d7fa382,6fcb3069eb99,150550740.0,27811025000.0,173.74689,185.45079,0.3297584056854248,3.308913230895996,0.004885935224592686,1.0,campuran,51,True,True,False,0.0,False
e6a342f0d408,53b80685aec0,52792616.0,52792616.0,1.2436384,3.9742005,0.3054497539997101,2.820411205291748,0.0,0.0,campuran,56,True,True,False,0.0,False
46081c483950,699b6c241d91,62367172.0,62367172.0,12.94389,11.510672,0.8550662994384766,1.2738542556762695,0.0,0.0,airtanah,19,True,True,False,0.0,False
8e95dee3e66f,5134b9706d38,41927384.0,41927384.0,214.70633,208.40775,0.5809826850891113,2.036252498626709,0.0,0.0,campuran,6,True,True,False,0.0,False
8c55468e2b8b,8b50b8bb0dde,40445996.0,40445996.0,533.90076,508.14258,0.14994671940803528,3.237199068069458,0.0,0.0,campuran,7,True,True,False,0.0,False
baa9293bd3d2,7272873c3ee7,167605260.0,691968000.0,4291.9834,3615.0713,0.5674400329589844,2.9643046855926514,0.0,0.0,campuran,44,True,True,False,0.0,False
72738ff6d31e,139d3e3c2ae6,109321440.0,1339220000.0,208.67355,170.13094,0.9985791444778442,1.0992075204849243,0.0017477540532127023,1.0,airtanah,45,True,True,False,0.0,False
7c885167eb49,fe6ad9695a84,99760960.0,99760960.0,121.256096,125.63477,0.7658303380012512,3.6246933937072754,0.0,0.0,airtanah,22,True,True,False,0.0,False
4b74e9d2790c,504dbbadd3f3,135645620.0,135645620.0,375.59512,475.66693,0.9613716006278992,0.4706798791885376,0.0,0.0,airtanah,19,True,True,False,0.0,False
48c585608a81,435516d8774e,92568950.0,92568950.0,325.23587,402.62833,0.7891804575920105,1.7896597385406494,0.0,0.0,airtanah,30,True,True,False,0.0,False
c8c5c63483fb,6f089e780242,127021840.0,127021840.0,258.00006,273.6793,0.34854215383529663,2.9990651607513428,0.0018936695996671915,0.0,campuran,17,True,True,False,0.001037662848830223,False
0fec63bf2642,0107be330d6d,54786804.0,54786804.0,10.856324,9.858822,0.9543938636779785,0.4692091643810272,0.0,0.0,airtanah,19,True,True,False,0.0,False
30acc4d3d99a,3ade6e94c0f7,102264780.0,102264780.0,39.780746,41.619823,0.9978833794593811,0.3533639907836914,0.0,0.0,airtanah,8,True,True,False,0.0,False
5c71a45f6178,435414ea3828,89434104.0,412590460.0,579.37836,633.7037,0.6976326704025269,1.7265865802764893,0.0,0.0,airtanah,30,True,True,False,0.0,False
7db902da3ed7,da93d0f5cd31,70946500.0,70946500.0,89.0783,109.183136,0.7737550139427185,3.3550469875335693,0.0,0.0,airtanah,51,True,True,False,0.0,False
65a307dabd9d,17ea8292bcdf,62704012.0,427194900.0,366.34973,413.2366,0.939659595489502,3.1178455352783203,0.01893536187708378,1.0,airtanah,31,True,True,False,0.009607492946088314,False
433bb1ec785e,b65e571dafef,160632290.0,225579230.0,30721.676,28189.15,0.6527870297431946,2.077643871307373,0.3383293151855469,0.44249483942985535,airtanah,0,True,True,False,0.40183931589126587,True
cfe4674557a5,9815c0792082,64340756.0,282873340.0,103.661766,127.99669,0.4539796710014343,2.748774290084839,0.0,0.0,campuran,12,True,True,False,0.0,False
8105cb533f0b,33771d15adb1,26781792.0,26781792.0,272.6409,259.06213,0.22417794167995453,2.6548337936401367,0.0,0.0,campuran,7,True,True,False,0.0,False
728db0eb7d00,1b52a2a91bc9,45954144.0,45954144.0,123.070984,150.50322,0.325188010931015,2.7527852058410645,0.0,0.0,campuran,1,True,True,False,0.0,False
85338fb15280,3c833d6c7f4d,83269250.0,225311340.0,43826.94,43243.145,0.7226560711860657,2.7668910026550293,0.9019270539283752,0.48308417201042175,airtanah,22,True,True,False,1.0038651525974274,True
faa34cfeb657,f796c91cdaf2,131747770.0,599999600.0,598.71704,578.42334,0.5319545865058899,3.3907663822174072,0.17937253415584564,1.0,campuran,28,True,True,False,0.0,False
a4fb4956aaac,bd301ef522ed,62370530.0,62370530.0,572.7471,560.44977,0.11103954911231995,4.9058613777160645,0.0,0.0,kilat,18,True,True,False,0.0,False
ba5b53248370,ee160fa3144b,80985240.0,80985240.0,92.031296,84.734436,0.9762647151947021,0.7571228742599487,0.0,0.0,airtanah,36,True,True,False,0.0,False
2cdd6f82726b,36901ab25397,89524430.0,89524430.0,1641.4839,1837.231,0.952447772026062,2.2695553302764893,0.04479467123746872,0.9413924217224121,airtanah,5,True,True,False,0.008602778892964125,False
9fc63ca41e03,91f73d5b29fe,109888330.0,109888330.0,1753.2461,1324.3279,0.897064208984375,1.683949589729309,0.026851549744606018,0.03978060185909271,airtanah,57,True,True,False,0.033066476695239544,False
0afddc712a0b,4fa2fcbbebf5,81061250.0,161743940.0,820.9132,711.3301,0.6433258652687073,1.9498655796051025,0.006939196027815342,0.0,airtanah,17,True,True,False,0.00561471632681787,False
91f73d5b29fe,4df962b58cb1,134336740.0,240743090.0,,17587.826,0.9983099699020386,1.1560442447662354,0.3842833638191223,0.3824242949485779,airtanah,57,True,True,False,0.2878030091524124,False
7727d9d4f3c5,1c1004ecea58,12429337.0,12429337.0,249.35553,265.96082,0.5497128963470459,2.4888062477111816,0.0,0.0,campuran,44,True,True,False,0.0,False
a40ba9fcffe9,3fd857f444ba,53314012.0,53314012.0,1139.4514,1183.7041,0.6502102017402649,2.661116600036621,0.0030998687725514174,0.0,airtanah,14,True,True,False,0.0032449223799631,False
7b2f76bb123c,777cf283b68c,59683010.0,59683010.0,10.329565,10.573101,0.49542468786239624,1.015507698059082,0.0,0.0,airtanah,29,True,True,False,0.0,False
aff9db35eb85,60567fa30810,29489590.0,29489590.0,384.95346,386.4441,0.6266462206840515,1.23002290725708,0.0007297222036868334,0.0,airtanah,34,True,True,False,0.00042267178650945425,False
7bef9996841c,8349f1c6ec86,17464766.0,17464766.0,137.0695,169.062,0.9748165011405945,2.430016040802002,0.05844242870807648,1.0,airtanah,5,True,True,False,0.0,False
ed1940e242bb,eeedfa0409be,64434108.0,170645810.0,473.9276,429.76416,0.24567434191703796,3.261305332183838,0.0,0.0,campuran,48,True,True,False,0.0,False
36901ab25397,3965fe131614,48208052.0,288582750.0,1440.1396,1391.8231,0.983063280582428,2.235954523086548,0.02249269001185894,0.6106557846069336,airtanah,5,True,True,False,0.0052969371899962425,False
022edc2841f7,72738ff6d31e,92300540.0,890964400.0,202.50165,172.86002,0.9234490990638733,1.159345269203186,0.0026653155218809843,1.0,airtanah,45,True,True,False,0.0,False
ce9531685c6f,7b625c4cf25a,101365600.0,101365600.0,111.27043,100.119316,0.26651665568351746,3.6491308212280273,0.0,0.0,campuran,42,True,True,False,0.0,False
d09b39c1407a,141b09453a01,66436904.0,66436904.0,116.77801,92.41206,0.9592471122741699,2.6355791091918945,0.09383374452590942,1.0,airtanah,14,True,True,False,0.0019891519332304597,False
0f7a3e0435d9,01cf816b97f7,170348620.0,739930300.0,1486.6636,1588.6996,0.544974684715271,2.0116496086120605,6.003413363941945e-05,0.0,campuran,32,True,True,False,1.3427772501017898e-05,False
fd11956e5e42,4fce1637d9a1,51420884.0,51420884.0,43377.3,40553.37,0.020369920879602432,4.373559474945068,0.06669523566961288,0.00010782490426208824,kilat,14,True,True,False,0.32252058386802673,True
737079498fcf,OUTLET,103544376.0,153335940.0,13.69201,17.181309,0.8156991004943848,1.2288918495178223,0.0,0.0,airtanah,58,True,True,False,0.0,False
563767456d32,313a2ddba11d,126751630.0,457866000.0,136.24646,149.83641,0.9230233430862427,0.6983100175857544,0.0,0.0,airtanah,36,True,True,False,0.0,False
d7f66d0911b2,7db42a1014a4,54738400.0,122312810.0,1561.6725,1749.4059,0.49213236570358276,2.1670596599578857,0.0,0.0,campuran,13,True,True,False,0.0,False
1532dcb95848,71b01339374a,53591892.0,102569590.0,20.650854,20.493992,0.3337401747703552,2.4958572387695312,0.0,0.0,campuran,33,True,True,False,0.0,False
8eafd800060a,7d703ce40f9b,104135390.0,187509520.0,79.74626,79.04797,0.27641260623931885,4.9952802658081055,4.233707427978516,1.0,irigasi,40,True,True,False,10.844953536987305,True
1462d02a6722,dd80fe4d3e57,48519780.0,48519780.0,22.714537,21.738878,0.8696798086166382,0.7657498717308044,0.0,0.0,airtanah,10,True,True,False,0.0,False
173b2a76f078,786d19126e68,128524190.0,585426400.0,1071.6959,1127.7194,0.8069131970405579,1.2784626483917236,0.004774685017764568,0.0,airtanah,30,True,True,False,0.003441610897425562,False
c8aab689aa07,d2f20d09a6b5,106342880.0,203505500.0,39.682,49.322353,0.5795319080352783,0.6591016054153442,0.0,0.0,airtanah,8,True,True,False,0.0,False
f2d4d1131eac,b8a9d6a2c82d,140196910.0,3901170400.0,6423.526,6488.569,0.5231459140777588,0.9927152395248413,0.08477793633937836,0.0,airtanah,12,True,True,False,0.08923148363828659,False
2ddf71617930,8580bb5cae2b,105798590.0,105798590.0,29.741096,29.557335,0.9702637791633606,3.537914991378784,0.0,0.0,airtanah,26,True,True,False,0.0,False
c91faba60b1a,3c53eca0500c,35061308.0,35061308.0,275.50052,391.67126,0.7336743474006653,3.674417018890381,0.5551066994667053,0.9764269590377808,airtanah,1,True,True,False,0.009897547774016857,False
ed8f632eb3fb,fe091127c7e6,35762090.0,35762090.0,1002.19135,944.194,0.284490168094635,2.6359028816223145,0.0,0.0,campuran,7,True,True,False,0.0,False
6ac930da5750,3acecacbdd1b,127997840.0,465435000.0,1387.7312,1189.1779,0.8944631218910217,3.227893829345703,0.05156378820538521,0.9998583793640137,airtanah,5,True,True,False,0.004778501249575129,False
6bf0fdd27bcf,863c2b5ac368,6034245000.0,31518573000.0,109.971886,123.45029,0.3810620903968811,3.0830941200256348,0.0,0.0,campuran,51,True,True,False,0.0,False
b8a9d6a2c82d,5740debdb629,98578770.0,3828076300.0,141.68198,130.47418,0.3587641716003418,1.0268807411193848,0.0,0.0,campuran,12,True,True,False,0.0,False
f7b2a1564bba,40d12a09d851,75056010.0,75056010.0,2156.9583,2293.6465,0.4247385263442993,2.334744691848755,0.0005576559342443943,0.0,campuran,6,True,True,False,0.0004054798191646114,False
f199bf4f9458,1ea34061ab3f,61272700.0,1818627600.0,532.00977,537.8737,0.4976237416267395,3.1382222175598145,0.025241294875741005,0.9804689288139343,campuran,28,True,True,False,0.000264831272943411,False
fc5b19f7fa49,3e500ca98561,62298470.0,62298470.0,3229.1062,3181.6443,0.6785496473312378,2.7151849269866943,0.0,0.0,airtanah,48,True,True,False,0.0,False
d83e401a6ef6,832f6a126c06,167499650.0,,3470.7769,3934.3833,0.5901111960411072,2.5566864013671875,0.004149178974330425,0.0,campuran,34,True,True,False,0.007038457377348095,False
5e9ff218aa1a,87d26c23cb57,120635330.0,120635330.0,374.66214,365.3867,0.9841415882110596,1.2343003749847412,0.0,0.0,airtanah,36,True,True,False,0.0,False
c64b65750102,2a15375f28b1,,628062200.0,552.9276,538.8681,0.8318356275558472,2.224031925201416,1.7292561531066895,0.9683167934417725,airtanah,38,True,True,False,0.40831323713064194,True
56a7d4535a32,edc650785a3c,79702990.0,151294000.0,641.6847,700.48413,0.22791726887226105,4.752007484436035,0.0,0.0,kilat,1,True,True,False,0.0,False
95f3802d5934,beb001937ec0,39091780.0,2736951000.0,76.98723,77.06646,0.0,2.1220226287841797,5.247261287877336e-05,1.0,campuran,25,True,True,False,0.0,False
2796507d22d9,2d033651320d,46121340.0,46121340.0,599.9792,572.2239,0.7547117471694946,4.366399765014648,0.0,0.0,kilat,18,True,True,False,0.0,False
62aabd474e1d,15fcd26ecb19,54460900.0,54460900.0,1021.2323,994.7536,0.5563243627548218,1.3936444520950317,0.0,0.0,airtanah,39,True,True,False,0.0,False
98a314096fbd,fbe59261369b,78311200.0,78311200.0,59.055542,64.8785,0.12534424662590027,4.889690399169922,0.0,0.0,kilat,37,True,True,False,0.0,False
b5ffa59da84c,bd881caa9052,145025780.0,145025780.0,300.54834,305.40485,0.6756877899169922,2.314866542816162,0.22648385167121887,0.9290937781333923,airtanah,24,True,True,False,0.03608423098921776,False
c48ba405a3bb,b5446e5d2839,82057330.0,82057330.0,106.36004,87.018585,0.6740535497665405,1.571932315826416,0.0,0.0,airtanah,31,True,True,False,0.0,False
dcd6d3f487b1,23431f777a6d,71257780.0,10270022000.0,26.23036,29.008017,0.03485991805791855,1.2519794702529907,0.0,0.0,campuran,33,True,True,False,0.0,False
1b282bc7394e,5800572225cd,63459576.0,100520560.0,25.730223,26.353838,0.9693130254745483,3.5178802013397217,0.0,0.0,airtanah,26,True,True,False,0.0,False
5f0b6f3cf6d6,1cebb11ca830,66974068.0,66974068.0,147.59319,166.20241,0.9498575925827026,2.417339324951172,0.0,0.0,airtanah,3,True,True,False,0.0,False
8ef3e8db49e1,e3702141514e,98777480.0,1414878300.0,971.4033,1024.6592,0.45158132910728455,2.27876615524292,0.0026381751522421837,0.0,campuran,37,True,True,False,0.0035315429558977485,False
533e23df857c,36314ad481a5,96457770.0,1132213000.0,,284.8124,0.8140436410903931,1.5041320323944092,0.0,0.0,airtanah,25,True,True,False,0.0,False
36afa5917900,4e1157f9eba2,163031870.0,1386718800.0,1204.6566,1099.7734,0.595998227596283,2.9857709407806396,0.06704405695199966,0.9923304319381714,campuran,28,True,True,False,0.000685281956975814,False
fb451a7b873d,521327fd2b10,63180276.0,63180276.0,29.753609,38.795753,0.9949997663497925,1.8190723657608032,0.0,0.0,airtanah,2,True,True,False,0.0,False
385d78a902f8,068eca49332e,81441430.0,28176660000.0,44131.973,41133.543,0.6208124756813049,1.8281426429748535,0.0012181062484160066,0.0,airtanah,48,True,True,False,0.00104277663922403,False
a314ef6ca7db,f4973cd7f4f1,87561830.0,87561830.0,24.264633,19.833305,0.5427103042602539,2.4703876972198486,0.0,0.0,campuran,8,True,True,False,0.0,False
317032675e06,1d49c9eaaebb,43735220.0,43735220.0,150.37054,122.7219,0.6190947890281677,2.302441120147705,0.0,0.0,airtanah,17,True,True,False,0.0,False
c42f355deb84,76befe89979b,51840116.0,1807423500.0,32092.965,-9999.0,0.3671303391456604,1.9484660625457764,0.01371787115931511,0.0,campuran,32,True,True,False,0.0029563114512711763,False
099b13414d2c,6988c485553e,131824420.0,485983600.0,206.33154,200.35622,0.22219905257225037,2.5935001373291016,1.8585976362228394,0.9412044286727905,irigasi,40,True,True,False,0.7002878189086914,True
89692b0f4bc3,82f074604f65,43488980.0,43488980.0,65.36028,60.85141,0.7626609802246094,1.4868285655975342,0.0,0.0,airtanah,17,True,True,False,0.0,False
17fd111ba6eb,339a6635dab8,68261550.0,68261550.0,13.406309,11.968596,0.9923879504203796,0.4103604555130005,0.0,0.0,airtanah,19,True,True,False,0.0,False
0207700f6643,8630181bd794,69211290.0,69211290.0,86.634254,92.30754,0.04983360320329666,6.001287460327148,0.08034661412239075,0.0,kilat,37,True,True,False,6.1321210861206055,True
f3a63d614265,9fe9b9d5524f,132519830.0,132519830.0,1455.163,1543.5869,0.8699715733528137,1.8151322603225708,0.0,0.0,airtanah,30,True,True,False,0.0,False
e7766b940609,3abfd63e450a,34564970.0,121727464.0,75.10787,90.00718,0.11450639367103577,3.4616527557373047,0.10154571384191513,0.9525827169418335,campuran,28,True,True,False,0.014082700596190989,False
1d43af5f2acd,33458df0ebe5,91543460.0,91543460.0,15313.993,16651.756,0.6853687763214111,1.7395695447921753,0.16513721644878387,0.0,airtanah,14,True,True,False,0.2408718392252922,False
3c833d6c7f4d,09443c9cb786,145307300.0,1339676000.0,5993.144,5710.4907,0.8164795637130737,2.402094841003418,0.7102264165878296,0.9911385774612427,airtanah,22,True,True,False,0.5364644825458527,True
51c46be2ba56,36901ab25397,162576880.0,162576880.0,2225.8833,2239.994,0.9338288903236389,2.347676992416382,0.03138544037938118,0.9752193689346313,airtanah,5,True,True,False,0.008584583090851083,False
9f33790ef750,1b12cfd12d13,40248136.0,,6.3328447,6.33834,0.009089775383472443,6.5308098793029785,4.784418106079102,0.9526171684265137,irigasi,23,True,True,False,2845.3046646118164,True
468d65a91d5c,4e4a77962bee,20066862.0,183567310.0,,34.387337,0.8281738758087158,3.2795729637145996,0.044555168598890305,1.0,airtanah,26,True,True,False,0.0,False
5b4ae1bf5c46,07970b0ba1c5,53624020.0,2564679000.0,759.38727,778.0779,0.16609448194503784,2.1030631065368652,1.11244730760518e-07,1.0,campuran,6,True,True,False,0.0,False
bf19be3f5d7a,ed1940e242bb,110744340.0,110744340.0,,1066.7231,0.3538265824317932,3.2295103073120117,0.0,0.0,campuran,48,True,True,False,0.0,False
0f314273cb60,d68846d2302c,81042104.0,3376330500.0,,263.01465,0.23289161920547485,1.9439176321029663,0.16081419587135315,1.0,campuran,2,True,True,False,0.0,False
d3bedef7e7e2,dfcb29e1cfdf,52877348.0,52877348.0,20.265463,23.51158,0.15264078974723816,3.4364569187164307,0.0,0.0,campuran,33,True,True,False,0.0,False
13bef78c9667,46c2dd5634b3,89722110.0,439708100000.0,1021.2366,1117.344,0.3560183644294739,1.9455792903900146,3.405263851163909e-05,0.0,campuran,23,True,True,False,4.463168443180621e-05,False
f38f778b0cba,a81dd850e44f,,519958660.0,16.173147,14.797301,0.8289982080459595,1.4409514665603638,0.0,0.0,airtanah,19,True,True,False,0.0,False
3c09d92fc00a,16c3aa694366,94867810.0,145614080.0,16.466568,14.679844,0.9779613018035889,0.7145452499389648,0.0,0.0,airtanah,19,True,True,False,0.0,False
fa9fbee9aca7,58ccc87ecc27,70400220.0,70400220.0,12.841883,10.534124,0.6225350499153137,2.70892596244812,0.0,0.0,campuran,55,True,True,False,0.0,False
bbfc737bf235,a25c419b8d28,60072296.0,60072296.0,289.65808,244.77344,0.9924640655517578,2.7095816135406494,0.0008411430171690881,1.0,airtanah,14,True,True,False,0.00051624103798531,False
4c75fd9d6350,OUTLET,23228550.0,23228550.0,40.43509,38.43152,1.0,1.5840444564819336,0.0,0.0,airtanah,59,True,True,False,0.0,False
decd1d8173c9,de7d2f9b7701,,3434995700.0,-133.93518,159.99005,0.6602332592010498,1.937736988067627,0.0,0.0,airtanah,1,True,True,False,0.0,False
dd0061f067b1,6e24eb9e545e,81458320.0,81458320.0,15.416628,14.556481,0.918232798576355,0.7913070917129517,0.0,0.0,airtanah,19,True,True,False,0.0,False
4e121343c85b,e71c3f706456,62639788.0,62639788.0,7.748444,8.306316,0.9378671050071716,1.3154070377349854,0.0,0.0,airtanah,60,True,True,False,0.0,False
d5e281ffb251,c6ebe9de64d0,56075576.0,56075576.0,1641.1478,1616.0382,0.4861496388912201,1.7431507110595703,0.0,0.0,campuran,39,True,True,False,0.0,False
1cebb11ca830,73e300d04f44,64981300.0,334266560.0,404.87418,437.62915,0.9669974446296692,2.5291643142700195,0.0,0.0,airtanah,3,True,True,False,0.0,False
9884437b126f,7272873c3ee7,68456910.0,68456910.0,2110.4028,2252.2593,0.32937324047088623,3.048340320587158,0.0070474594831466675,0.0,campuran,44,True,True,False,0.0043194470927119255,False
5b2053520748,cf1093ace989,104700744.0,211976960.0,1298.9023,,0.7887320518493652,2.978074312210083,0.0,0.0,airtanah,48,True,True,False,0.0,False
98e5f4a4d89b,c16b97b222be,88198504.0,88198504.0,128.24564,118.01552,0.5731696486473083,2.492048740386963,0.0,0.0,campuran,24,True,True,False,0.0,False
ec1c5fb3ffa8,2d2806c3d6e2,170913230.0,1353540600.0,28.707577,32.401047,0.8484214544296265,1.7347949743270874,0.0,0.0,airtanah,19,True,True,False,0.0,False
848b75a3df33,020943439951,88427260.0,88427260.0,176.04501,158.29642,0.1536899358034134,4.133754730224609,0.0,0.0,kilat,55,True,True,False,0.0,False
ebbaee8fdddb,30c04a583676,127339176.0,246762610.0,1696.1152,,0.6540936231613159,1.7308847904205322,0.0,0.0,airtanah,30,True,True,False,0.0,False
390f41993ca2,dfcb29e1cfdf,38258320.0,152152400.0,16.646147,17.809649,0.09957406669855118,2.9600558280944824,0.0,0.0,campuran,33,True,True,False,0.0,False
ab8dd8480d1d,bee303c4a151,123408136.0,123408136.0,129.2543,136.35725,0.6706930994987488,2.235459566116333,0.015210919082164764,0.0,airtanah,24,True,True,False,0.011875401134602726,False
8cdef408f2f6,a835bfdb0aa9,138843500.0,302344540.0,11668.436,12354.738,0.15409798920154572,2.605992078781128,0.7521966099739075,0.0,campuran,25,True,True,False,1.8422596454620361,True
2edd73694832,OUTLET,,145986620.0,7.9704704,10.03027,1.0,3.222001075744629,0.0,0.0,airtanah,61,True,True,False,0.0,False
33fbf67bea88,02112cbc0214,48003030.0,277178800.0,326.39893,250.7428,0.5248810648918152,2.3628244400024414,0.0,0.0,campuran,32,True,True,False,0.0,False
49077eeae188,b4d2e31928ef,106048450.0,1470448600.0,5343.398,4406.8374,0.4412845969200134,1.6006832122802734,0.0026803906075656414,0.9721925258636475,campuran,13,True,True,False,3.131684206891805e-05,False
0c21091c8f28,8bde53c9378f,96607784.0,96607784.0,96.588295,92.84586,0.4052053689956665,3.4251296520233154,0.0,0.0,campuran,37,True,True,False,0.0,False
07e5e673b67d,299126866d6c,55793212.0,155878220.0,447.1979,560.4346,0.7225221991539001,1.7448136806488037,0.0,0.0,airtanah,3,True,True,False,0.0,False
10962230d713,4da162013ddb,124510430.0,124510430.0,1.4535106,1.5029277,0.9263391494750977,2.794578790664673,0.0,0.0,airtanah,51,True,True,False,0.0,False
30f8d403d7ae,57b95d8e52e0,56681732.0,56681732.0,446.89536,450.2784,0.6263635158538818,2.2921102046966553,0.0,0.0,airtanah,32,True,True,False,0.0,False
2c3d49322fe1,e2270725f65f,177423950.0,177423950.0,1921.5203,,0.7115079164505005,3.6403567790985107,0.0027226724196225405,0.0,campuran,44,True,True,False,0.0018756149511318654,False
927ddb8d1111,2884eaea6442,104690690.0,104690690.0,258.3299,291.60718,0.9139879941940308,2.5646634101867676,0.0,0.0,airtanah,3,True,True,False,0.0,False
d03672c0fd52,8cdef408f2f6,94491496.0,94491496.0,3303.72,3402.5042,0.27922749519348145,3.5506680011749268,2.457507371902466,0.0,irigasi,25,True,True,False,6.494738578796387,True
0a3aa3dcbabf,4ab2865819f4,137419970.0,137419970.0,44.397938,40.811234,0.9402024745941162,0.6530559062957764,0.0,0.0,airtanah,19,True,True,False,0.0,False
0e7f5d76998e,a0fce84c175a,88190170.0,88190170.0,222.3191,242.74776,0.3910432457923889,3.238046407699585,0.0,0.0,campuran,25,True,True,False,0.0,False
5f218087ff3b,695cbc71ee7f,75293750.0,75293750.0,85.867935,86.23895,0.9898942708969116,0.7243860960006714,0.0,0.0,airtanah,36,True,True,False,0.0,False
3e280a4db698,ddeccd04931e,162297630.0,334859970.0,1204.7462,1259.8469,0.6358209848403931,3.403597831726074,0.2979393005371094,1.0,campuran,28,True,True,False,0.0,False
2bed765667d1,a8a225bd0aab,76828584.0,76828584.0,371.9485,326.52124,0.6225038170814514,3.6144540309906006,3.6681885831058025e-05,0.0,campuran,5,True,True,False,0.0003898206341546029,False
8111ff8d2a29,a81dd850e44f,54860292.0,54860292.0,10.093473,9.602566,0.6307776570320129,2.166994333267212,0.0,0.0,airtanah,19,True,True,False,0.0,False
1de9cf2ead94,8fe3b7a6705a,134979070.0,729009800.0,50.178707,37.81499,0.7834392189979553,0.8385837078094482,0.0,0.0,airtanah,23,True,True,False,0.0,False
af5c4a96921f,e02385a857c0,89774936.0,89774936.0,91.621315,97.53071,0.0964677482843399,4.490488529205322,0.0,0.0,kilat,37,True,True,False,0.0,False
896292a6f6a9,2ba52251573b,106278810.0,2615362300.0,20.403587,17.968151,0.9104246497154236,1.8342523574829102,0.0,0.0,airtanah,29,True,True,False,0.0,False
d85956662456,650a6d937063,98951390.0,304602000.0,12860.505,12332.696,0.49318405985832214,1.8415887355804443,0.008201784454286098,0.0,campuran,39,True,True,False,0.008399310754612088,False
06d71d0573a9,0e2fac3867be,51740840.0,51740840.0,59.91347,53.20769,0.9628609418869019,1.5227657556533813,0.0,0.0,airtanah,24,True,True,False,0.0,False
f53b5f0354a1,OUTLET,66301310.0,15912500000.0,107.8807,108.29782,0.2023615688085556,2.047487258911133,0.010912315919995308,1.0,campuran,31,True,True,False,0.00301128881983459,False
3fd857f444ba,OUTLET,376068320.0,10389300000.0,4666.9688,4944.786,0.43598687648773193,1.9458508491516113,1.6441568732261658e-05,0.0,campuran,14,True,True,False,1.7933624803845305e-05,False
33878f323cdf,a205449ab768,63965640.0,1918969200.0,45.768658,54.122303,0.28602170944213867,3.0983080863952637,0.0,0.0,campuran,37,True,True,False,0.0,False
0dbebba47764,a2ae14e0860d,103046090.0,5912207000.0,2808.6653,2724.2224,0.6944820880889893,2.071302890777588,0.00011726192315109074,1.0,airtanah,14,True,True,False,1.3259987554192776e-05,False
72d96a314267,bbfda831a8e0,60837188.0,60837188.0,33.436676,30.66804,0.2119101583957672,3.3897557258605957,0.0,0.0,campuran,55,True,True,False,0.0,False
9385d88deaa4,fb955f2203a5,119752370.0,1532330000.0,1827.7535,1997.8539,0.5476938486099243,3.175995349884033,0.03974563255906105,1.0,campuran,28,True,True,False,0.0,False
b22624c9b051,de7d2f9b7701,110014190.0,110014190.0,180.99542,202.12125,0.6516185998916626,2.325824022293091,0.0,0.0,airtanah,1,True,True,False,0.0,False
2f4b592a4076,89e11cbe5d98,52400340.0,52400340.0,615.73615,624.53436,0.07138355076313019,4.270592212677002,0.07872539758682251,0.7178294062614441,kilat,31,True,True,False,0.9810817688703537,True
e1b8deea1a67,2e3112806c0e,60466884.0,60466884.0,1033.0525,844.4453,0.07332426309585571,5.53486442565918,0.003808834357187152,0.0,kilat,18,True,True,False,0.018042788142338395,False
250c9f683d83,544dbba5ae2e,69116740.0,69116740.0,939.1555,944.3209,0.12479359656572342,2.5316824913024902,0.0018094740808010101,0.12938544154167175,campuran,6,True,True,False,0.0009309813613072038,False
15688495f68e,f5e2c776252d,86374584.0,285712060.0,164.69212,187.09587,0.7270052433013916,1.5894184112548828,0.0010952024022117257,0.0,airtanah,1,True,True,False,0.0004527381679508835,False
e981d1be358a,OUTLET,136739460.0,136739460.0,832.07245,1025.9119,0.7807166576385498,1.6635446548461914,0.0029566094744950533,0.0,airtanah,62,True,True,False,0.0045922157587483525,False
dedea77af013,1f9610daa531,122638300.0,122638300.0,14127.897,13637.577,0.7490130066871643,1.8805100917816162,0.02834477648139,0.011060992255806923,airtanah,14,True,True,False,0.03855666983872652,False
b60124658994,f2c066646b14,73107480.0,161899940.0,107.62998,101.72392,0.6844390630722046,2.0239694118499756,0.0,0.0,airtanah,12,True,True,False,0.0,False
30c04a583676,5c71a45f6178,110500520.0,336227330.0,617.24445,820.1073,0.7535415887832642,1.555772066116333,0.0,0.0,airtanah,30,True,True,False,0.0,False
64a103953a8d,89b63840be75,111297090.0,111297090.0,116.602234,103.73537,0.1881953626871109,3.3111624717712402,0.38606128096580505,0.008257291279733181,campuran,37,True,True,False,36.719390869140625,True
bb3c70cc272b,657cc76a822f,57669388.0,,7.4525614,4.639893,0.7077297568321228,2.0440845489501953,0.2827457785606384,1.0,airtanah,23,True,True,False,0.3591304123401642,True
666942d07d36,b7311bfe9589,80531940.0,661293250.0,10390.838,11279.18,0.5930798053741455,5.28803825378418,0.007057005539536476,0.0,kilat,47,True,True,False,0.040227599907666445,False
ce707349dc72,17f91cd06fff,61380456.0,758818900.0,192.99533,204.96913,0.798335075378418,1.9111769199371338,0.016377974301576614,0.508602499961853,airtanah,41,True,True,False,0.013233662117272615,False
16b57e168efd,214d0ad7b17b,47695828.0,47695828.0,11.847088,13.502326,0.9986163377761841,2.660344362258911,0.0,0.0,airtanah,26,True,True,False,0.0,False
c9fd839a8c24,3b0a74d34b96,72117300.0,72117300.0,38.547726,48.213394,0.9864955544471741,2.9901018142700195,0.0,0.0,airtanah,53,True,True,False,0.0,False
4da00ce5aa01,512ceb2c1eb4,57252384.0,57252384.0,20.484444,21.51475,0.9973263740539551,3.3243587017059326,0.0,0.0,airtanah,26,True,True,False,0.0,False
c50c561f3ad8,2735223193f0,91799250.0,91799250.0,24.790539,25.353987,0.9735782146453857,2.1613311767578125,0.0,0.0,airtanah,8,True,True,False,0.0,False
4beb05a07dff,OUTLET,141198190.0,146442100000.0,2414.1387,2358.0293,0.7081143260002136,1.9030253887176514,0.003851959714666009,0.9820452928543091,airtanah,9,True,True,False,0.0012728867586702108,False
4e1157f9eba2,cfad2dcb3d0f,95597144.0,3864200000.0,7900.081,7509.4585,0.37354204058647156,3.070091485977173,0.019385425373911858,0.8407016396522522,campuran,28,True,True,False,0.04735301015898585,False
76a474c026da,021913e1b3fd,90473896.0,90473896.0,219.3698,183.70418,0.7288417816162109,2.711484909057617,0.414686381816864,1.0,airtanah,28,True,True,False,0.0004240007547196001,False
d411bc5bd169,06b3451cedd1,94013870.0,247880380.0,1815.9722,1939.3955,0.6347052454948425,4.5612993240356445,0.24323387444019318,0.9674599766731262,kilat,28,True,True,False,0.005417609587311745,False
3d4269e624e2,4553f896833a,76551816.0,76551816.0,24.662336,27.729513,0.9996326565742493,2.164952278137207,0.0,0.0,airtanah,26,True,True,False,0.0,False
782a87cc8d26,495d07e68b47,91927930.0,91927930.0,12.394361,16.85716,0.8190799355506897,1.56444251537323,0.0,0.0,airtanah,19,True,True,False,0.0,False
89e11cbe5d98,0d4449d5b100,110770136.0,9224200000.0,11333.446,12546.943,0.44100043177604675,2.1513068675994873,0.008260423317551613,0.651195228099823,campuran,31,True,True,False,0.009035340044647455,False
39866bfa131d,c9cb085d8e67,152879250.0,530306370.0,35.292824,35.9147,0.7893749475479126,0.9587701559066772,0.0,0.0,airtanah,19,True,True,False,0.0,False
ed81aeb33144,ca7ad1969f49,93731750.0,404717440.0,93.75728,101.4666,0.3093617856502533,3.016092538833618,0.0,0.0,campuran,51,True,True,False,0.0,False
07c3af66e3dd,7ced1798d92a,75468730.0,75468730.0,706.0879,804.39417,0.02607044205069542,6.936321258544922,0.004728294443339109,0.0,kilat,18,True,True,False,0.08959424053318799,False
1d727c11b4a1,256471c7f4d7,95247980.0,328959300.0,217.84149,194.79951,0.9525800347328186,1.6000983715057373,0.0003415497194509953,0.0,airtanah,17,True,True,False,0.0001464222586946562,False
89df4793d4fb,4beb05a07dff,74583670.0,74583670.0,695.0676,704.07227,0.8778979182243347,1.2162095308303833,0.9463686347007751,1.0,airtanah,9,True,True,False,0.320431649684906,True
729834b23c0e,049713d533a1,71695380.0,71695380.0,11.954347,10.282967,0.9652590751647949,1.0272325277328491,0.40495070815086365,1.0,airtanah,29,True,True,False,0.0,False
c04a97030139,75a2224e0ba5,46003556.0,46003556.0,8.191759,7.648559,0.6966833472251892,2.241175651550293,0.0,0.0,airtanah,19,True,True,False,0.0,False
aaa086efd78f,9f041944e89e,143623920.0,477214570000.0,94.75209,114.93366,0.03802187740802765,1.9504141807556152,5.361956573324278e-05,1.0,campuran,23,True,True,False,2.1925588384874573e-06,False
e21ff29211bc,a80b9831258c,153442260.0,271821540.0,19.695858,12.294593,0.10716351121664047,3.0101842880249023,0.0,0.0,campuran,23,True,True,False,0.0,False
b71d0477f847,12ef4331aa14,76431090.0,6523963000.0,173.45319,191.37776,0.620201826095581,3.0949056148529053,0.002904323861002922,1.0,campuran,28,True,True,False,0.0,False
a7e696a0be6f,86dfdc132504,104340800.0,420468770.0,2998.0625,2683.0198,0.29132604598999023,3.8018198013305664,0.0,0.0,kilat,49,True,True,False,0.0,False
d5fa085e3e5f,a1686ff19d4a,76097020.0,76097020.0,27.606773,24.930275,0.9599024057388306,0.509808361530304,0.0,0.0,airtanah,8,True,True,False,0.0,False
140529565846,OUTLET,143941010.0,669119500.0,1126.2853,834.4893,0.9563841223716736,2.7477383613586426,0.11568678915500641,0.9241083264350891,airtanah,54,True,True,False,0.04269834980368614,False
31604ba55a98,8630181bd794,79608590.0,79608590.0,88.571304,110.35198,0.09331400692462921,5.865066051483154,0.0,0.0,kilat,37,True,True,False,0.0,False
2f5180e534a0,f7e5ba78b2cf,140281900.0,252244830.0,653.02716,879.31177,0.6251780986785889,1.8038504123687744,0.0008695261203683913,0.0,airtanah,3,True,True,False,0.0005428442964330316,False
43ec5f618abb,989f34813595,112516136.0,112516136.0,1272.642,1254.4419,0.7192692160606384,1.8390529155731201,0.0,0.0,airtanah,3,True,True,False,0.0,False
43bcaf8bcfa7,b65e571dafef,99794990.0,99794990.0,3567.924,3440.6848,0.764657735824585,1.703837275505066,0.46160179376602173,0.9292653799057007,airtanah,0,True,True,False,0.13385477056726813,False
2028ca0ebc37,fd15c3f95a91,76412480.0,249467870.0,940.765,755.48083,0.20205938816070557,4.020754337310791,0.09899774193763733,1.0,kilat,5,True,True,False,0.01452011032961309,False
9acd30c33db1,650a6d937063,101659980.0,101659980.0,3191.165,3249.737,0.5521366596221924,1.8974357843399048,0.005057064816355705,0.0,campuran,39,True,True,False,0.004614115925505757,False
dd66911cdfac,c3e78b997854,47033156.0,47033156.0,686.7514,691.84064,0.6358346939086914,2.0352234840393066,0.005144375376403332,0.9617656469345093,airtanah,6,True,True,False,9.381658310303465e-05,False
25928a238664,1804e155d046,66070240.0,277093540.0,727.14026,766.4999,0.5322204828262329,3.614081859588623,0.21842169761657715,0.9962312579154968,campuran,28,True,True,False,0.0003901118689100258,False
a597c110dccb,3c568abc0177,47670810.0,47670810.0,264.2755,268.77792,0.6618062853813171,3.532909870147705,0.36424607038497925,0.9756760597229004,campuran,28,True,True,False,0.0014364677481353283,False
c804f99923ff,3342c4c3c66a,40942570.0,1568575900.0,79.607155,70.152,0.9872328639030457,1.0346603393554688,0.07636073231697083,1.0,airtanah,45,True,True,False,0.0,False
ed05614dabdb,f9e6cc6a0698,128640400.0,303598400.0,159.15387,5487.0312,0.16879771649837494,2.920536756515503,0.0,0.0,campuran,16,True,True,False,0.0,False
7063689730e2,OUTLET,24532318.0,72724520.0,5004.929,4785.0015,0.6864783763885498,5.052823066711426,0.20462322235107422,0.0,kilat,63,True,True,False,0.13634725473821163,False
e7cf57f7e2ed,a3f24372f7a7,42901788.0,390355170.0,481.03903,466.2315,0.8989599943161011,4.34019136428833,0.0,0.0,airtanah,18,True,True,False,0.0,False
431887948a8f,828fe71395b7,57926640.0,113345550.0,252.22467,273.20868,0.9959232211112976,2.0371391773223877,0.0,0.0,airtanah,25,True,True,False,0.0,False
020943439951,29c20e6a6ae0,126981410.0,375000580.0,67.66086,61.764362,0.15976770222187042,3.7927920818328857,0.0,0.0,kilat,55,True,True,False,0.0,False
a8330517697d,5d602098afa3,106919400.0,3487033300.0,24.738262,28.920364,0.9193165302276611,1.350370168685913,0.0,0.0,airtanah,19,True,True,False,0.0,False
da387e6ebf99,58375db64a6b,48614560.0,48614560.0,139.12968,169.16475,0.8875690698623657,1.8263673782348633,0.0,0.0,airtanah,16,True,True,False,0.0,False
85ba2d9c8c80,0991478602e4,116128850.0,314178050.0,111.57513,129.40137,0.9048366546630859,2.6484992504119873,0.0,0.0,airtanah,27,True,True,False,0.0,False
2dacb495cc13,c8c837b2f0af,66585784.0,3614912500.0,72.73914,78.96941,0.0761125311255455,2.6794068813323975,0.9585281610488892,1.0,campuran,40,True,True,False,0.32457852363586426,True
48e002176671,bbfda831a8e0,61795812.0,242069840.0,34.961407,31.28392,0.21741928160190582,3.2816519737243652,0.0,0.0,campuran,55,True,True,False,0.0,False
57b95d8e52e0,33fbf67bea88,145972220.0,207857580.0,832.3599,698.04724,0.5773207545280457,2.365018606185913,0.001995811238884926,0.0,campuran,32,True,True,False,0.0004023602232336998,False
148e0342ef4c,4e846aad91e6,60187104.0,60187104.0,19.93357,18.415436,0.8300544619560242,1.6210741996765137,0.0,0.0,airtanah,42,True,True,False,0.0,False
447a46375464,4edcd8106dac,51850080.0,51850080.0,587.45685,655.4706,0.49617546796798706,4.636699199676514,0.0,0.0,kilat,18,True,True,False,0.0,False
cdaf3ca12ce1,3407ec54be6a,37886284.0,37886284.0,780.1369,759.13477,0.5568113923072815,2.4460325241088867,0.0,0.0,campuran,3,True,True,False,0.0,False
b2815b76708a,85234a1fae86,122332960.0,698693060.0,175.8212,174.40546,0.46789371967315674,1.0590794086456299,0.0,0.0,campuran,12,True,True,False,0.0,False
f63ea45baca3,60567fa30810,99934590.0,825919800.0,1723.3965,1751.0605,0.7081583738327026,2.717000722885132,0.0,0.0,airtanah,34,True,True,False,0.0,False
057b48ac9b07,b65e571dafef,49384692.0,49384692.0,3816.3103,3402.3262,0.9116783142089844,1.326718807220459,1.7536461353302002,0.9855055212974548,airtanah,0,True,True,False,2.1677803993225098,True
9789c2de998c,0d4449d5b100,104712080.0,439628450.0,549.4142,564.1553,0.5304993391036987,2.9931488037109375,0.11879903823137283,1.0,campuran,31,True,True,False,0.035933539271354675,False
c1aa45bcf3fc,1c1004ecea58,95623030.0,218396000.0,1781.8107,1797.565,0.4675616919994354,2.7241101264953613,0.0,0.0,campuran,44,True,True,False,0.0,False
9485c4f63930,e8781e36d810,36823920.0,689422340.0,36.713154,35.501297,0.9647691249847412,2.4610869884490967,0.0,0.0,airtanah,51,True,True,False,0.0,False
911d03f2e183,20919e159dac,71553530.0,550119360.0,7610.1875,7126.454,0.6944683790206909,1.4759259223937988,0.000246895186137408,0.0,airtanah,39,True,True,False,0.0002562738736742176,False
d652f01109e0,f46dbcd0ffcf,20862990.0,173509700.0,52.846745,80.816,0.7768630981445312,1.947791337966919,0.0,0.0,airtanah,1,True,True,False,0.0,False
96ad85f78eb9,15688495f68e,73135050.0,135714620.0,210.91495,216.53691,0.7373867034912109,1.4972007274627686,0.0,0.0,airtanah,1,True,True,False,0.0,False
d3424dd3e778,7e49aee37a38,95533144.0,2446465300.0,47.625134,44.600952,0.9988687634468079,2.6329855918884277,1.0302930604666471e-05,1.0,airtanah,26,True,True,False,0.0,False
67c3f0044d62,e20c7108c6fc,37819732.0,37819732.0,80.012955,50.316833,0.9959139823913574,1.2029415369033813,0.0,0.0,airtanah,15,True,True,False,0.0,False
d7a68887de4b,OUTLET,97407256.0,669928600.0,85.102066,108.231155,0.988187313079834,1.7161297798156738,0.0,0.0,airtanah,53,True,True,False,0.0,False
ee160fa3144b,OUTLET,104619690.0,21111142000.0,9202.364,8157.186,0.7909496426582336,2.2205166816711426,0.000720102631021291,0.27327263355255127,airtanah,36,True,True,False,0.0010484352242201567,False
141b09453a01,9c5d41fc8b5e,64111676.0,-9999.0,216.56128,217.55438,0.9446730613708496,2.695507287979126,0.0007971448940224946,1.0,airtanah,14,True,True,False,0.0,False
a5a43760372c,4234523e5284,31190132.0,31190132.0,97.280975,94.38337,0.5679076313972473,1.6859136819839478,0.0,0.0,airtanah,16,True,True,False,0.0,False
9d1a8953eaf1,61b2f97e2f30,41767564.0,41767564.0,98.37338,87.87587,0.9688757658004761,0.868370771408081,0.0,0.0,airtanah,12,True,True,False,0.0,False
a0b9877af6b0,e5b128860b83,54305284.0,166874420.0,93.94254,114.9675,0.6825340986251831,3.0363850593566895,0.0,0.0,airtanah,50,True,True,False,0.0,False
01cf816b97f7,06bcd3733103,136937250.0,1127638300.0,1431.2168,1469.4941,0.47171875834465027,1.9774985313415527,0.0001686970645096153,0.0,campuran,32,True,True,False,3.5878640119335614e-05,False
087b69c4bb74,d7a68887de4b,114257010.0,666290100.0,87.41871,110.49067,0.9897051453590393,1.708842158317566,0.0,0.0,airtanah,53,True,True,False,0.0,False
bfc072c697f8,fd4d445580cf,128084700.0,202959340.0,705.92773,629.5429,0.49054935574531555,3.3727564811706543,0.2884346842765808,0.9979930520057678,campuran,28,True,True,False,8.881848771125078e-05,False
bfca34d6e7e2,7e8f1edfc15e,100900520.0,2749565400.0,102.83846,100.18185,0.2293766438961029,3.1519360542297363,0.0,0.0,campuran,37,True,True,False,0.0,False
26360d447134,74703b8501e4,70733120.0,165728400.0,3592.4612,3472.2974,0.432084858417511,5.224615573883057,1.1917214393615723,0.8352887034416199,kilat,25,True,True,False,1.7222613096237183,True
fd8d623016ad,b9e0c6c98caf,162632370.0,162632370.0,192.40768,259.9943,0.795474112033844,1.3252205848693848,0.0,0.0,airtanah,19,True,True,False,0.0,False
d77301a8a066,55a193271da3,98025020.0,200844180.0,52.037872,52.812553,0.8898398280143738,2.2007288932800293,0.0,0.0,airtanah,38,True,True,False,0.0,False
541f90408a8a,d7292601ddda,71927300.0,40300150000.0,57.677647,60.298252,0.15991704165935516,3.0136916637420654,0.0,0.0,campuran,51,True,True,False,0.0,False
459ea89bdde1,809668a06d29,62445108.0,341844800.0,221.68228,237.6373,0.689774751663208,2.175964832305908,0.0,0.0,airtanah,17,True,True,False,0.0,False
76270cb312a4,40d12a09d851,54383496.0,-9999.0,1548.3584,1542.8982,0.29688820242881775,2.0891847610473633,0.0014024244155734777,0.0,campuran,6,True,True,False,0.0017202198505401611,False
3862d38e1ebd,73e15c59c021,31016474.0,31016474.0,558.0891,523.61475,0.03561457246541977,4.540567398071289,5.137206554412842,1.0,irigasi,9,True,True,False,16.98676109313965,True
d162536a2ec3,86503a6a4842,-9999.0,362356300.0,905.9766,818.80457,0.847481906414032,1.6356003284454346,0.0,0.0,airtanah,30,True,True,False,0.0,False
a9f0c76046d7,1470a2daa8c2,44630464.0,44630464.0,7.2597647,7.3902965,0.0898386687040329,4.531606674194336,0.0,0.0,kilat,23,True,True,False,0.0,False
f9e6cc6a0698,6ae52cc1f54e,92792620.0,5788336000.0,101.71254,132.51146,0.2894693911075592,1.8197669982910156,0.0,0.0,campuran,16,True,True,False,0.0,False
9ce548b3bc3a,40d12a09d851,64224450.0,155165620.0,840.0326,881.35406,0.2719307839870453,2.914257049560547,0.0018600584007799625,0.0,campuran,6,True,True,False,0.0009230189025402069,False
e6cdbe249d83,23431f777a6d,34039456.0,34039456.0,13.845257,15.7935915,0.04386695474386215,5.138235092163086,0.0,0.0,kilat,33,True,True,False,0.0,False
7982f62a621a,b440e9b1402b,64073016.0,64073016.0,54.50198,68.02508,0.9769738912582397,2.281541109085083,2.596456527709961,1.0,irigasi,27,True,True,False,1.5288954973220825,True
54ae08aa59fc,b2d7f675aafd,99398300.0,2471646500.0,3838.204,3848.0764,0.6231678128242493,2.815828561782837,0.001617315341718495,0.34021398425102234,campuran,44,True,True,False,0.000665849496726878,False
db70a1fee3b3,OUTLET,84085140.0,4166475300.0,924.8374,1013.5468,0.11540662497282028,3.4683547019958496,5.6087537814164534e-05,0.0,campuran,18,True,True,False,6.451889566960745e-05,False
db8581e7c16d,771dd4e6294f,147772960.0,1932302800.0,27.365644,27.045574,0.19401435554027557,0.9266357421875,0.0,0.0,campuran,19,True,True,False,0.0,False
92054d5c1b49,0bceeb88e472,88597140.0,275860480.0,68.60358,68.86869,0.9343347549438477,2.8520865440368652,0.0,0.0,airtanah,37,True,True,False,0.0,False
c6ebe9de64d0,65ca75976482,85358990.0,188183700.0,,2522.9187,0.5363900065422058,1.754395842552185,0.0,0.0,campuran,39,True,True,False,0.0,False
e2d0c493f6c5,94880edfce9b,76233224.0,76233224.0,1053.811,929.94794,0.18936866521835327,2.774071216583252,0.0,0.0,campuran,7,True,True,False,0.0,False
aa79649393a5,5229ef99932d,80587944.0,7159328000.0,85.55355,88.516975,0.20178760588169098,2.309387683868408,0.0,0.0,campuran,24,True,True,False,0.0,False
a36145a81164,3e863f39a51d,119339160.0,119339160.0,48.928837,49.829388,0.31917673349380493,3.2285892963409424,0.0,0.0,campuran,55,True,True,False,0.0,False
7097728df5a1,e141596dd89e,53036604.0,53036604.0,17.870302,19.651855,0.4253365993499756,2.2373812198638916,0.0,0.0,campuran,8,True,True,False,0.0,False
1e6065d418c4,c8c837b2f0af,109158970.0,109158970.0,112.788704,128.945,0.08968814462423325,5.044196128845215,1.8605729341506958,1.0,kilat,40,True,True,False,0.9816815257072449,True
6aeb0c57bc06,7d6ae3f876a7,83993096.0,331667620.0,182.78989,217.41162,0.8762438893318176,2.2933754920959473,0.0,0.0,airtanah,3,True,True,False,0.0,False
de615d3a80fb,bc2586cd5833,135944220.0,2836420000.0,2468.9104,2278.151,0.7398480772972107,2.847820520401001,0.00022437633015215397,1.0,airtanah,44,True,True,False,0.0,False
30b41a4a200e,94545ac70976,103888456.0,103888456.0,600.72217,586.5267,0.5629459023475647,3.456882953643799,0.10111139714717865,1.0,campuran,31,True,True,False,0.0,False
d9e8f5b6210c,c28f10dd485f,102880850.0,316857380.0,257.42398,247.74696,0.9277095198631287,1.3583248853683472,0.0,0.0,airtanah,12,True,True,False,0.0,False
226925bc7a0e,cb96f2652680,88211820.0,88211820.0,722.75226,701.4457,0.6580042839050293,2.1784541606903076,0.03005000203847885,1.0,airtanah,14,True,True,False,0.01161968382075429,False
f30c5ddbd315,d4f3464e5bc1,76317320.0,146038960.0,1075.9999,896.19006,0.1751660704612732,2.875581979751587,0.0,0.0,campuran,7,True,True,False,0.0,False
beb001937ec0,bdcc83abcac9,37974300.0,2834910000.0,93.433044,96.28786,1.0,1.906313419342041,0.0,0.0,airtanah,25,True,True,False,0.0,False
cfd2855e1dcf,f7f6a16a32c2,110197140.0,110197140.0,1502.7524,1613.801,0.9262486100196838,2.183013439178467,0.0,0.0,airtanah,3,True,True,False,0.0,False
b01c3703fb7d,1912aad9948c,119307780.0,119307780.0,823.0617,820.0709,0.6245508790016174,3.6786251068115234,0.5346760749816895,0.9981333613395691,campuran,28,True,True,False,0.0009662665979703888,False
06a6469d5eaa,47d54e1a494f,103306500.0,145659620.0,1280.149,1241.1226,0.19543986022472382,5.873141288757324,0.0,0.0,kilat,18,True,True,False,0.0,False
7f374aaaa612,f471ba3e6846,113434080.0,,1018.59534,853.7558,0.7584564089775085,1.9729872941970825,7.469581760233268e-05,1.0,airtanah,31,True,True,False,0.0,False
e10f98969787,651c47c29853,101235310.0,483443040.0,1118.9622,1101.7288,0.9634885787963867,2.507753610610962,0.001992225181311369,0.0,airtanah,3,True,True,False,0.001338153553660959,False
3aa7f9f906ea,9a2effc9654c,81726530.0,226049940.0,29.793085,27.209635,0.38604167103767395,1.6612043380737305,0.0,0.0,campuran,8,True,True,False,0.0,False
bdcc83abcac9,9746a6875596,33017426.0,3061849600.0,76.60362,71.78137,0.0,2.0726158618927,0.0,0.0,campuran,25,True,True,False,0.0,False
ddeccd04931e,d4acee5c5233,69264520.0,409018850.0,946.78644,966.5374,0.5993425250053406,3.3885507583618164,0.10749463737010956,0.9740350246429443,campuran,28,True,True,False,0.00348622421734035,False
493d8fd004ea,a6921d441854,70629870.0,-9999.0,789.0901,860.23444,0.6511088013648987,2.2452566623687744,0.004415150266140699,0.8032568693161011,airtanah,36,True,True,False,0.0029595274245366454,False
0a9492a0b407,b3ff28b99a16,61914708.0,61914708.0,595.2006,514.7954,0.9857556223869324,2.005925416946411,0.19845151901245117,0.952593982219696,airtanah,22,True,True,False,0.06335687899263576,False
89ce10ec57c1,0b5f3db8fca6,87829960.0,801489700.0,11.460837,6.9349847,0.7083994150161743,2.2237141132354736,0.0,0.0,airtanah,23,True,True,False,0.0,False
bbb3c5d0b4e4,140529565846,,194987660.0,610.9008,445.66296,0.247341126203537,3.174861192703247,0.00045272320858202875,0.0,campuran,54,True,True,False,0.0007133749459171668,False
7754192ae971,15fcd26ecb19,91500984.0,140710060.0,2265.37,2156.189,0.6536709070205688,1.90621018409729,0.003276458475738764,0.0,airtanah,39,True,True,False,0.0028856509597972035,False
51ded83a4a07,73732998ae84,47448636.0,47448636.0,36.318825,39.092297,0.909487247467041,2.1888232231140137,0.10293756425380707,0.0,airtanah,37,True,True,False,0.2827884554862976,False
800383a1bb95,8ef3e8db49e1,119010170.0,1509465100.0,116.48561,97.84982,0.8609579801559448,2.157688617706299,0.0023574153892695904,0.0,airtanah,37,True,True,False,0.0035082382382825017,False
b075fdf4beed,8c0e003d1f04,98064900.0,255234460.0,275.77213,217.73453,0.9376732110977173,2.250465154647827,0.0,0.0,airtanah,14,True,True,False,0.0,False
7c377c9166fa,3df2f035f8ae,123660910.0,123660910.0,139.30707,154.88902,0.9669637084007263,1.8441195487976074,0.2570139169692993,1.0,airtanah,36,True,True,False,0.0,False
d97674b93b7e,288ddcb66552,105386216.0,284990460.0,676.98254,623.0537,0.5608896017074585,3.526308059692383,0.3299957811832428,1.0,campuran,28,True,True,False,0.0,False
97b2572e2dcb,12fe7073b1b1,85514030.0,85514030.0,55.82944,59.066685,0.8626965284347534,1.9619861841201782,0.0,0.0,airtanah,25,True,True,False,0.0,False
ebcc78e15cb9,fd63759c7ea3,60188516.0,60188516.0,3574.1208,3267.3271,0.5285440683364868,2.9158453941345215,0.025243980810046196,0.0,campuran,44,True,True,False,0.026096871122717857,False
068eca49332e,08a75427862b,80696500.0,29663107000.0,14056.119,13736.939,0.7710840702056885,1.8609063625335693,0.0003718336811289191,0.0,airtanah,48,True,True,False,0.0017385012761224061,False
46b93f253e67,db5f06e259a5,139364940.0,213859650.0,154.9055,152.58719,0.5500836968421936,2.2171034812927246,1.6075282096862793,1.0,campuran,64,True,True,False,1.6768739223480225,True
82ad8252b18e,777cf283b68c,60995510.0,60995510.0,9.719802,9.308658,0.9401297569274902,2.6626899242401123,0.23778541386127472,1.0,airtanah,29,True,True,False,0.0,False
8349f1c6ec86,3965fe131614,65968350.0,2811958500.0,850.44904,917.43976,0.8997291326522827,2.71651554107666,0.003195063443854451,0.9991363286972046,airtanah,5,True,True,False,0.00037614833374277623,False
9568d0775696,819874816a32,133851730.0,710798460.0,69561.88,61446.46,0.13094718754291534,2.870147228240967,0.020382460206747055,0.0,campuran,49,True,True,False,0.008742001838982105,False
97ec7f2bfcf5,2f5180e534a0,103325190.0,103325190.0,875.34406,1228.8021,0.6371879577636719,1.7270033359527588,0.0006213270826265216,0.0,airtanah,3,True,True,False,0.0003975119470851496,False
4c3362e3eadf,a81dd850e44f,138221900.0,13179487000.0,28.787882,26.572168,0.9228407144546509,1.452826738357544,0.0,0.0,airtanah,19,True,True,False,0.0,False
490bfd9b5853,750bf8a55ff2,85869950.0,85869950.0,26.210901,35.733044,0.20112860202789307,3.8733320236206055,0.4951416254043579,1.0,kilat,23,True,True,False,0.0016842593904584646,False
941fe5c1722d,c2f33a549498,101718370.0,101718370.0,314.2438,370.12585,0.9555200934410095,2.4996001720428467,0.0,0.0,airtanah,3,True,True,False,0.0,False
16e31b303962,0a48a7d11618,88915496.0,1752863700.0,550.46234,591.7677,0.6325653791427612,2.9508275985717773,0.002462157281115651,0.9432329535484314,campuran,5,True,True,False,0.0004729026841232553,False
91ba7089b632,695cbc71ee7f,97957144.0,97957144.0,122.903046,129.03418,0.988609790802002,0.9475671052932739,0.0,0.0,airtanah,36,True,True,False,0.0,False
74a37aa069b8,1a187dd6c19b,153509470.0,153509470.0,28.235657,30.930937,0.5739970207214355,2.0568227767944336,0.006566962227225304,0.0,campuran,19,True,True,False,0.002245953190140426,False
8e521bd1ba8c,15fcd26ecb19,106697940.0,1336360800.0,5658.2124,6111.5,0.32418471574783325,1.7394447326660156,0.0005724337534047663,0.0,campuran,39,True,True,False,0.000518041240866296,False
bc7e27c8067b,cf1093ace989,115381990.0,210554700.0,3487.4966,3261.6978,0.5816594362258911,3.201920509338379,0.0,0.0,campuran,48,True,True,False,0.0,False
1694bc6eeb68,53dd0bb46dd8,140240270.0,140240270.0,2648.251,2329.1372,0.1254073530435562,5.002632141113281,0.0,0.0,kilat,49,True,True,False,0.0,False
dd6b9ecb85d0,ad9f26e541f6,46786324.0,106324760.0,170.67975,181.81378,0.9638676047325134,1.7739169597625732,0.6594051122665405,1.0,airtanah,27,True,True,False,0.0,False
2840ec3950da,a6d8eb2b368f,62997456.0,363150880.0,114.43176,110.8247,0.0,2.224005699157715,0.0,0.0,campuran,25,True,True,False,0.0,False
9bbbe7c282ca,e20c7108c6fc,134756180.0,134756180.0,31.997293,21.031704,0.85113525390625,1.550299882888794,0.0,0.0,airtanah,15,True,True,False,0.0,False
3cc6d0739c4e,0dbebba47764,138829580.0,698307650.0,24753.56,26375.857,0.1610678881406784,2.8769869804382324,0.005653540603816509,0.12469496577978134,campuran,14,True,True,False,0.013216003309935331,False
4ca3bc24bfbd,4c7e7fda9337,89450450.0,1054102100.0,36017.758,34635.707,0.5807193517684937,2.1042206287384033,0.0038466753903776407,0.0,campuran,35,True,True,False,0.003608548897318542,False
2ba52251573b,OUTLET,105968720.0,2822591500.0,42.631714,43.88156,0.17877528071403503,1.8256598711013794,0.0,0.0,campuran,29,True,True,False,0.0,False
fb0ad4c159bf,e97fb7e0c056,44213548.0,343330880.0,1680.8931,2052.4897,0.9634119272232056,2.8912062644958496,0.2893419563770294,0.949766993522644,airtanah,36,True,True,False,0.09449199214577675,False
b7311bfe9589,c4d467ed4efc,11546186.0,329611100.0,4113.4707,3718.5718,0.3271997272968292,5.258868217468262,0.007796436548233032,0.0,kilat,47,True,True,False,0.11859663791256025,False
a835486afcc6,4ca3bc24bfbd,92054510.0,92054510.0,17874.887,16671.703,0.6000038385391235,2.8853230476379395,0.006086153443902731,0.0,campuran,35,True,True,False,0.004830671823583543,False
5e10429415e4,76f89801955d,117643360.0,5097822000.0,324.91727,436.339,0.11178994178771973,1.7671178579330444,0.000763343065045774,0.0,campuran,16,True,True,False,0.00040623664972372353,False
02df47dd2042,73732998ae84,53821148.0,53821148.0,37.076015,45.310852,0.7314134836196899,2.7987327575683594,0.0,0.0,airtanah,37,True,True,False,0.0,False
456c122817b5,4058a450836e,228289700.0,1120452600.0,168.36282,210.00076,0.9852225184440613,1.0471043586730957,0.0,0.0,airtanah,19,True,True,False,0.0,False
cff02250491c,b6d3dd1a2061,170841940.0,170841940.0,25.076326,21.853233,0.9906061291694641,1.570735216140747,0.0,0.0,airtanah,29,True,True,False,0.0,False
db5f06e259a5,OUTLET,55721056.0,571622340.0,136.86037,133.64868,0.29637181758880615,2.0580267906188965,2.0527143478393555,1.0,irigasi,64,True,True,False,2.2977554560638964,True
f22504caeb08,06a6469d5eaa,43958480.0,43958480.0,570.3677,538.363,0.35172826051712036,5.864238262176514,0.0,0.0,kilat,18,True,True,False,0.0,False
7ebc47343bd3,936321965fa1,62336110.0,62336110.0,22.412724,23.336588,0.9226683378219604,2.3885324001312256,0.0,0.0,airtanah,42,True,True,False,0.0,False
fb8a5b3ef95d,e1f5d81c6ae9,89538296.0,221076930.0,1368.391,1299.1735,0.2015640139579773,6.458573818206787,0.05749063938856125,1.0,kilat,38,True,True,False,0.14454557606950402,False
0eec3725f39a,3d315360feec,80271790.0,681611400.0,94.459785,104.55259,0.5998472571372986,1.6209076642990112,0.0,0.0,airtanah,38,True,True,False,0.0,False
ca4ddb3efd52,5079b871742e,119364070.0,636645760.0,112.71876,92.93473,0.5370383262634277,1.5449349880218506,0.0,0.0,campuran,25,True,True,False,0.0,False
7188ff429690,8f2e9af89ac0,52194236.0,52194236.0,54.88702,54.031433,0.3028300404548645,2.995615005493164,0.0,0.0,campuran,51,True,True,False,0.0,False
4fce1637d9a1,6989f0b64351,90701400.0,140985000.0,108192.02,104105.56,0.02305275946855545,3.8795325756073,0.26213395595550537,0.0,kilat,14,True,True,False,1.204305112361908,True
2b0f05c2520f,9a2effc9654c,43045396.0,43045396.0,17.372957,15.882966,0.9682421088218689,0.699486494064331,0.0,0.0,airtanah,8,True,True,False,0.0,False
6d27d86631b7,2a396e91f6db,69627930.0,69627930.0,1270.5017,1281.0276,0.8074173927307129,3.0371806621551514,0.29493725299835205,1.0,airtanah,28,True,True,False,0.0,False
8189cfd469a8,7754192ae971,51641476.0,-9999.0,1108.0924,1295.8644,0.5689892768859863,2.001702070236206,0.0007987032877281308,0.0,campuran,39,True,True,False,0.0007321845623664558,False
62332697a11d,2dacb495cc13,172578260.0,,-176.77725,196.64055,0.04871821776032448,3.813760757446289,2.3366775512695312,1.0,kilat,40,True,True,False,1.5479912757873535,True
fdbc5b9ae15b,275830831a16,69428410.0,69428410.0,821.31854,842.5607,0.3176783323287964,3.0594072341918945,0.14902979135513306,0.0,campuran,51,True,True,False,0.4831678420305252,True
06bcd3733103,8f5ddb81191d,168309460.0,1357631000.0,6125.402,6709.477,0.26496458053588867,2.002833843231201,0.0023911637254059315,0.15653209388256073,campuran,32,True,True,False,0.00046735219075344503,False
0f41425e1fb9,d543af9d5a28,22877734.0,3407179800.0,53.126644,52.73789,0.0,2.0831363201141357,0.0,0.0,campuran,25,True,True,False,0.0,False
5b28b980571c,OUTLET,62425890.0,444025370000.0,65.702866,68.15032,0.7427778840065002,1.8745880126953125,0.0,0.0,airtanah,23,True,True,False,0.0,False
bbd07092252e,0fcd96ec989d,71011420.0,420610240.0,4539.968,4499.784,0.6170044541358948,2.9287939071655273,0.007064380683004856,0.0,campuran,50,True,True,False,0.004468461964279413,False
5d3b56b296be,c2fbb74351f8,57317004.0,57317004.0,42.14871,59.96939,0.8975046873092651,2.83243989944458,0.04036169499158859,0.723829984664917,airtanah,41,True,True,False,0.02216008398681879,False
c8ed01f266a4,1b52a2a91bc9,75422104.0,75422104.0,264.36597,280.17822,0.3956719636917114,2.93624210357666,0.0,0.0,campuran,1,True,True,False,0.0,False
07d2fd415e24,1de9cf2ead94,171249310.0,171249310.0,48.700115,35.10319,0.9973373413085938,0.7012016773223877,0.0,0.0,airtanah,23,True,True,False,0.0,False
9fc80dced7b9,a81dd850e44f,107924740.0,174366460.0,20.290745,18.62232,0.4188581705093384,2.9393420219421387,0.0,0.0,campuran,19,True,True,False,0.0,False
e9e10e244346,beb001937ec0,60055930.0,,245.38782,271.02078,0.0,1.7979090213775635,0.0,0.0,campuran,25,True,True,False,0.0,False
6b9f1f56c72f,60567fa30810,144127140.0,144127140.0,816.145,801.4058,0.16345414519309998,3.2970073223114014,0.0,0.0,campuran,34,True,True,False,0.0,False
782059686a12,8e521bd1ba8c,154418300.0,422397660.0,7735.7124,7082.2764,0.5606874823570251,1.8390713930130005,0.000987308332696557,0.0,campuran,39,True,True,False,0.0012757763033732772,False
718bd36c0532,657cc76a822f,89846170.0,195124270.0,17.130182,22.065153,0.47586971521377563,4.407491683959961,0.0,0.0,kilat,23,True,True,False,0.0,False
271132b422b1,e10f98969787,115103430.0,236828860.0,655.273,809.17487,0.9639392495155334,2.6072311401367188,0.0,0.0,airtanah,3,True,True,False,0.0,False
0d86ff1cc37a,f83edc5ab0ee,142927710.0,142927710.0,1858.069,1669.069,0.4900185465812683,2.1381163597106934,0.0,0.0,campuran,1,True,True,False,0.0,False
84f7079fef8f,e698d8549bfb,105413576.0,1476481700.0,101.34748,71.07235,0.836310625076294,0.698933482170105,0.05251958966255188,0.9053565263748169,airtanah,12,True,True,False,0.005617030430585146,False
7d6ae3f876a7,73e300d04f44,137868900.0,460677660.0,343.241,358.7745,0.9388033747673035,2.494189977645874,0.0,0.0,airtanah,3,True,True,False,0.0,False
6d19bc61df89,99a99df0846e,99863810.0,1913202200.0,65.68298,64.085106,0.5832785964012146,1.908945083618164,0.523641049861908,1.0,airtanah,40,True,True,False,0.05412611365318298,False
493c0ac22c1c,f8e0ce2326cd,58514790.0,58514790.0,407.29953,446.90454,0.3887820839881897,2.5206401348114014,0.0,0.0,campuran,31,True,True,False,0.0,False
63669dbbed1a,f0b2d680fa83,136778660.0,336023900.0,360.545,357.11862,0.4515557289123535,2.0759992599487305,0.09088494628667831,0.0,campuran,12,True,True,False,0.15870116651058197,False
93d1a887ad4f,0b1658cdded4,125855630.0,125855630.0,137.22157,136.24908,0.9327566623687744,2.2656311988830566,0.07259368151426315,0.0,airtanah,51,True,True,False,0.11222187429666519,False
129b9824bbca,d181857d07c3,75712440.0,75712440.0,251.39635,248.48096,0.13195446133613586,4.545332431793213,0.25901514291763306,0.9986136555671692,kilat,28,True,True,False,0.002551835961639881,False
d48396e2781b,657cc76a822f,66713396.0,66713396.0,44.545334,56.235043,0.022589772939682007,5.96606969833374,0.0,0.0,kilat,23,True,True,False,0.0,False
1e2e6401f5f5,ce707349dc72,89195270.0,89195270.0,109.937645,133.72954,0.783667266368866,1.907641053199768,0.1659744381904602,1.0,airtanah,41,True,True,False,0.0,False
1f104b58792a,f8234f25b52c,153018430.0,153018430.0,53.07309,49.950672,0.9176164865493774,1.7332274913787842,0.0,0.0,airtanah,60,True,True,False,0.0,False
3677edfb98ac,dfcb29e1cfdf,75812360.0,172207200.0,28.345284,28.120468,0.11700490117073059,3.3700199127197266,0.0,0.0,campuran,33,True,True,False,0.0,False
e627ec2f6597,98b145d63b7a,54041596.0,54041596.0,647.35345,640.3969,0.13404902815818787,2.6638576984405518,0.0,0.0,campuran,6,True,True,False,0.0,False
fd4d445580cf,09fe44cd1a40,106357150.0,318729200.0,542.62976,535.97296,0.4803165793418884,3.3964433670043945,0.19332994520664215,0.9973370432853699,campuran,28,True,True,False,0.0002937705176009331,False
71c8a3e0a983,OUTLET,107548870.0,32869042000.0,2577.5854,3085.5574,0.0697222501039505,1.8358319997787476,2.6078772862092592e-05,0.0,campuran,48,True,True,False,2.1796629425807623e-05,False
f302e401fbac,2ba52251573b,70139690.0,70139690.0,46.534863,37.255455,0.14023345708847046,4.425342559814453,0.0,0.0,kilat,29,True,True,False,0.0,False
fbe59261369b,c427b95c8a0b,63137440.0,202319260.0,46.63721,46.7419,0.04503939673304558,5.008347511291504,0.0,0.0,kilat,37,True,True,False,0.0,False
19e65bf23f90,58987fd213fa,44095600.0,44095600.0,14.605793,13.727545,0.9554872512817383,1.1741526126861572,0.0,0.0,airtanah,60,True,True,False,0.0,False
d7cbf2d40cd1,20b5d86f7693,70731160.0,149897330.0,66.314735,74.502365,0.9546420574188232,1.639150857925415,0.0,0.0,airtanah,15,True,True,False,0.0,False
b409451de1de,657cc76a822f,113532110.0,113532110.0,104.83492,129.97772,0.05177383869886398,6.166400909423828,6.154550552368164,0.9944390058517456,irigasi,23,True,True,False,443.9158020019531,True
f58212ddb4fe,7de8f3ecf07f,89069990.0,89069990.0,66.16953,71.84584,0.9002009034156799,1.9708930253982544,0.0,0.0,airtanah,37,True,True,False,0.0,False
a8b800cd4519,7272873c3ee7,21245874.0,21245874.0,1050.6166,929.36237,0.691214382648468,3.4777987003326416,0.05147598683834076,0.0,campuran,44,True,True,False,0.038084340281784534,False
26ec0b79d352,819874816a32,163291970.0,163291970.0,51387.93,50790.64,0.14439988136291504,2.616212844848633,0.06871429085731506,0.0,campuran,49,True,True,False,0.024925215169787407,False
38d4bcf804bf,9511a48afacb,129550264.0,-1796585100.0,156.03351,166.57217,0.6264512538909912,2.239851951599121,0.07638269662857056,0.9576538801193237,airtanah,24,True,True,False,0.007895519956946373,False
f3163f1a96ef,dca4b40825e6,152679950.0,528634940.0,47.358406,46.4808,0.4454030394554138,3.3743908405303955,0.0,0.0,campuran,42,True,True,False,0.0,False
60ce8632f10d,6345b6b96264,106578840.0,106578840.0,1853.3385,2117.6528,0.9104762077331543,3.970489501953125,0.0788688063621521,0.9823856949806213,airtanah,5,True,True,False,0.03095957603363786,False
09acc8cd57ba,ac4cbdd768e9,95533910.0,95533910.0,377.85336,399.55695,0.7498010396957397,1.246579647064209,2.866258382797241,1.0,irigasi,2,True,True,False,0.0,False
3adfbea7da75,a6c0ec99664e,60117864.0,281891400.0,24.75765,27.570753,0.9728838205337524,0.45459818840026855,0.0,0.0,airtanah,8,True,True,False,0.0,False
e2b3bcd51f72,2028ca0ebc37,95122296.0,95122296.0,1003.29724,951.7585,0.31123319268226624,4.175534725189209,0.4608222544193268,0.8959791660308838,kilat,5,True,True,False,0.11562726553529501,False
e698d8549bfb,f2d4d1131eac,108375320.0,2718086100.0,3522.151,4541.5024,0.4229448437690735,0.9589632153511047,0.11319415271282196,0.14614851772785187,campuran,12,True,True,False,0.09376465156674385,False
30134fbf1dc2,95de199c785f,49972628.0,49972628.0,35.624687,32.685436,0.9865151643753052,0.882045328617096,0.0,0.0,airtanah,16,True,True,False,0.0,False
e51f5d3178a0,9e4df50bd0e8,102368880.0,102368880.0,134.85158,145.95995,0.2997451424598694,3.3898935317993164,0.0,0.0,campuran,37,True,True,False,0.0,False
142896d33a59,1c48098b08c6,49738028.0,102900504.0,7.968002,6.7054906,0.9661418199539185,0.8359994292259216,0.05265236645936966,1.0,airtanah,29,True,True,False,0.0,False
03ba86a44254,OUTLET,122527200.0,4249382000.0,202.76144,189.59914,0.747657299041748,2.7668673992156982,0.45359787344932556,1.0,airtanah,40,True,True,False,0.13369613885879517,False
a3ecdc287748,25dd3d1c24b5,131237010.0,122264850000.0,2739.0571,2428.685,0.3531598150730133,1.8659650087356567,0.003460017731413245,0.9763872623443604,campuran,9,True,True,False,0.0008150881330948323,False
d234b27373bd,c06fa97ce6be,32388436.0,32388436.0,408.0763,444.9683,0.17133063077926636,2.958430290222168,0.0,0.0,campuran,7,True,True,False,0.0,False
078ec246232f,0b055dc11074,108322470.0,108322470.0,200.9906,179.95729,0.7267330288887024,2.102513074874878,0.0,0.0,airtanah,12,True,True,False,0.0,False
f81210b9667a,ddcb4272bcd1,72003016.0,157693780.0,120.04573,106.164215,0.567058801651001,3.2972631454467773,0.269714891910553,1.0,campuran,28,True,True,False,0.0,False
cdc2c22cb97e,456c122817b5,111974056.0,111974056.0,17.267132,20.425758,0.988800585269928,1.6761693954467773,0.0,0.0,airtanah,19,True,True,False,0.0,False
701eb581e1f6,48e002176671,79130456.0,177865580.0,43.851974,36.938328,0.24611876904964447,3.329646110534668,0.0,0.0,campuran,55,True,True,False,0.0,False
f9345a53c967,750bf8a55ff2,131710970.0,131710970.0,465.71555,,0.07605669647455215,4.86232852935791,4.931738376617432,1.0,irigasi,23,True,True,False,361.2511966228485,True
c7049b4f4d5b,ea4ded239e39,82672200.0,144834830.0,614.5382,633.86053,0.5575041770935059,3.0187113285064697,0.0,0.0,campuran,31,True,True,False,0.0,False
55996adee9a1,896292a6f6a9,84755020.0,2351441000.0,13.678632,12.802265,0.9834902882575989,1.3872724771499634,0.0,0.0,airtanah,29,True,True,False,0.0,False
e2b1ade15a2e,15688495f68e,55644708.0,55644708.0,214.77231,236.10239,0.7490800023078918,1.9064133167266846,0.0,0.0,airtanah,1,True,True,False,0.0,False
3b36c547d059,e7766b940609,86295490.0,86295490.0,259.4189,259.46576,0.5375043749809265,3.202368974685669,0.27510011196136475,0.9954551458358765,campuran,28,True,True,False,0.004037017642986029,False
b7725bef646c,b075fdf4beed,139852750.0,139852750.0,246.73918,202.9284,0.9289213418960571,2.1444668769836426,0.024990644305944443,1.0,airtanah,14,True,True,False,0.008023130940273404,False
478bbcf9427f,20f93bafeeb7,98017896.0,3023112700.0,149.03036,154.83984,0.11934387683868408,1.8316811323165894,0.07516830414533615,1.0,campuran,2,True,True,False,0.006536656990647316,False
5f56bf7356d3,e10f98969787,104327190.0,104327190.0,690.6852,793.92096,0.9631322026252747,2.640162467956543,0.0,0.0,airtanah,3,True,True,False,0.0,False
596db41c7a76,5b4ae1bf5c46,32970082.0,2424882400.0,513.4122,545.44116,0.5746155381202698,2.1203558444976807,0.0,0.0,campuran,6,True,True,False,0.0,False
1f9610daa531,11a71d343db3,141405730.0,4557193000.0,7747.4927,7960.4414,0.7436462640762329,2.042646646499634,0.0005460985703393817,0.0,airtanah,14,True,True,False,0.0006201180367497727,False
9c97ae6ee522,cfe4674557a5,88487810.0,88487810.0,144.49347,144.22903,0.42673784494400024,2.899289846420288,0.0,0.0,campuran,12,True,True,False,0.0,False
81d603daa4f3,e20c7108c6fc,175311600.0,175311600.0,39.918343,27.867823,0.8373212218284607,1.7261717319488525,0.0,0.0,airtanah,15,True,True,False,0.0,False
e149aab086be,cf208887843f,111713960.0,247379070.0,466.80777,437.16022,0.791735827922821,2.459916830062866,0.0,0.0,airtanah,1,True,True,False,0.0,False
f37d155a7c88,2181b5ad9f02,58648292.0,58648292.0,85899.8,97527.46,0.07575909793376923,2.457627296447754,0.04360099881887436,0.0,campuran,20,True,True,False,0.05275745503604412,False
ab9083a48d37,4058a450836e,91268070.0,91268070.0,15.078436,15.711485,0.9223613739013672,1.0907888412475586,0.0,0.0,airtanah,19,True,True,False,0.0,False
4bcdbe7aa167,9568d0775696,67955220.0,67955220.0,29634.432,24832.488,0.12671485543251038,2.4460196495056152,0.07423894107341766,0.0,campuran,49,True,True,False,0.03753208369016647,False
6f2f35bcf35b,31c0ab059763,61365856.0,8354087000.0,2138.071,1966.38,0.7075765132904053,1.9837870597839355,0.0,0.0,airtanah,14,True,True,False,0.0,False
387d86ebdcb4,94eb393b5f9c,68834070.0,68834070.0,6247.686,6261.484,0.8882262706756592,3.535890579223633,0.42785900831222534,0.8345499038696289,airtanah,0,True,True,False,1.0906893368810415,True
9fe9b9d5524f,d162536a2ec3,98134856.0,234670740.0,793.09546,834.1061,0.844097912311554,1.8522762060165405,0.0,0.0,airtanah,30,True,True,False,0.0,False
09443c9cb786,OUTLET,134176740.0,3343629000.0,0.0,8685.218,0.6631770730018616,2.602829933166504,0.16276757419109344,0.9337124824523926,airtanah,22,True,True,False,0.11401625350117683,False
7e2ffb2ca137,007e6e6baef8,112257980.0,112257980.0,429.06845,438.15604,0.3447269797325134,2.8801651000976562,0.015746165066957474,1.0,campuran,31,True,True,False,0.0,False
bf7fbf6704b0,fb8a5b3ef95d,130629170.0,130629170.0,507.1489,401.78387,0.21182942390441895,6.393538951873779,0.0,0.0,kilat,38,True,True,False,0.0,False
85e445b663be,c679f17283d0,161645740.0,161645740.0,506.52203,474.6557,0.6567686796188354,1.648207426071167,0.0,0.0,airtanah,57,True,True,False,0.0,False
0199df5bad86,e2f89e30891b,89188936.0,13111609000.0,483.07993,529.3517,0.5349940061569214,1.992362141609192,0.001121446257457137,1.0,campuran,41,True,True,False,0.0,False
f83edc5ab0ee,02bc84e39b61,128997736.0,,1295.0337,1091.6759,0.42629748582839966,2.336141347885132,0.0,0.0,campuran,1,True,True,False,0.0,False
17ea8292bcdf,40936a6539e6,135974430.0,1127453400.0,680.9187,645.9339,0.8837085366249084,3.0785462856292725,0.011924912221729755,1.0,airtanah,31,True,True,False,0.0,False
133bde0d25d8,31c0ab059763,124331736.0,261417010.0,1408.1259,1290.934,0.8284949064254761,1.6663812398910522,0.0,0.0,airtanah,14,True,True,False,0.0,False
f814f5cdd757,d4dce02bc845,101466610.0,116899460000.0,31.829103,34.367348,0.5992247462272644,2.360244035720825,0.0,0.0,campuran,8,True,True,False,0.0,False
ed5227674248,a1686ff19d4a,67966970.0,108098060000.0,20.14292,18.900911,0.9430172443389893,2.3541057109832764,0.0,0.0,airtanah,8,True,True,False,0.0,False
a1692d8c2626,76270cb312a4,57991668.0,728921000.0,875.4403,1015.9728,0.3223024010658264,2.050164222717285,0.0006343444110825658,0.0,campuran,6,True,True,False,0.00036526660551317036,False
12ec77c2c764,d9e8f5b6210c,147051620.0,147051620.0,140.17723,116.91461,0.991829514503479,1.8705859184265137,0.0,0.0,airtanah,12,True,True,False,0.0,False
cce42b405541,0ea3115950c2,65906224.0,307333630.0,53.780994,55.59569,0.39860111474990845,2.399242877960205,0.0,0.0,campuran,16,True,True,False,0.0,False
81f57d261b4f,ad3ff5ae79b5,88778600.0,273798400.0,138.27328,167.26608,0.8940143585205078,2.1021246910095215,0.011270856484770775,0.9948872327804565,airtanah,41,True,True,False,8.13185324659571e-05,False
f64eb74f6c26,OUTLET,12711641.0,12711641.0,19.161806,17.593662,0.36958974599838257,3.4538607597351074,0.0,0.0,campuran,65,True,True,False,0.0,False
3b656861417c,fdf4b182acba,103321700.0,103321700.0,207.21895,218.184,0.9933775663375854,0.983086109161377,0.0,0.0,airtanah,12,True,True,False,0.0,False
6fb5725eda07,bbb3c5d0b4e4,121194470.0,121194470.0,1043.2399,837.366,0.5322116017341614,2.938894271850586,0.0,0.0,campuran,54,True,True,False,0.0,False
15728d5177a6,468d65a91d5c,106042820.0,171317460.0,237.41708,244.2108,0.7843341827392578,3.2812514305114746,0.013284765183925629,1.0,airtanah,26,True,True,False,0.0,False
6e56bf94104e,1191ee5659fd,58731276.0,58731276.0,2359.5999,2449.1426,0.08538699150085449,4.773168563842773,0.0,0.0,kilat,49,True,True,False,0.0,False
1ded0f7ec19e,840e15125434,72919090.0,72919090.0,1205.9258,1236.9874,0.19783543050289154,2.353365898132324,0.0,0.0,campuran,7,True,True,False,0.0,False
76769176594d,140529565846,121433304.0,121433304.0,997.87726,759.16187,0.5204212665557861,3.2169299125671387,0.0,0.0,campuran,54,True,True,False,0.0,False
9e5ff334bd5f,6f7362ba567b,89166824.0,4242152000.0,16806.734,17065.566,0.7502972483634949,2.0616679191589355,0.0007398900343105197,0.0,airtanah,14,True,True,False,0.0007553059549536556,False
a6864b88d728,3acecacbdd1b,94388650.0,529880200.0,654.2442,661.8527,0.9130685925483704,3.3354225158691406,0.025008879601955414,1.0,airtanah,5,True,True,False,0.0004888404509983957,False
7fc90fa8e688,8db7dcf74474,87502660.0,87502660.0,2040.9388,2128.631,0.5882452130317688,1.5848804712295532,0.011028769426047802,1.0,airtanah,13,True,True,False,0.0,False
3d6bda13c67f,OUTLET,146618740.0,3870547000.0,4651.492,4928.7456,0.24024608731269836,2.552194833755493,0.0006323871202766895,0.0,campuran,7,True,True,False,0.0005671715771313757,False
e0cbc5a6cdf9,6267cff6ad75,134642450.0,576353340.0,150.777,157.05089,0.8993279337882996,3.005812644958496,0.02727304771542549,0.0,airtanah,51,True,True,False,0.16602148115634918,False
de2ee8b064c8,d6046995f1e0,122574080.0,122574080.0,33.0918,31.77193,0.2311055064201355,2.821323871612549,0.0,0.0,campuran,8,True,True,False,0.0,False
c8c837b2f0af,03ba86a44254,142585470.0,4051165700.0,205.28026,221.36752,0.13715726137161255,3.0879595279693604,2.098170042037964,1.0,irigasi,40,True,True,False,62.47490310668945,True
046f1185689b,ede7a776f92f,97383100.0,97383100.0,198.34825,201.63228,0.249629944562912,3.3188414573669434,0.0,0.0,campuran,17,True,True,False,0.0,False
6ae52cc1f54e,0ea3115950c2,86884470.0,6316052000.0,73.27731,71.422615,0.188946932554245,1.9598076343536377,0.0,0.0,campuran,16,True,True,False,0.0,False
4d5ae094b47a,dbc9634a8f95,80547310.0,209752260.0,17878.605,17564.963,0.9353062510490417,0.9987467527389526,1.278088092803955,0.0,airtanah,31,True,True,False,2.179856300354004,True
16a78fc5ec8e,3c833d6c7f4d,84535656.0,699336100.0,420.568,371.8149,0.9531510472297668,1.8900914192199707,1.124646544456482,0.9990351796150208,airtanah,22,True,True,False,1.005659431219101,True
a708f215d500,179a6d6ddf8d,162765980.0,162765980.0,1546.0228,2075.5703,0.6467574238777161,2.4148268699645996,0.0003503347106743604,0.0,airtanah,34,True,True,False,0.0003138787069474347,False
1975577c3699,54de7f4c319b,250284270.0,250284270.0,2839.4775,3536.286,0.6210780739784241,3.2337985038757324,0.03762883320450783,0.9621146321296692,campuran,66,True,True,False,0.008501621894538403,False
e8eccb755a6f,c4d53adbfe17,149626800.0,149626800.0,671.33545,677.20374,0.9391033053398132,0.8118219375610352,0.0,0.0,airtanah,31,True,True,False,0.0,False
d38023ace8ea,ba9d4b3eaeb0,45964828.0,45964828.0,37.609905,37.583744,0.09398476779460907,5.206052303314209,3.5445170402526855,1.0,irigasi,2,True,True,False,0.0,False
1ea34061ab3f,4e1157f9eba2,92362980.0,2341259000.0,749.8956,705.65424,0.523271918296814,3.100667953491211,0.025292791426181793,0.9956620335578918,campuran,28,True,True,False,6.782387663406553e-05,False
d1f9ae7f81e1,dcc0fd96717b,59935756.0,59935756.0,20.481205,20.579086,0.9141700267791748,1.5227174758911133,0.0,0.0,airtanah,42,True,True,False,0.0,False
fa03bb43d314,65b3feca2bb1,84862100.0,84862100.0,603.1667,584.7696,0.6509342193603516,1.950823426246643,0.14290611445903778,1.0,airtanah,36,True,True,False,0.0,False
f2d007d89baf,8c94b794e82d,70718696.0,70718696.0,44224.87,52117.13,0.7907600402832031,2.0274713039398193,0.5717995166778564,0.00156101502943784,airtanah,14,True,True,False,1.2028661966323853,True
82f074604f65,20ba7eb8e660,84091080.0,2545916200.0,132.00749,110.9207,0.24676576256752014,2.0092809200286865,0.0,0.0,campuran,17,True,True,False,0.0,False
0a8b629039c1,29c1cc73ab5b,75095690.0,75095690.0,18825.818,20412.635,0.7715268135070801,2.0285425186157227,0.1610264927148819,0.010387064889073372,airtanah,5,True,True,False,0.2999364584684372,False
f53bce1878c9,5c9daf76feec,77289840.0,10807209000.0,26169.094,21363.453,0.2616182267665863,2.0983846187591553,0.0019229496829211712,0.0,campuran,20,True,True,False,0.0017715988797135651,False
cccde7819042,aa3720ef2f73,45054148.0,45054148.0,1748.1444,1643.4891,0.423215389251709,2.078386068344116,0.057189710438251495,1.0,campuran,13,True,True,False,0.0,False
f698cc573063,f8e0ce2326cd,120575760.0,120575760.0,561.99585,591.2416,0.7646816968917847,2.1682229042053223,0.0,0.0,airtanah,31,True,True,False,0.0,False
840e15125434,33771d15adb1,127960190.0,948489300.0,1966.7074,2191.5989,0.26271530985832214,2.1544113159179688,0.0,0.0,campuran,7,True,True,False,0.0,False
4967262082d8,23be96ea86cf,80089080.0,7545830000.0,53093.84,49837.15,0.8440380096435547,2.03721284866333,0.0017077348893508315,0.0,airtanah,14,True,True,False,0.002417583717033267,False
a8a225bd0aab,OUTLET,86899600.0,4464585700.0,1116.6118,1210.1224,0.7257900238037109,2.4146530628204346,0.0017193316016346216,1.0,airtanah,5,True,True,False,0.0009374020446557552,False
02112cbc0214,0f7a3e0435d9,61802850.0,324624320.0,518.1222,520.4251,0.44100093841552734,2.2018017768859863,0.0,0.0,campuran,32,True,True,False,0.0,False
124c34844cce,OUTLET,68456290.0,6908340000.0,388.96298,429.67166,0.27475154399871826,2.0734357833862305,0.008696010336279869,0.9993594884872437,campuran,1,True,True,False,9.224841278410167e-06,False
7da4a9a582e5,9bbce0fd4a6c,,150692940.0,232.25504,230.51158,0.37483692169189453,2.990328073501587,0.0,0.0,campuran,50,True,True,False,0.0,False
0d5e6fd38162,ed3661025d7f,113406400.0,10581804000.0,596.11914,599.337,0.7235152721405029,1.9274420738220215,0.040429651737213135,1.0,airtanah,41,True,True,False,0.0,False
0e4e1fa378e8,1d727c11b4a1,42232212.0,42232212.0,74.309456,67.87442,0.9490294456481934,1.7050752639770508,0.0,0.0,airtanah,17,True,True,False,0.0,False
42d2fe5aef57,104ae84e1094,45138828.0,45138828.0,711.1587,698.0533,0.767872154712677,2.317601203918457,0.0,0.0,airtanah,39,True,True,False,0.0,False
b440e9b1402b,fb61211bc735,41922190.0,105151410.0,37.22481,44.715527,0.9603641033172607,1.7561795711517334,0.0,0.0,airtanah,27,True,True,False,0.0,False
e20c7108c6fc,OUTLET,2092706200.0,3273501700.0,83.55948,53.688694,1.0,1.5537967681884766,0.0,0.0,airtanah,15,True,True,False,0.0,False
ef1cb231b654,882601cf2246,233292700.0,233292700.0,617880.44,551718.94,0.6605935096740723,1.6423685550689697,0.325779527425766,0.0,airtanah,20,True,True,False,0.5140924602746964,True
8394a0449eba,3677edfb98ac,96641090.0,96641090.0,34.839405,38.034966,0.13595177233219147,3.340397596359253,0.0,0.0,campuran,33,True,True,False,0.0,False
7d57b07834f6,OUTLET,67773520.0,1655646000.0,4939.4194,4093.863,0.7353360652923584,2.868302583694458,0.000507317774463445,0.9333474040031433,airtanah,50,True,True,False,2.4960188056866173e-05,False
b5446e5d2839,540c341de8e5,87731440.0,166476930.0,741.07825,629.5929,0.3455585241317749,1.9186394214630127,0.0,0.0,campuran,31,True,True,False,0.0,False
947038d7e2af,910cbbdbfab7,89097580.0,4730970600.0,4023.4038,3851.6338,0.20194506645202637,1.9435228109359741,0.0004603880806826055,0.0,campuran,17,True,True,False,0.00028067576204193756,False
6fbbdbfa21d4,c389979ae149,102768340.0,102768340.0,132.05807,112.28358,0.8137814402580261,1.420491099357605,0.0,0.0,airtanah,12,True,True,False,0.0,False
a0ceecf88b7d,06f36542dd10,52046412.0,52046412.0,263.08243,271.64304,0.0,0.0,0.0,0.0,campuran,25,True,True,False,0.0,False
2a503f348294,1ea34061ab3f,108860300.0,279627500.0,2117.839,1975.4567,0.49154871702194214,3.5595381259918213,0.2450307011604309,0.9818318486213684,campuran,28,True,True,False,0.00801834580488503,False
995c02453f22,01db63d9854a,90095496.0,673079900.0,369.46735,428.17487,0.5679677724838257,2.555520534515381,0.0,0.0,campuran,1,True,True,False,0.0,False
f936cadd13ac,4d5ae094b47a,66109420.0,66109420.0,1995.3535,,0.8166514039039612,0.9603046178817749,0.8381591439247131,0.0,airtanah,31,True,True,False,2.0561013221740723,True
b55f6d19f73c,ebbaee8fdddb,107511560.0,107511560.0,896.7915,965.97186,0.7574873566627502,1.3184635639190674,0.0,0.0,airtanah,30,True,True,False,0.0,False
95f4b4449587,ca4ddb3efd52,66501230.0,66501230.0,61.493073,52.895782,0.9199178814888,2.10136079788208,0.0,0.0,airtanah,25,True,True,False,0.0,False
dde0b2404955,e698d8549bfb,100418510.0,762757250.0,553.1783,911.42194,0.5619593262672424,2.174487829208374,0.011942017823457718,0.0,campuran,12,True,True,False,0.007109357975423336,False
25f4aa3140ac,275830831a16,97847830.0,97847830.0,96.876045,102.03636,0.2699112296104431,3.089473009109497,0.0,0.0,campuran,51,True,True,False,0.0,False
c71e68819170,76466de13247,43403828.0,43403828.0,904.727,981.9911,0.1364453136920929,2.6654531955718994,0.001378472545184195,0.0,campuran,7,True,True,False,0.0015322002582252026,False
417e5d62c729,fb0ad4c159bf,56967010.0,218657390.0,647.2406,644.4289,0.6560638546943665,2.997223377227783,0.02345052920281887,1.0,campuran,36,True,True,False,0.0,False
f3f9652ccc4d,706f54f0f9d6,112599740.0,112599740.0,0.0,0.0,0.07722996175289154,4.567825794219971,0.0,0.0,kilat,23,True,True,False,0.0,False
544dbba5ae2e,596db41c7a76,51240024.0,289491620.0,742.7438,874.04956,0.1808801293373108,2.375030517578125,0.00047438929323107004,0.050677936524152756,campuran,6,True,True,False,0.0005778117047157139,False
0a8a0ff6643e,8fe33df9cca0,73738110.0,7297089000.0,125.900406,126.44753,0.4675254821777344,3.1662869453430176,0.0016627043951302767,1.0,campuran,28,True,True,False,0.000542785637662746,False
21021de2d974,20624fc98c44,65129780.0,65129780.0,2757.7537,3087.8567,0.7762690782546997,1.9787240028381348,0.0,0.0,airtanah,48,True,True,False,0.0,False
2b9909cc3f43,44bf4eca977b,78829896.0,78829896.0,93.245476,89.85909,0.9909360408782959,3.1340246200561523,0.0,0.0,airtanah,22,True,True,False,0.0,False
06e55e68de52,f796c91cdaf2,102169080.0,102169080.0,169.10919,189.04239,0.6740871667861938,3.5053179264068604,0.4486086964607239,1.0,campuran,28,True,True,False,0.0,False
fe5e843a0e51,d2b301ef7bf6,71129730.0,71129730.0,90.81635,125.47215,0.0948345810174942,3.117727756500244,0.0,0.0,campuran,16,True,True,False,0.0,False
d304e5f469b5,e0983523cd1d,75013080.0,75013080.0,56.406654,60.794094,0.8067939281463623,2.198216676712036,0.013885016553103924,0.0,airtanah,37,True,True,False,0.0243357727304101,False
71fd8a9d6772,737079498fcf,47969276.0,,4.2538843,5.5262947,0.8707777857780457,1.425391435623169,0.0,0.0,airtanah,58,True,True,False,0.0,False
2482f49a7ae5,a630b1ff5382,46387676.0,46387676.0,142.05411,152.96437,0.24585875868797302,6.87620210647583,0.0,0.0,kilat,21,True,True,False,0.0,False
3c3e1ac64643,8b50b8bb0dde,54377270.0,171979380.0,713.57025,725.785,0.15312747657299042,3.049856185913086,0.0008587486809119582,0.0,campuran,7,True,True,False,0.001033802138408646,False
dacc70acbb53,430f60a62100,46561900.0,46561900.0,15.794901,16.266,0.933208703994751,3.1441829204559326,0.0,0.0,airtanah,26,True,True,False,0.0,False
cb5e42cec00c,23be96ea86cf,66669260.0,514406370.0,,17225.764,0.8694388270378113,1.92160964012146,0.004215336870402098,0.0,airtanah,14,True,True,False,0.005436265375465155,False
d9336ac2844d,e698d8549bfb,119679570.0,119679570.0,87.38601,60.746323,0.8813778758049011,1.272552251815796,0.004436608403921127,0.0,airtanah,12,True,True,False,0.005096537293866277,False
5473fb3d0b00,a366aabe9e2e,60033840.0,475305150000.0,85.69834,114.18622,0.3447912633419037,1.8482106924057007,1.2830092600779608e-05,0.0,campuran,23,True,True,False,1.3601777027361095e-05,False
de7d2f9b7701,5bf81b3ec03c,162824380.0,3732723200.0,243.7401,295.86154,0.35215938091278076,1.968179702758789,0.0,0.0,campuran,1,True,True,False,0.0,False
0d9e80dab787,76f89801955d,138507040.0,138507040.0,184.31522,222.08171,0.00507743377238512,5.65535831451416,0.0,0.0,kilat,16,True,True,False,0.0,False
bb5d340ed9ca,ad3ff5ae79b5,131491490.0,131491490.0,135.14185,139.00505,0.18218958377838135,3.9261419773101807,0.08797290921211243,1.0,kilat,41,True,True,False,0.0,False
498938f1b4b3,6ae52cc1f54e,38709012.0,38709012.0,41.730114,47.371548,0.4027678966522217,2.098081588745117,0.0,0.0,campuran,16,True,True,False,0.0,False
7a61262283a4,e456462b1537,70438670.0,70438670.0,32.500267,30.810402,0.26756560802459717,3.278707981109619,0.0,0.0,campuran,33,True,True,False,0.0,False
a3f24372f7a7,2e3112806c0e,54994836.0,454800500.0,956.06604,941.3574,0.12011858075857162,4.2885212898254395,0.005588681437075138,0.0,kilat,18,True,True,False,0.00276448717340827,False
e33fff8cdf00,d7f66d0911b2,64848504.0,64848504.0,1774.2532,1852.2412,0.5118342638015747,2.0771610736846924,0.03336172178387642,0.007308929227292538,campuran,13,True,True,False,0.023959355894476175,False
d53fc5f353db,2dacb495cc13,109792890.0,2216223500.0,132.19719,132.71257,0.09868105500936508,2.1411550045013428,2.843094825744629,1.0,campuran,40,True,True,False,2.2292373180389404,True
e4ca7778ea71,f8ba90698d6a,128312200.0,128312200.0,412.0645,491.53433,0.7230707406997681,2.0579793453216553,0.0,0.0,airtanah,1,True,True,False,0.0,False
1e995c06c791,58375db64a6b,91635720.0,91635720.0,,247.22362,0.7323099374771118,1.9033288955688477,0.0,0.0,airtanah,16,True,True,False,0.0,False
60fbb7dbf816,OUTLET,104628470.0,7495913500.0,224.47514,215.1999,0.48960259556770325,1.3605760335922241,9.208873962052166e-05,0.0,campuran,12,True,True,False,9.24428240978159e-05,False
e1f5d81c6ae9,4f0f19ead8a7,81306680.0,8923116000.0,4494.9004,-9999.0,0.3558919131755829,3.339374542236328,0.0626235157251358,0.14466625452041626,campuran,38,True,True,False,0.07493038289248943,False
cbf75bba3605,53417efe9137,83578320.0,83578320.0,396.4732,387.43567,0.1536894142627716,6.700401306152344,0.024552661925554276,1.0,kilat,21,True,True,False,0.00529639283195138,False
6f7362ba567b,1f9610daa531,81972180.0,4458261000.0,2945.0288,2571.8076,0.7549448609352112,2.0774309635162354,0.00016812772082630545,0.0,airtanah,14,True,True,False,0.0001680729037616402,False
0c4248f38e20,541f90408a8a,119384020.0,119384020.0,108.002,116.198814,0.09717022627592087,4.00187349319458,0.0,0.0,kilat,51,True,True,False,0.0,False
ab6c7fb326b0,99cefb5359f1,79948320.0,79948320.0,932.4969,1032.138,0.7480185031890869,2.4851105213165283,0.0,0.0,airtanah,39,True,True,False,0.0,False
430d8f7be657,OUTLET,122739690.0,733224300.0,3643.7449,4074.451,0.8806671500205994,1.3049427270889282,0.00013073593436274678,0.0,airtanah,4,True,True,False,0.0001644104704610072,False
17d24c077287,7272873c3ee7,30339140.0,30339140.0,711.172,626.61505,0.5135236382484436,2.833980083465576,0.0,0.0,campuran,44,True,True,False,0.0,False
e0e4433f632a,f0b2d680fa83,70123560.0,5443112000.0,219.54843,214.11067,0.24620841443538666,1.2684056758880615,0.00761350616812706,0.0,campuran,12,True,True,False,0.00856750924140215,False
b5b289dea15f,e9e10e244346,61261204.0,61261204.0,296.10086,327.33017,0.9789700508117676,2.049785852432251,0.0,0.0,airtanah,25,True,True,False,0.0,False
18b115a0f123,4553f896833a,43781170.0,172400690.0,11.658582,11.7392,0.998425304889679,2.207551956176758,0.0,0.0,airtanah,26,True,True,False,0.0,False
029fb3bc7490,140529565846,93159080.0,93159080.0,1166.8892,1014.54785,0.9268227219581604,3.3357558250427246,0.7771267890930176,0.9307286143302917,airtanah,54,True,True,False,0.2752362787723541,False
d6605c365647,09fe44cd1a40,95920110.0,278904640.0,5280.0825,5687.4834,0.5841057300567627,3.0213241577148438,0.15048635005950928,0.8718758225440979,campuran,28,True,True,False,0.008826084667816758,False
45124d7dadd0,4f56a5877643,119366280.0,119366280.0,83.27429,101.78734,0.485992431640625,3.6749837398529053,0.0,0.0,campuran,37,True,True,False,0.0,False
8d0527c3dfd3,OUTLET,25096776.0,20868884000.0,29354.008,31206.895,0.48500797152519226,1.7157223224639893,0.0003597952891141176,0.0,campuran,39,True,True,False,0.000399811688112095,False
9c6284573de0,6956f621eb67,40054492.0,40054492.0,1095.0171,1158.4277,0.6612408757209778,1.3042206764221191,0.0,0.0,airtanah,13,True,True,False,0.0,False
1b12cfd12d13,657cc76a822f,772406700.0,1393177300.0,13101.562,14239.617,0.3891372084617615,2.6840877532958984,6.306704521179199,0.9927104115486145,irigasi,23,True,True,False,477.42431640625,True
b4cf74c154f9,4c59db107765,117740110.0,117740110.0,34.39318,34.396072,0.8562039732933044,1.0283329486846924,6.160472869873047,0.9962782263755798,irigasi,40,True,True,False,0.45370620489120483,True
05d716d47382,072114d5bebd,60593068.0,60593068.0,73.45129,78.9213,0.9906163811683655,1.820616364479065,0.029225677251815796,1.0,airtanah,36,True,True,False,0.0,False
74703b8501e4,bdcc83abcac9,73927550.0,159358380.0,200.16493,199.04,0.9992079734802246,1.920400619506836,0.5201975107192993,1.0,airtanah,25,True,True,False,0.0,False
ef722273e4e2,92054d5c1b49,81382670.0,179379200.0,35.394547,34.285248,0.5151731371879578,3.1022462844848633,0.0,0.0,campuran,37,True,True,False,0.0,False
a97c725c35b0,1afe6d78a597,42870504.0,42870504.0,142.55077,137.45213,0.16538815200328827,2.928107261657715,0.5637110471725464,0.0,campuran,16,True,True,False,1.3550789654254913,True
da5e399bd39c,8b67af25f310,89664670.0,272751650.0,353.64188,4022.8364,0.7349440455436707,1.9026600122451782,0.0,0.0,airtanah,1,True,True,False,0.0,False
415409eed853,6ac930da5750,106070580.0,175434030.0,2140.7734,1534.7355,0.8333745002746582,3.3281309604644775,0.04988320544362068,0.9705374240875244,airtanah,5,True,True,False,0.009440617955988273,False
5733004f33b2,dd086a863d37,53034536.0,117797570.0,2949.8062,2617.6519,0.7321149706840515,2.5352540016174316,0.03286365792155266,0.7911032438278198,airtanah,50,True,True,False,0.00535973091609776,False
413dbcbbf99d,ed5227674248,65845412.0,65845412.0,24.240583,23.379967,0.8809264302253723,0.5993062257766724,0.0,0.0,airtanah,8,True,True,False,0.0,False
6989f0b64351,a2ae14e0860d,146648000.0,386280770.0,35090.613,37205.0,0.03790832683444023,3.6250574588775635,0.0334625169634819,0.3913901448249817,kilat,14,True,True,False,0.07880064845085144,False
f583a34de175,71c8a3e0a983,100404160.0,29758374000.0,1882.4833,2212.5283,0.05118735134601593,1.897475242614746,0.0,0.0,campuran,48,True,True,False,0.0,False
97248801f8af,6956f621eb67,53607824.0,499204770.0,1072.3143,1109.5399,0.6828104257583618,1.4444819688796997,0.0,0.0,airtanah,13,True,True,False,0.00016619624511804432,False
03437d514c6f,d77301a8a066,103206610.0,103206610.0,53.9551,58.82898,0.6909704208374023,2.4223709106445312,0.2184297740459442,0.0,airtanah,38,True,True,False,0.05597201082855463,False
0aec2e941f37,OUTLET,41759610.0,9765181000.0,31943.72,33918.92,0.3601386249065399,3.105853319168091,0.1386900544166565,0.0,campuran,38,True,True,False,0.18931154906749725,False
5074c30447ae,769fdf9d27b4,96502190.0,96502190.0,1007.26685,920.86163,0.8986776471138,2.972757577896118,0.20410841703414917,0.8896231055259705,airtanah,5,True,True,False,0.24755186215043068,False
910cbbdbfab7,OUTLET,77330730.0,5010618000.0,562.823,586.82544,0.3740658760070801,1.9366599321365356,6.910871161380783e-05,1.0,campuran,17,True,True,False,0.0,False
8f6fd59a7eaa,95f3802d5934,70917464.0,160455330.0,59.658348,63.41535,0.3100106418132782,2.3148560523986816,0.028983179479837418,1.0,campuran,25,True,True,False,0.0,False
d418015a4978,de2b58caae0b,135779400.0,481533470.0,303.77408,324.27673,0.8282248973846436,2.088669538497925,0.0,0.0,airtanah,41,True,True,False,0.0,False
ea751599e221,bb7be119f730,67030810.0,67030810.0,96989.836,98906.7,0.10263931751251221,2.8166306018829346,0.22341227531433105,0.0,campuran,14,True,True,False,0.6856576502323151,True
747a7611682b,496baf7edceb,110283350.0,110283350.0,1952.4225,1968.6292,0.5362816452980042,3.5557422637939453,0.0020934483036398888,0.0,campuran,34,True,True,False,0.004020896420115605,False
8630181bd794,bb8e9eb5d959,49096680.0,301659650.0,42.983448,47.00585,0.12477004528045654,5.7597527503967285,0.0,0.0,kilat,37,True,True,False,0.0,False
89aa446547bc,8d8f849a4feb,56003990.0,212885540.0,77.68166,80.07969,0.12271153926849365,4.590225696563721,0.0,0.0,kilat,12,True,True,False,0.0,False
620b4baec992,33fbf67bea88,43222724.0,43222724.0,332.0562,320.56525,0.5360146164894104,2.330990791320801,0.007867326959967613,0.0,campuran,32,True,True,False,0.0013483325601555407,False
b55dccbbf012,2a15375f28b1,118749540.0,1143005600.0,235.83052,211.7502,0.5228587985038757,1.9055604934692383,0.1398618519306183,0.923161506652832,campuran,38,True,True,False,0.008993628900498152,False
7b24b6dfb210,29c20e6a6ae0,87137780.0,87137780.0,107.54813,103.16319,0.22572346031665802,3.8504183292388916,0.0,0.0,kilat,55,True,True,False,0.0,False
d0a1c4624ee5,ff3d4c568a6a,73276700.0,73276700.0,117.23051,105.55855,0.5177372694015503,2.458117723464966,0.0,0.0,campuran,37,True,True,False,0.0,False
349207778e95,25089dc1f42e,150106880.0,150106880.0,167.41106,156.42531,0.9834566116333008,2.5966572761535645,0.0,0.0,airtanah,36,True,True,False,0.0,False
f48b4f0426a7,a0b9877af6b0,105220600.0,105220600.0,176.91048,193.86359,0.6486248970031738,3.061507225036621,0.0,0.0,campuran,50,True,True,False,0.0,False
938234f8c1da,39866bfa131d,94185570.0,94185570.0,7.483011,11.037649,0.8419003486633301,0.9677948951721191,0.0,0.0,airtanah,19,True,True,False,0.0,False
bc2586cd5833,OUTLET,180950960.0,3500617700.0,3298.8538,3002.498,0.4787193238735199,2.8780577182769775,9.62104822974652e-05,0.8722565770149231,campuran,44,True,True,False,1.0082861763294204e-05,False
bb7cdf4db9ce,92432ba08a86,50675788.0,122113460.0,1399.4678,1368.1208,0.21825635433197021,2.660560131072998,0.008403374813497066,0.0,campuran,7,True,True,False,0.007491552969440818,False
51b44b0c4f9e,4544c47ec347,74804640.0,74804640.0,11.828089,13.247549,0.9199037551879883,0.5933877825737,0.0,0.0,airtanah,19,True,True,False,0.0,False
40936a6539e6,58ca0a2f6043,154553180.0,1266454700.0,1661.6693,2112.241,0.7833627462387085,3.1214613914489746,0.17146167159080505,0.9632301330566406,airtanah,31,True,True,False,1.1094472408294678,True
99aac17d6186,c427b95c8a0b,81407600.0,230221900.0,86.22707,92.986595,0.2919572591781616,4.627047061920166,0.0,0.0,kilat,37,True,True,False,0.0,False
727836058aa3,d626bada2e0c,143348300.0,143348300.0,179.27583,201.71603,0.7611871957778931,2.725085496902466,0.022429615259170532,0.0,airtanah,12,True,True,False,0.036599574610590935,False
b447971c7078,fb697bf55df6,52783680.0,52783680.0,8.236935,8.369425,0.9907325506210327,2.0113601684570312,0.0,0.0,airtanah,29,True,True,False,0.0,False
c046626aa6ce,256471c7f4d7,40184004.0,40184004.0,91.80871,79.34362,0.9516700506210327,1.5550976991653442,0.007157136220484972,0.0,airtanah,17,True,True,False,0.003704157192260027,False
4234523e5284,1afe6d78a597,-97116640.0,7682591000.0,328.3642,342.67654,0.26563483476638794,1.6672931909561157,0.0,0.0,campuran,16,True,True,False,0.0,False
c942bf7b32a8,deb523d5a8b3,177826340.0,1753519000.0,378.1225,356.61777,0.8296511769294739,1.8078111410140991,2.7131800379720517e-06,0.0,airtanah,17,True,True,False,1.407778086104372e-06,False
cfeb98538b7c,OUTLET,138797060.0,213382600.0,192.0898,231.45367,0.8620765805244446,4.732049465179443,0.00015418737893924117,0.0,kilat,67,True,True,False,6.122220656834543e-05,False
1a58f080fc86,d652f01109e0,78250920.0,78250920.0,205.98764,315.77545,0.7721524238586426,1.8579216003417969,0.0,0.0,airtanah,1,True,True,False,0.0,False
cb1af8b2e5d3,7da4a9a582e5,75890300.0,75890300.0,231.69954,242.85768,0.45221707224845886,2.864654064178467,0.0,0.0,campuran,50,True,True,False,0.0,False
8916c20548ac,bd881caa9052,121779730.0,121779730.0,188.79648,184.91376,0.5354829430580139,2.6031010150909424,0.0,0.0,campuran,24,True,True,False,0.0,False
7650ce5063e8,a81dd850e44f,66057030.0,66057030.0,12.232326,12.264716,0.757081925868988,1.7488110065460205,0.0,0.0,airtanah,19,True,True,False,0.0,False
0e96c81b9f20,4cdcfa93acf8,102798824.0,1914960300.0,16653.143,14232.765,0.38525810837745667,1.747221827507019,0.0009222637163475156,0.26084813475608826,campuran,13,True,True,False,0.0006299673696048558,False
0255288cded4,b6695c507840,48500924.0,48500924.0,190.55493,196.35933,0.7190651297569275,2.963940143585205,0.0037018246948719025,0.0,airtanah,31,True,True,False,0.0427180714905262,False
ff12fcfe293b,cfe4674557a5,133810430.0,133810430.0,130.42119,125.13693,0.5726770162582397,2.9100399017333984,0.0,0.0,campuran,12,True,True,False,0.0,False
5e1b43c6ce39,911d03f2e183,121876630.0,463429920.0,25517.553,25026.305,0.7053694128990173,1.5122265815734863,0.006515756715089083,0.0,airtanah,39,True,True,False,0.006412499817088246,False
57bd732a250a,0f41809925d7,70780856.0,255002880.0,16.902918,16.320961,0.1295480728149414,2.9968690872192383,0.0,0.0,campuran,33,True,True,False,0.0,False
c91fa953d41e,750bf8a55ff2,41400476.0,41400476.0,10.073787,14.003961,0.006003948859870434,7.0,0.2271866500377655,1.0,kilat,23,True,True,False,0.0,False
fdb1a40bd3af,4452c98922cd,46056660.0,46056660.0,71.44063,,0.030505158007144928,5.900726795196533,0.0,0.0,kilat,12,True,True,False,0.0,False
99e23cb68f23,16c3aa694366,73641000.0,73641000.0,14.754895,13.705505,0.9465008974075317,2.2662973403930664,0.0,0.0,airtanah,19,True,True,False,0.0,False
936bc15ce445,b4ff17065657,97866344.0,207550510.0,540.4586,610.5118,0.6061654090881348,3.6786787509918213,0.0,0.0,campuran,30,True,True,False,0.0,False
b367be1c3b6d,e20c7108c6fc,101241800.0,101241800.0,105.248886,72.248276,0.9540612697601318,1.114441156387329,0.0,0.0,airtanah,15,True,True,False,0.0,False
ba3c77d3bffe,08a75427862b,134164350.0,200389090.0,16431.828,15834.683,0.36713120341300964,1.797698736190796,0.03364420309662819,0.0,campuran,48,True,True,False,0.03146784892305732,False
c01b13e7fd43,6c854be214db,57446440.0,57446440.0,4163.6416,4741.1714,0.6237965822219849,2.4249093532562256,0.320921927690506,0.6144654154777527,airtanah,68,True,True,False,0.13942651730030775,False
4457adc1419d,c9cb085d8e67,72017300.0,168310190.0,27.617819,24.322886,0.9387633800506592,0.6223417520523071,0.0,0.0,airtanah,19,True,True,False,0.0,False
2069c2702e88,0813f8463d57,123657030.0,-9999.0,45.24315,48.921898,0.576592206954956,1.9370945692062378,3.02449484479439e-06,1.0,campuran,23,True,True,False,1.6149098200912704e-06,False
12dc8df8dc86,c43817e18fd9,140808030.0,214233490.0,115.65381,84.70194,0.4788673520088196,1.752237319946289,0.0,0.0,campuran,16,True,True,False,0.0,False
12f9a864deeb,01515e254d1a,157325780.0,1774273000.0,134.34225,148.39975,0.6617814898490906,1.2959232330322266,0.5660936236381531,0.9975748658180237,airtanah,2,True,True,False,0.000809736258815974,False
9fa0b279db20,b36c08026112,129173950.0,330823900.0,135192.53,130673.24,0.7045456767082214,1.8860421180725098,0.04522750526666641,0.0,airtanah,20,True,True,False,0.0704934410750866,False
b4621c3fda6d,3cc6d0739c4e,88603020.0,338531650.0,69409.945,74534.98,0.08826151490211487,3.118988037109375,0.037413351237773895,0.002392122521996498,campuran,14,True,True,False,0.06914789043366909,False
3bfdf5a051b5,0813f8463d57,137807920.0,244445970.0,7.4943323,7.134217,0.024316102266311646,6.087924480438232,0.0,0.0,kilat,23,True,True,False,0.0,False
52b4de9d98f1,5ea931db8cda,68693520.0,68693520.0,14.446564,13.175226,0.9206005334854126,0.7103583812713623,0.0,0.0,airtanah,19,True,True,False,0.0,False
26d69065eb96,OUTLET,65765028.0,65765028.0,,736.06195,0.3211531937122345,2.779195547103882,0.0,0.0,campuran,69,True,True,False,0.0,False
6e0756ebeafa,7cc365e2e4e9,54991276.0,54991276.0,1020.3828,1067.4885,0.6269471645355225,1.8282272815704346,0.0331973060965538,0.0,airtanah,1,True,True,False,0.0263287965208292,False
a602a3de58d2,a1692d8c2626,66630280.0,176743090.0,1999.5491,1811.4954,0.31646421551704407,2.4016401767730713,0.003640829585492611,0.0,campuran,6,True,True,False,0.00216198549605906,False
48609f536aba,7272873c3ee7,25491654.0,25491654.0,1076.8127,967.8449,0.442951500415802,4.183061122894287,0.0,0.0,kilat,44,True,True,False,0.0,False
56c7a30ca56a,decd1d8173c9,119584310.0,1127968400.0,195.99176,241.96922,0.5472853779792786,2.2785305976867676,0.0002847370342351496,0.0,campuran,1,True,True,False,0.00015405301382998005,False
4c7e7fda9337,OUTLET,104740180.0,1184590000.0,79504.01,82949.71,0.5278854370117188,1.966283917427063,0.012317273765802383,0.0,campuran,35,True,True,False,0.013382231816649437,False
fbba8fe16afd,5733004f33b2,62364520.0,62364520.0,3592.6582,3235.591,0.6517816781997681,2.7965664863586426,0.0001844062644522637,1.0,airtanah,50,True,True,False,0.0,False
a2ae14e0860d,3aea73b886d0,106583540.0,6905051600.0,-9999.0,4112.4487,0.8311557769775391,2.023935079574585,2.832326754287351e-05,0.0,airtanah,14,True,True,False,2.0779344595212024e-05,False
7db42a1014a4,3674ccc0a1b8,67133430.0,182751020.0,2134.2273,2199.7563,0.48010504245758057,2.180668354034424,0.0,0.0,campuran,13,True,True,False,0.0,False
b35c77dc444f,d6046995f1e0,106364290.0,106364290.0,,26.175175,0.18253159523010254,3.242608070373535,0.0,0.0,campuran,8,True,True,False,0.0,False
3462632f7dbe,9e44bb90b586,,73362456.0,14.975926,13.649178,0.9130143523216248,0.9227480888366699,0.0,0.0,airtanah,19,True,True,False,0.0,False
e2878c4735a7,dd80fe4d3e57,78608810.0,210196980.0,33.54982,35.61461,0.7403020858764648,1.5530380010604858,0.0,0.0,airtanah,10,True,True,False,0.0,False
4a716c5f5b7a,175db4eeb0ae,101229784.0,,64.61815,84.09075,0.23533934354782104,2.9246790409088135,0.00034666608553379774,0.0,campuran,37,True,True,False,0.00036177194851916283,False
ff24d9f6785a,430d8f7be657,122708310.0,122708310.0,3259.426,3771.9766,0.8656430244445801,1.668869972229004,0.0005402961978688836,0.0,airtanah,4,True,True,False,0.0008063303539529443,False
157b7ab3c9bd,9e8352eefd27,124601470.0,124601470.0,974.48785,856.5286,0.813157856464386,2.3111517429351807,0.0,0.0,airtanah,31,True,True,False,0.0,False
5723c8d167c9,cd778b340be6,83699100.0,83699100.0,1309.4808,1287.7772,0.7407358884811401,2.812567710876465,0.0,0.0,airtanah,0,True,True,False,0.0,False
1fbedbdab0e5,d627a55ec3e3,70306330.0,70306330.0,1216.9994,1542.3676,0.43210089206695557,3.815310001373291,2.273771047592163,1.0,irigasi,14,True,True,False,0.3673434555530548,True
0d4449d5b100,f8e0ce2326cd,83973900.0,9828776000.0,3080.8237,3638.6392,0.024334188550710678,2.1508684158325195,0.0026165018789470196,0.8372580409049988,campuran,31,True,True,False,0.0015589406830258667,False
dd8c963207ee,020943439951,125353416.0,166004370.0,356.61472,332.25333,0.16039913892745972,4.059783935546875,0.0,0.0,kilat,55,True,True,False,0.0,False
9a76cd6fb82a,9568d0775696,154744200.0,154744200.0,44548.902,39776.33,0.12014595419168472,2.7892215251922607,0.06125684827566147,0.0,campuran,49,True,True,False,0.024334697052836418,False
55ffa1fbbc4d,3b5142729b38,47724148.0,47724148.0,39.39088,43.448967,0.9956542253494263,1.186513900756836,0.0,0.0,airtanah,53,True,True,False,0.0,False
87da4e73a718,9af12fd0ad66,72777230.0,151037820.0,517.95557,445.899,0.6803708076477051,3.2430880069732666,1.303950548171997,0.9998065233230591,airtanah,36,True,True,False,0.8119840025901794,True
9e8352eefd27,0348f52a12b0,114268870.0,507544320.0,1239.4094,1023.49915,0.6148176193237305,2.832549810409546,0.002447620965540409,1.0,campuran,31,True,True,False,0.0,False
92aa0dfa5139,8ee618134a7d,85375920.0,1517621000.0,1788.4443,1471.9424,0.661432683467865,3.0629448890686035,0.008795836940407753,1.0,campuran,5,True,True,False,0.06179948733188212,False
9a68e3e5eef2,OUTLET,46451316.0,89525290.0,51.302357,52.81923,0.0,0.7485489249229431,0.0,0.0,campuran,70,True,True,False,0.0,False
088b7eb9f010,208d8b4fda00,81957576.0,81957576.0,1151.1053,1211.4784,0.6233543157577515,3.7500290870666504,0.5257053971290588,0.9932692646980286,campuran,28,True,True,False,0.0016040075570344925,False
7999ab98b0d4,98c2ad90eba7,69169930.0,69169930.0,16.725222,15.48791,0.341152548789978,2.6269147396087646,0.0,0.0,campuran,33,True,True,False,0.0,False
7422488bd815,f3163f1a96ef,124538590.0,236231220.0,40.035114,40.96418,0.5586720108985901,3.0757038593292236,0.0,0.0,campuran,42,True,True,False,0.0,False
edfdd15da6f4,dd80fe4d3e57,62139092.0,,26.30933,26.22682,0.9747086763381958,1.0437809228897095,0.0,0.0,airtanah,10,True,True,False,0.0,False
5c887477584f,7cd5880b709c,30541628.0,30541628.0,104.43658,86.89838,0.583884596824646,1.5767122507095337,0.0,0.0,airtanah,16,True,True,False,0.0,False
f4973cd7f4f1,627128a53903,51156610.0,219418350.0,14.304331,13.30306,0.5206260085105896,2.135160446166992,0.00012384014553390443,1.0,campuran,8,True,True,False,0.0,False
fd15c3f95a91,0a48a7d11618,122414184.0,616244600.0,1133.7904,1123.5533,0.9729721546173096,2.5348269939422607,0.028708677738904953,1.0,airtanah,5,True,True,False,0.0029210245497779397,False
3c05dc81234f,6988c485553e,101104800.0,101104800.0,115.77962,134.84105,0.8973150253295898,1.1979591846466064,6.212954521179199,1.0,irigasi,40,True,True,False,52.91460037231445,True
21c8e66a6887,OUTLET,29525918.0,29525918.0,40.74052,42.132313,0.5593175292015076,2.108410120010376,0.0,0.0,campuran,71,True,True,False,0.0,False
bb3c32ed6955,a1692d8c2626,68860130.0,417799680.0,865.504,850.6153,0.32934021949768066,2.0510382652282715,0.0,0.0,campuran,6,True,True,False,0.0,False
0b1658cdded4,9485c4f63930,77623500.0,568275840.0,63.60109,67.99054,0.8586130142211914,2.6415131092071533,0.0,0.0,airtanah,51,True,True,False,0.0,False
1471144d6d04,473f5e79ba77,69010710.0,276734850.0,831.68384,749.9765,0.9646841883659363,4.241481304168701,0.0005718357861042023,0.0,airtanah,18,True,True,False,0.0009568226669216529,False
98e0c8240fe5,d411bc5bd169,96105860.0,153962030.0,452.81622,445.70392,0.21575039625167847,5.778346538543701,0.49579328298568726,0.998892605304718,kilat,28,True,True,False,0.0010321584122721106,False
3acecacbdd1b,92aa0dfa5139,83502824.0,1565732200.0,588.01404,618.68414,0.8631736636161804,3.0975162982940674,0.004953763447701931,1.0,airtanah,5,True,True,False,0.0003011431781487772,False
99e5882f80f6,3e280a4db698,85577650.0,85577650.0,736.1284,706.2425,0.7131405472755432,3.3444087505340576,0.5076628923416138,0.9947173595428467,airtanah,28,True,True,False,0.0030730519792996347,False
e14cefcf23fd,c397bbc15f81,32932410.0,32932410.0,11865.298,11078.368,0.8224649429321289,1.2611005306243896,0.21471577882766724,0.0,airtanah,72,True,True,False,0.2215367555618286,False
b9463571c8c6,0199df5bad86,80110856.0,12433297000.0,455.00894,535.3261,0.5234400629997253,1.9287766218185425,0.00319858081638813,0.9503182172775269,campuran,41,True,True,False,0.00018755372002488002,False
b4d2e31928ef,0e96c81b9f20,87052240.0,1585135700.0,7503.4585,6257.8315,0.39526528120040894,1.5759207010269165,0.002427188213914633,0.5266214609146118,campuran,13,True,True,False,0.0008121841528918594,False
94545ac70976,77d400c182c9,48786340.0,362131600.0,297.99423,305.84357,0.8512112498283386,3.3905811309814453,0.0,0.0,airtanah,31,True,True,False,0.0,False
4e496dd72292,60fbb7dbf816,130542310.0,7403948500.0,394.64514,423.1842,0.2712157964706421,1.2795687913894653,0.00167616899125278,0.0,campuran,12,True,True,False,0.001575532485730946,False
c019c4600f94,771dd4e6294f,106100904.0,469578240.0,19.464142,17.613302,0.3298203945159912,1.6956088542938232,0.0,0.0,campuran,19,True,True,False,0.0,False
9840f6517725,ac4e08ecb3bf,103237670.0,103237670.0,130.6154,158.97148,0.9584954380989075,1.6459959745407104,0.2800745368003845,1.0,airtanah,31,True,True,False,0.0,False
86dfdc132504,6fd2454edae9,107840040.0,765346050.0,33892.117,34436.01,0.19115549325942993,3.625833749771118,0.006692314986139536,0.0,kilat,49,True,True,False,0.0026927203871309757,False
473f5e79ba77,e7cf57f7e2ed,50167412.0,342594900.0,650.2418,569.21674,0.9212858080863953,4.335001468658447,0.0,0.0,airtanah,18,True,True,False,0.0,False
c3e78b997854,d32795ff5ae8,,103950960.0,1173.2699,1316.6044,0.5440482497215271,2.0861639976501465,0.014872939325869083,1.0,campuran,6,True,True,False,0.0,False
4baddb5ab1f1,de2985a004e1,97719810.0,97719810.0,13576.397,12153.47,0.9693763852119446,2.5747933387756348,0.053751781582832336,0.5005233883857727,airtanah,14,True,True,False,0.05457275174558163,False
5c3728a8e41e,7b625c4cf25a,146701940.0,146701940.0,108.85635,100.35658,0.8579527139663696,2.255727767944336,0.0,0.0,airtanah,42,True,True,False,0.0,False
14c3414d215d,1de9cf2ead94,53866184.0,53866184.0,15.103677,10.38469,0.9767290353775024,0.8917849063873291,0.0,0.0,airtanah,23,True,True,False,0.0,False
28e48eb64f08,393031da8eb0,61867324.0,61867324.0,11.447978,10.6355505,0.7671195268630981,1.4212229251861572,0.0,0.0,airtanah,19,True,True,False,0.0,False
ccae951c4b85,fb18bd824e0c,88256264.0,88256264.0,2890.6697,2963.0474,0.5732176899909973,2.1931002140045166,0.16008445620536804,0.9390116333961487,campuran,5,True,True,False,0.03266599029302597,False
bdeba6f3798e,b02e5ababac1,47786090.0,47786090.0,37.078903,46.87827,0.9979602694511414,1.0266211032867432,0.0,0.0,airtanah,41,True,True,False,0.0,False
37e2101ee8ed,b3ff28b99a16,132871544.0,132871544.0,7447.4263,7072.2773,0.7944872379302979,1.8124008178710938,1.300033688545227,0.929133415222168,airtanah,22,True,True,False,0.7480970174074173,True
dea528625c15,385d78a902f8,110686530.0,110686530.0,17479.613,15304.172,0.5152711868286133,1.8658440113067627,0.04495323449373245,0.0,campuran,48,True,True,False,0.04658931028097868,False
dde3d466a890,39a805b32ec5,163222180.0,308187040.0,127.97568,111.703865,0.6970196962356567,1.707103967666626,0.0,0.0,airtanah,25,True,True,False,0.0,False
807109460e38,1d727c11b4a1,64246264.0,64246264.0,140.951,112.61286,0.9577165246009827,1.6750776767730713,0.0,0.0,airtanah,17,True,True,False,0.0,False
4434c19f50ea,d9e8f5b6210c,59850950.0,59850950.0,54.71232,45.74777,0.9925885200500488,1.9475816488265991,0.0,0.0,airtanah,12,True,True,False,0.0,False
0c1a541d91c5,2d033651320d,44468980.0,44468980.0,2044.0088,2172.3723,0.7534888982772827,3.402251958847046,0.019768914207816124,0.0,airtanah,18,True,True,False,0.01890722382813692,False
63f5738d1fc6,e0211ae17100,,106491950.0,101.895706,88.50887,0.9964619874954224,3.1167855262756348,0.0,0.0,airtanah,26,True,True,False,0.0,False
8db7dcf74474,bd6ae83ee62f,58509736.0,1033869630.0,1844.7631,2264.4365,0.6471526026725769,1.4287009239196777,9.113740816246718e-05,0.0,airtanah,13,True,True,False,5.1461604016367346e-05,False
92c2745dce8c,aaf2a0c36bcc,52322336.0,52322336.0,70.13522,81.27427,0.22288751602172852,2.8931970596313477,0.0,0.0,campuran,16,True,True,False,0.0,False
d181857d07c3,0a8a0ff6643e,136904670.0,219587150.0,302.63037,282.77267,0.09865112602710724,4.553926467895508,0.11753394454717636,1.0,kilat,28,True,True,False,0.0,False
82cabeef697d,ec1c5fb3ffa8,72709440.0,939961340.0,12.649314,15.150794,0.6898655891418457,1.8832783699035645,0.0,0.0,airtanah,19,True,True,False,0.0,False
4ca4c2523e1b,7cc365e2e4e9,160645260.0,160645260.0,684.6519,722.632,0.32369768619537354,4.701355934143066,0.0,0.0,kilat,1,True,True,False,0.0,False
044611a202cd,99cefb5359f1,130619330.0,130619330.0,1870.1079,1692.8345,0.6063368320465088,2.2460923194885254,0.0,0.0,airtanah,39,True,True,False,0.0,False
e5dfd5763ef1,f2847fc9a134,79966040.0,79966040.0,13.119965,13.630314,0.36818769574165344,3.0205881595611572,0.0,0.0,campuran,55,True,True,False,0.0,False
e3b6f7229119,695cbc71ee7f,83247384.0,83247384.0,107.21696,116.34882,0.968907356262207,2.616718292236328,0.0,0.0,airtanah,36,True,True,False,0.0,False
7e929ec7ee77,9a5ce25f4e25,56681600.0,56681600.0,15.619123,18.151262,0.9391897320747375,1.34648597240448,0.0,0.0,airtanah,60,True,True,False,0.0,False
8c91a07fa2e6,570ecbd71f56,34169630.0,34169630.0,133.99731,140.179,0.6557968258857727,1.5937364101409912,0.0,0.0,airtanah,3,True,True,False,0.0,False
c112d83368f5,5c58c9645931,90642180.0,202037860.0,26558.479,23714.87,0.22766244411468506,2.4064888954162598,0.06446146965026855,0.3401312828063965,campuran,14,True,True,False,0.04309602826833725,False
77dcef9246e7,89e11cbe5d98,47132172.0,47132172.0,508.5644,535.7815,0.12086918950080872,3.6181671619415283,0.6075330972671509,0.21085083484649658,kilat,31,True,True,False,2.0805766582489014,True
a38eec2f900e,18ed53c72146,106562570.0,272263550.0,178733.39,183056.22,0.8463002443313599,1.3781284093856812,0.3376151919364929,0.0,airtanah,4,True,True,False,0.43208274245262146,True
170f95c060e1,e149aab086be,151343940.0,151343940.0,662.8783,687.68054,0.8201591372489929,2.4002938270568848,0.0,0.0,airtanah,1,True,True,False,0.0,False
e8781e36d810,541f90408a8a,61241220.0,799109400.0,60.011463,62.150063,0.9642107486724854,2.4563724994659424,0.0,0.0,airtanah,51,True,True,False,0.0,False
e9880428aea8,b71d0477f847,72248670.0,72248670.0,133.64702,122.355545,0.4739447236061096,3.2071542739868164,0.4394303262233734,1.0,campuran,28,True,True,False,0.0,False
54bb386289df,9485c4f63930,109541730.0,109541730.0,109.77531,107.1338,0.9780390858650208,0.957115888595581,0.0,0.0,airtanah,51,True,True,False,0.0,False
7dc563c857b4,98c2ad90eba7,,38013620.0,8.727155,9.04833,0.2178608477115631,3.110628604888916,0.0,0.0,campuran,33,True,True,False,0.0,False
b05caf218293,d2f20d09a6b5,153590200.0,114684380000.0,83.64216,87.52728,0.425348699092865,2.352742910385132,0.0,0.0,campuran,8,True,True,False,0.0,False
b215f324fe01,7b625c4cf25a,120247420.0,698986900.0,39.904026,38.349747,0.7292063236236572,3.204108476638794,0.0,0.0,airtanah,42,True,True,False,0.0,False
5f6271e5c6d9,8c94b794e82d,118969290.0,,1536.691,1178.4259,0.8778989315032959,2.337287187576294,0.0,0.0,airtanah,14,True,True,False,0.0,False
794b896148d7,8a61142456df,69211600.0,69211600.0,30.674356,34.275505,0.4549751877784729,2.1987574100494385,0.0,0.0,campuran,10,True,True,False,0.0,False
9b37ea3bc3db,f53bce1878c9,143147570.0,7447914000.0,28200.1,24502.182,0.19576261937618256,2.730133295059204,0.002224280731752515,0.0681174099445343,campuran,20,True,True,False,0.002903394401073456,False
3b7c9a2e980d,bc2586cd5833,174906060.0,174906060.0,1776.0538,1462.8148,0.8609023690223694,2.7512881755828857,0.0,0.0,airtanah,44,True,True,False,0.0,False
0f580f594d1f,3e50445156dc,105350344.0,105350344.0,2047.2579,1897.6766,0.48866817355155945,2.181835651397705,1.6955793398665264e-05,0.0,campuran,6,True,True,False,2.0931943254254293e-05,False
256471c7f4d7,c942bf7b32a8,69477540.0,456391970.0,163.26402,137.52245,0.9406527280807495,1.5777567625045776,0.0,0.0,airtanah,17,True,True,False,0.0,False
20ba7eb8e660,e7be847967ba,40287212.0,4510186000.0,62.501774,52.49245,0.31932005286216736,1.9541109800338745,0.0,0.0,campuran,17,True,True,False,0.0,False
fcae971daccf,40e45749d6e6,44414516.0,263417340.0,474.92303,444.119,0.29079294204711914,2.620298147201538,0.0,0.0,campuran,7,True,True,False,0.0,False
75725b9f3e86,4c62a2381cf8,111263050.0,411493250.0,174.41614,168.05666,0.13992835581302643,2.534748077392578,0.0,0.0,campuran,12,True,True,False,0.0,False
e43b308ade69,e68c6f2e8f02,75949144.0,75949144.0,1850.0969,1871.4373,0.8337994813919067,1.5520156621932983,0.00572099257260561,0.0,airtanah,13,True,True,False,0.003402024623937905,False
df824e68f5fe,f15bb00bd1bb,109297080.0,9446041000.0,2694.7664,2926.0427,0.5290073156356812,1.9160091876983643,0.0,0.0,campuran,39,True,True,False,0.0,False
fdbf30308caa,23431f777a6d,111181240.0,111181240.0,45.392128,50.886738,0.12271765619516373,3.7495315074920654,0.0,0.0,kilat,33,True,True,False,0.0,False
f36fcdacfb71,d8fdd816ab5c,171599540.0,171599540.0,,349.8269,0.23730476200580597,3.2190332412719727,0.0,0.0,campuran,50,True,True,False,0.0,False
92afd3e2bba6,9241c5ecdb10,118263650.0,648277600.0,31.775,29.178543,0.9902868270874023,1.1124601364135742,0.0,0.0,airtanah,8,True,True,False,0.0,False
575d63b5a313,8b761e54a06e,64455496.0,64455496.0,12.316984,11.849164,0.9265189170837402,0.6381627321243286,0.0,0.0,airtanah,19,True,True,False,0.0,False
bd44d3703e08,0bceeb88e472,77035290.0,205300620.0,58.417923,59.97257,0.9571821093559265,2.4431920051574707,0.0,0.0,airtanah,37,True,True,False,0.0,False
4ab2865819f4,0b5f18e682ba,0.0,244210270.0,39.105705,33.4396,0.942290186882019,0.6664170622825623,0.0,0.0,airtanah,19,True,True,False,0.0,False
59ab992e93d4,61b2f97e2f30,97846776.0,97846776.0,309.0575,299.64944,0.9921153783798218,0.9763188362121582,0.0,0.0,airtanah,12,True,True,False,0.0,False
88bcb825868a,e20c7108c6fc,142150860.0,825700600.0,59.82933,35.903755,0.9159900546073914,1.421250343322754,0.0,0.0,airtanah,15,True,True,False,0.0,False
df8d7e7f2b47,b1384770b0e6,55030270.0,2531128600.0,1302.0083,1280.2429,0.18664774298667908,2.1222777366638184,0.0,0.0,campuran,6,True,True,False,0.0,False
c892aca217d0,1c1004ecea58,24281218.0,24281218.0,502.3778,461.6161,0.4538756012916565,2.910766839981079,0.003357011592015624,0.0,campuran,44,True,True,False,0.002599334577098489,False
fd6eaa2e9b5d,8d0527c3dfd3,100164600.0,11745823000.0,21924.475,23981.193,0.5789815783500671,1.7326366901397705,0.00018500976148061454,0.0,airtanah,39,True,True,False,0.00020242679602233693,False
4b1a9f2654e7,18b115a0f123,141233440.0,141233440.0,35.734356,33.30319,0.9976685047149658,2.371098518371582,0.0,0.0,airtanah,26,True,True,False,0.0,False
75a2224e0ba5,6e24eb9e545e,397390750.0,4444835300.0,85.493645,66.81986,0.8820609450340271,0.9439395666122437,0.0,0.0,airtanah,19,True,True,False,0.0,False
d0fefe0c89ae,3fd857f444ba,56294060.0,56294060.0,1833.6873,1830.8354,0.6490435004234314,2.3609845638275146,0.0,0.0,airtanah,14,True,True,False,0.0,False
c280bc262f42,c019c4600f94,112128890.0,112128890.0,21.58866,19.157946,0.832425057888031,1.398603916168213,0.0,0.0,airtanah,19,True,True,False,0.0,False
c06fa97ce6be,33771d15adb1,44634336.0,342819360.0,601.68744,670.24194,0.17289716005325317,2.781196355819702,0.0010575378546491265,0.0,campuran,7,True,True,False,0.0010890087578445673,False
521327fd2b10,5c87cf3fadd1,141164700.0,340364930.0,75.15649,95.9736,0.9826090335845947,1.5533097982406616,1.116880178451538,0.9962433576583862,airtanah,2,True,True,False,0.002854464575648308,False
e023e79b4feb,7b625c4cf25a,168439380.0,,47.638653,53.791836,0.6742969155311584,1.7570443153381348,0.0,0.0,airtanah,42,True,True,False,0.0,False
aa4a01b24913,4beb05a07dff,61836388.0,61836388.0,15.467397,15.038141,0.490777850151062,2.2927987575531006,4.946791172027588,1.0,irigasi,9,True,True,False,16.915544509887695,True
2fd1a726de5e,52e0f5d1aae4,40417110.0,40417110.0,8.840984,11.612187,0.3916047215461731,0.0,0.0,0.0,campuran,23,True,True,False,0.0,False
f4b806fd38c1,88bcb825868a,60503908.0,60503908.0,14.366,8.490806,0.938296914100647,2.034130096435547,0.0,0.0,airtanah,15,True,True,False,0.0,False
8f2e9af89ac0,OUTLET,106482850.0,43824550000.0,2.3114235,2.4133048,0.3248187303543091,3.0442187786102295,0.0,0.0,campuran,51,True,True,False,0.0,False
668e101ef8c7,9e44bb90b586,54286510.0,54286510.0,18.807205,17.335955,0.9327985048294067,0.7273073196411133,0.0,0.0,airtanah,19,True,True,False,0.0,False
500f54c21890,53b80685aec0,81179560.0,81179560.0,0.070552506,0.20048225,0.9995508193969727,0.3797810673713684,0.0,0.0,airtanah,56,True,True,False,0.0,False
8479e5820c3c,441e5709f132,40896120.0,40896120.0,33236.637,35753.34,0.06714729219675064,2.673252820968628,0.36246567964553833,0.0,campuran,18,True,True,False,0.6990532577037811,True
7971f6842ab5,175db4eeb0ae,124417220.0,355142700.0,94.887825,106.670815,0.20545752346515656,3.976863145828247,0.0,0.0,kilat,37,True,True,False,0.0,False
4fa2fcbbebf5,c942bf7b32a8,62547000.0,,139.9397,116.54045,0.6837502121925354,1.8581687211990356,0.0,0.0,airtanah,17,True,True,False,0.0,False
c6ed47a4aa26,a81dd850e44f,52620280.0,52620280.0,9.7603,9.131082,0.2215973138809204,3.9100685119628906,0.0,0.0,kilat,19,True,True,False,0.0,False
ddcb2f1c2500,06bcd3733103,92405464.0,92405464.0,1352.6793,1320.426,0.3297092914581299,2.3992133140563965,0.0,0.0,campuran,32,True,True,False,0.0,False
2c02e679bf27,e8c6012436bd,80125576.0,80125576.0,84.60111,91.73044,0.12783360481262207,3.846285343170166,0.010809332132339478,1.0,kilat,37,True,True,False,0.0,False
57a18930c84c,078fa9d45786,107650840.0,107650840.0,132.93202,128.2956,0.005488450638949871,6.33188533782959,0.8072719573974609,1.0,kilat,2,True,True,False,0.0,False
7d703ce40f9b,96020383c2be,141913580.0,322109540.0,84.396935,80.485435,0.6373156905174255,4.558679580688477,3.9985857009887695,1.0,irigasi,40,True,True,False,7.000879764556885,True
0ae4e00403eb,2b5ba9e284dd,51834104.0,51834104.0,10269.763,9936.115,0.4180378317832947,1.7691457271575928,0.050565965473651886,0.0,campuran,39,True,True,False,0.06284411996603012,False
1ccbaae6e6c5,8b50b8bb0dde,102275544.0,102275544.0,1107.2058,974.27637,0.19431868195533752,2.953030586242676,0.0001032254658639431,0.0,campuran,7,True,True,False,6.141586345620453e-05,False
78481c8e4d5d,81f57d261b4f,104957950.0,104957950.0,113.78942,110.338776,0.6320933103561401,2.3573668003082275,0.0,0.0,airtanah,41,True,True,False,0.0,False
b3ff28b99a16,16a78fc5ec8e,107701820.0,308724030.0,16150.245,16717.41,0.902482271194458,1.7139471769332886,1.411501407623291,0.8552497625350952,airtanah,22,True,True,False,0.8144136071205139,True
2aa61f8e73f6,b5877defaace,50358650.0,50358650.0,21.353563,20.021955,0.9946653842926025,2.916246175765991,0.00018551404355093837,0.0,airtanah,26,True,True,False,0.0005759770865552127,False
139d3e3c2ae6,c804f99923ff,,1515356000.0,77.81846,72.7343,0.9996162056922913,1.0539836883544922,5.5729101404722314e-06,1.0,airtanah,45,True,True,False,0.0,False
778895fad0fa,896292a6f6a9,81825310.0,81825310.0,12.638137,11.987762,0.930492639541626,4.293518543243408,0.0,0.0,airtanah,29,True,True,False,0.0,False
20b5d86f7693,88bcb825868a,68994344.0,411073820.0,64.28467,44.61191,0.8913505673408508,1.4858230352401733,0.0,0.0,airtanah,15,True,True,False,0.0,False
8c0e003d1f04,8c36cd1c0a15,98371430.0,874287300.0,560.7188,526.31696,0.9698381423950195,2.184113025665283,4.041764623252675e-05,1.0,airtanah,14,True,True,False,0.0,False
86d422b6c536,532351294ffa,125698810.0,30983289000.0,98.0112,103.15213,0.18807566165924072,3.1935858726501465,0.0,0.0,campuran,51,True,True,False,0.0,False
9af12fd0ad66,4850bed03b93,82390340.0,14821671000.0,1157.69,903.70294,0.7887476682662964,2.356372833251953,0.0021964022889733315,1.0,airtanah,36,True,True,False,0.0,False
b3a40063a19c,13bef78c9667,63281120.0,320449000.0,212.67163,265.1319,0.6467030048370361,2.5752670764923096,0.08685262501239777,0.0,airtanah,23,True,True,False,0.015196291729807854,False
699b6c241d91,f38f778b0cba,,477036770.0,18.53896,19.066603,0.8467990159988403,1.3672256469726562,0.0,0.0,airtanah,19,True,True,False,0.0,False
a0fce84c175a,533e23df857c,131956696.0,1073777200.0,341.8721,388.1069,0.678825318813324,1.5631893873214722,0.0,0.0,airtanah,25,True,True,False,0.0,False
1ceb4d583fa7,f48cc71e163a,,76663250.0,47124.754,43410.312,0.19501543045043945,2.359509229660034,0.30018484592437744,0.0,campuran,49,True,True,False,0.16470002382993698,False
832f6a126c06,4fea60b97295,145904850.0,578743000.0,1315.5099,1480.824,0.6309676766395569,2.5514400005340576,0.0010340077569708228,0.0,airtanah,34,True,True,False,0.001502722967416048,False
3d9d0ebcb37d,a660467f7f91,53454908.0,53454908.0,628.85675,539.78345,0.9531955718994141,3.099482536315918,0.2214725911617279,0.9080970287322998,airtanah,5,True,True,False,0.10699712485074997,False
c7a40ddd2d3a,87d26c23cb57,107431670.0,375868580.0,344.79575,288.0194,0.9847657680511475,1.6735175848007202,0.0,0.0,airtanah,36,True,True,False,0.0,False
eeedfa0409be,e9ba0a5a1c1f,71149304.0,,615.24506,,0.2300845980644226,3.4935343265533447,0.0,0.0,campuran,48,True,True,False,0.0,False
44f8a658e0da,8923affd7ea7,124697150.0,1296391700.0,30.511429,29.227919,0.49907687306404114,3.336301803588867,0.0,0.0,campuran,55,True,True,False,0.0,False
8d8f849a4feb,4452c98922cd,86707560.0,4298083000.0,130.8418,107.67189,0.0995488315820694,1.1741433143615723,0.0,0.0,campuran,12,True,True,False,0.0,False
46439d40b92d,d32795ff5ae8,88975900.0,421203680.0,1758.5544,1811.0983,0.4572608768939972,2.172389507293701,0.00013825093628838658,0.0,campuran,6,True,True,False,0.00011155768152093515,False
d4acee5c5233,faa34cfeb657,38349244.0,477660220.0,487.4739,507.3566,0.5021306276321411,3.4100759029388428,0.05723300576210022,0.958526611328125,campuran,28,True,True,False,0.20676252953126095,False
ff81069805f9,da5e399bd39c,100333350.0,100333350.0,573.9976,620.78906,0.7342033386230469,1.6229296922683716,0.006122895982116461,0.0,airtanah,1,True,True,False,0.004073872114531696,False
2c4ce577a459,3c53eca0500c,110796270.0,110796270.0,423.10138,526.16113,0.45773547887802124,4.346010208129883,0.8478778600692749,0.986280083656311,kilat,1,True,True,False,0.19478665245696902,False
60247d857ef3,26ca6699511d,,246638220.0,155.82251,163.83719,0.9663102030754089,0.7699440121650696,0.06972164660692215,1.0,airtanah,45,True,True,False,0.0,False
7da97e8ec724,0eec3725f39a,109018216.0,109018216.0,77.85454,91.06464,0.8309004306793213,2.589653730392456,0.0,0.0,airtanah,38,True,True,False,0.0,False
8923affd7ea7,f2847fc9a134,90211180.0,1501144400.0,14.919481,13.753615,0.41318419575691223,3.274092197418213,0.0,0.0,campuran,55,True,True,False,0.0,False
6281fc025d7c,f3dff368c38f,128073390.0,128073390.0,618.79834,648.6631,0.7396753430366516,5.5447611808776855,9.676536865299568e-05,0.0,kilat,47,True,True,False,0.0003239246098019066,False
a5f43d2c4ed5,dd8c963207ee,42960800.0,42960800.0,130.6141,122.80259,0.13643456995487213,3.918623208999634,0.0,0.0,kilat,55,True,True,False,0.0,False
ff79548b7b0a,819874816a32,146924050.0,146924050.0,5355.866,4838.7744,0.20170466601848602,5.344640254974365,0.0,0.0,kilat,49,True,True,False,0.0,False
a1686ff19d4a,0e8309569d58,69649060.0,108333540000.0,23.27227,21.43791,0.9450592398643494,2.3640353679656982,9.625015809433535e-05,1.0,airtanah,8,True,True,False,0.0,False
6076faf34703,deb523d5a8b3,109391304.0,109391304.0,202.91048,178.89932,0.7099186778068542,2.1169421672821045,0.0,0.0,airtanah,17,True,True,False,0.0,False
3e14685ced49,7e49aee37a38,37842932.0,37842932.0,44.57166,40.1343,0.8318976163864136,3.287813901901245,0.0,0.0,airtanah,26,True,True,False,0.0,False
b7a88d372ae8,b4621c3fda6d,94845620.0,238782990.0,27106.285,24738.754,0.07241512089967728,3.2995450496673584,0.02278003841638565,0.03938128799200058,campuran,14,True,True,False,0.03838195279240608,False
f7e5ba78b2cf,570ecbd71f56,164628350.0,9602084000.0,894.52313,887.7689,0.41790324449539185,2.4480836391448975,0.0,0.0,campuran,3,True,True,False,0.0,False
356277ab349b,8146f9d22270,96297570.0,221374750.0,231.93869,208.43063,0.06778306514024734,4.416519641876221,0.00016366055933758616,0.0,kilat,51,True,True,False,0.001003761964966543,False
f26f73fc0d1f,c9a853d54f5b,138338430.0,138338430.0,176276.1,185966.56,0.07260642945766449,2.3918087482452393,0.30297327041625977,0.0,campuran,20,True,True,False,0.377953365445137,True
90d2f46c5cc5,333965dac5ca,29361718.0,29361718.0,946.2183,908.24457,0.19908517599105835,2.7789525985717773,0.0,0.0,campuran,7,True,True,False,0.0,False
d7e8b8be7657,a1686ff19d4a,90900260.0,90900260.0,24.339146,21.919594,0.8800045847892761,0.8175651431083679,0.0,0.0,airtanah,8,True,True,False,0.0,False
b3091b0aa8ac,e97fb7e0c056,119651060.0,119651060.0,1878.6567,1921.855,0.6690930128097534,3.524430274963379,0.19418925046920776,0.8597838878631592,campuran,36,True,True,False,0.14455941691994667,False
1d2c035e9165,97a0ca20f570,83287730.0,83287730.0,16.268452,,0.15631701052188873,5.20462703704834,0.0,0.0,kilat,19,True,True,False,0.0,False
b93196b9b8a6,35e1685cc794,48806350.0,48806350.0,2968.5667,,0.4450898766517639,3.847223997116089,0.05265235900878906,0.0,campuran,18,True,True,False,0.10729685425758362,False
c650229383eb,35b50534c5fc,108760000.0,108760000.0,241.77325,236.61697,0.9744458794593811,2.107231616973877,0.0,0.0,airtanah,41,True,True,False,0.0,False
877e4c08e0d0,cb96f2652680,61477700.0,61477700.0,26442.555,25802.451,0.7635311484336853,2.045741081237793,0.14042460918426514,0.49898087978363037,airtanah,14,True,True,False,0.09668857976794243,False
669bbc1ca5ac,8cb8056b7e1b,-9999.0,203812240.0,22.4976,23.545906,0.7685422301292419,1.4070816040039062,0.0,0.0,airtanah,42,True,True,False,0.0,False
afb85509345a,204e1b70f31d,80189780.0,80189780.0,16.284706,16.153261,0.9398038983345032,0.5519571304321289,0.0,0.0,airtanah,19,True,True,False,0.0,False
259ea541d55b,c742b60937c9,98096880.0,98096880.0,2923.8442,2459.7654,0.7057211995124817,2.2172396183013916,0.0009807611349970102,0.0,airtanah,39,True,True,False,0.000980280281510204,False
61b2f97e2f30,fdf4b182acba,120466860.0,,303.25818,271.1466,0.9951645135879517,0.9771891832351685,0.0,0.0,airtanah,12,True,True,False,2.410520315170288,True
872738ed0bfd,0115b9ce2510,106931624.0,1017565200.0,3031.3857,3113.4053,0.22926639020442963,2.778024911880493,0.0004769911174662411,0.0,campuran,7,True,True,False,0.0005485720612341538,False
2a00e76177ad,dd6b9ecb85d0,54573260.0,54573260.0,,234.81505,0.9612811803817749,1.7889512777328491,0.991680383682251,1.0,airtanah,27,True,True,False,0.0,False
1510894f15ab,2a3f8983b52e,83882820.0,83882820.0,420.5446,423.21558,0.707308292388916,2.3330068588256836,0.44065582752227783,0.9835415482521057,airtanah,31,True,True,False,0.022083886433392763,False
9b4ff3884915,e20c7108c6fc,78305450.0,287413100.0,11.5301075,7.5554023,0.0,1.8722103834152222,0.0,0.0,campuran,15,True,True,False,0.0,False
175db4eeb0ae,33878f323cdf,69022280.0,1274650600.0,52.893227,55.784203,0.10133913904428482,3.031804323196411,0.0,0.0,campuran,37,True,True,False,0.0,False
947833cbc663,89e11cbe5d98,101708850.0,9551087000.0,14416.6,12258.504,0.906471848487854,2.1457269191741943,0.01624952256679535,0.1920103132724762,airtanah,31,True,True,False,0.03421370405703783,False
e0823705f479,OUTLET,66987056.0,3707315200.0,76.52748,67.50294,0.3807152211666107,2.590329170227051,0.0035506319254636765,1.0,campuran,26,True,True,False,0.0,False
c9cb085d8e67,0b5f18e682ba,123359230.0,850776770.0,42.05036,39.3845,0.9302948713302612,0.8085799217224121,0.0,0.0,airtanah,19,True,True,False,0.0,False
35e1685cc794,24194ee46eae,68601380.0,117056456.0,483.97757,508.273,0.40794649720191956,3.905552864074707,0.003121062181890011,0.0,kilat,18,True,True,False,0.004640254192054272,False
bf2f04893a03,3b824cb61ca4,78622376.0,2668973000.0,789.59393,649.52167,0.9834586977958679,2.376079797744751,0.00015258174971677363,1.0,airtanah,14,True,True,False,2.690460996745969e-05,False
675b0becceaf,c4d53adbfe17,52387308.0,52387308.0,209.26085,204.73734,0.01579706370830536,5.150875568389893,0.0,0.0,kilat,31,True,True,False,0.0,False
ed3661025d7f,ae59754bd4d8,142727580.0,10782190000.0,727.85443,816.42194,0.7099895477294922,1.9187501668930054,0.06006809324026108,0.9829058647155762,airtanah,41,True,True,False,0.001686170231550932,False
3c2438113208,94545ac70976,39270264.0,39270264.0,255.51553,223.79866,0.9118977785110474,1.7107093334197998,0.1233748346567154,0.0,airtanah,31,True,True,False,0.29772333800792694,False
1ca447f79d9e,2028ca0ebc37,75259390.0,75259390.0,887.6289,642.474,0.24031385779380798,4.511588096618652,0.4942183494567871,1.0,kilat,5,True,True,False,0.013710509054362774,False
b6e640f6eb90,76270cb312a4,56651884.0,56651884.0,1433.9967,1388.4778,0.245819553732872,2.926074504852295,2.184041113650892e-05,0.0,campuran,6,True,True,False,1.304335910390364e-05,False
6753d8fda654,4452c98922cd,137702380.0,137702380.0,213.05092,225.2041,0.08670515567064285,4.483924865722656,0.0,0.0,kilat,12,True,True,False,0.0,False
326c8880952d,2d7ab8e212bc,-114090030.0,223833220.0,938.84326,829.5457,0.6144677400588989,3.310617446899414,0.2639651894569397,0.9830659627914429,campuran,28,True,True,False,0.01145233865827322,False
541774467365,3407ec54be6a,60532216.0,104667096.0,4223.2266,4584.7993,0.5697950720787048,2.2943599224090576,0.006894346792250872,0.0,campuran,3,True,True,False,0.005333369830623269,False
a6c0ec99664e,d4dce02bc845,57690810.0,365150560.0,21.091692,18.807804,0.9588894248008728,0.448946475982666,0.0,0.0,airtanah,8,True,True,False,0.0,False
3aea73b886d0,4967262082d8,164814690.0,6965043700.0,69044.234,65676.89,0.7443145513534546,2.0088350772857666,0.007133176550269127,0.02559455670416355,airtanah,14,True,True,False,0.01355915516614914,False
06d76e78ad5d,0128a52eae38,47101724.0,47101724.0,36.19822,46.176823,0.9841864109039307,2.9008138179779053,0.0,0.0,airtanah,27,True,True,False,0.0,False
f20917817367,d5cb9a3a871c,67311250.0,67311250.0,70.21962,70.571526,0.5993221998214722,2.273804187774658,0.0,0.0,campuran,24,True,True,False,0.0,False
dea46880e72b,d8fdd816ab5c,181658180.0,181658180.0,317.73575,339.25266,0.20409497618675232,3.073493719100952,0.0,0.0,campuran,50,True,True,False,0.0,False
a106ab74e276,fbe59261369b,61084536.0,61084536.0,48.629208,46.824596,0.16495291888713837,4.37251091003418,0.0,0.0,kilat,37,True,True,False,0.0,False
071d2626a510,dc4bb2a22a2c,90429770.0,133869730.0,104487.766,126822.14,0.4884793162345886,2.096060276031494,0.13836422562599182,0.0,campuran,14,True,True,False,0.23949098587036133,False
d8fdd816ab5c,3cd6ee2af4f9,79205176.0,593372600.0,281.0024,326.39404,0.33291274309158325,3.2625973224639893,0.0,0.0,campuran,50,True,True,False,0.0,False
63682872c254,097aebfca6eb,135547570.0,135547570.0,26332.195,25117.459,0.37950432300567627,3.010931968688965,0.014619702473282814,0.0003657286870293319,campuran,35,True,True,False,0.01249026833102107,False
435516d8774e,6bbff0f372ea,62488884.0,154230180.0,258.27737,257.4497,0.662766695022583,2.1583614349365234,0.0,0.0,airtanah,30,True,True,False,0.0,False
9c5d41fc8b5e,bf2f04893a03,122718970.0,713866050.0,372.6981,332.00998,0.9625731706619263,2.3840253353118896,0.0005736000603064895,1.0,airtanah,14,True,True,False,0.00015755036656628363,False
55a069b2fad2,30d0e5938278,60589196.0,60589196.0,507.3969,,0.2526110112667084,2.5564067363739014,0.0,0.0,campuran,6,True,True,False,0.0,False
0392dff24f19,d26774087586,121801650.0,121801650.0,109.76733,108.93561,0.7252267003059387,2.83675217628479,0.0,0.0,airtanah,37,True,True,False,0.0,False
395115ad330f,99aac17d6186,85896184.0,85896184.0,192.0511,234.41756,0.17638742923736572,4.472742557525635,0.0,0.0,kilat,37,True,True,False,0.0,False
fd63759c7ea3,7272873c3ee7,179205020.0,271859170.0,10242.067,10879.99,0.5283725261688232,2.9723174571990967,0.024642063304781914,0.0,campuran,44,True,True,False,0.016419714782387018,False
229848ed89e7,36afa5917900,70411976.0,70411976.0,822.6546,664.6176,0.6554558873176575,3.610408306121826,0.3222355246543884,0.9398702383041382,campuran,28,True,True,False,0.053273388650268316,False
42f8997787f1,ae827896907f,88472160.0,88472160.0,73.497734,74.471664,0.1586018055677414,4.593402862548828,3.158006429672241,1.0,irigasi,2,True,True,False,0.0,False
51f04e509389,53417efe9137,33772976.0,33772976.0,97.04972,,0.18846866488456726,6.810610771179199,0.0053060464560985565,0.0,kilat,21,True,True,False,0.0031189093133434653,False
208d8b4fda00,2a503f348294,-96610664.0,180878180.0,699.04315,704.53436,0.6505391001701355,3.633552074432373,0.25751227140426636,0.9893869161605835,campuran,28,True,True,False,0.006075587414670736,False
bb8b1807aff1,ed5227674248,91541130.0,91541130.0,32.661057,31.668415,0.7414999008178711,0.9552115797996521,0.0,0.0,airtanah,8,True,True,False,0.0,False
f9174688f7ec,8d8f849a4feb,65591948.0,65591948.0,98.76429,100.58922,0.21291185915470123,3.4080162048339844,0.0,0.0,campuran,12,True,True,False,0.0,False
9a5ce25f4e25,94211c5d4592,43387244.0,905421630.0,11.414808,11.152583,0.9199896454811096,1.4120908975601196,0.0,0.0,airtanah,60,True,True,False,0.0,False
88843598c2a3,b7a88d372ae8,,56197764.0,1833.0262,1312.3694,0.43275752663612366,3.6444857120513916,0.0034294414799660444,0.0,campuran,14,True,True,False,0.007340520154684782,False
eb35cab906d3,2d485d6d36d9,144161380.0,260635940.0,2123.063,2264.6572,0.3922850489616394,3.544739246368408,0.0032882385421544313,0.0,campuran,44,True,True,False,0.0022760926513001323,False
73a4ba759721,OUTLET,79744930.0,7587440000.0,142.04976,184.73277,0.702731728553772,3.162405014038086,0.0001743979810271412,1.0,airtanah,28,True,True,False,2.6340703698224388e-05,False
e04f3c06ce8e,c16b97b222be,102858040.0,102858040.0,142.27791,145.99913,0.6708632707595825,2.368614673614502,0.0,0.0,airtanah,24,True,True,False,0.0,False
c742b60937c9,104ae84e1094,147207440.0,389592400.0,2889.3298,2526.798,0.7181859612464905,2.157471179962158,0.0021756691858172417,0.0,airtanah,39,True,True,False,0.002247441909275949,False
71401bc57d08,b9e0c6c98caf,127787670.0,127787670.0,20.861618,22.110146,0.9281744956970215,0.5449321866035461,0.0,0.0,airtanah,19,True,True,False,0.0,False
495d07e68b47,b9e709adcaae,95535330.0,176586200.0,16.668402,18.531664,0.875514566898346,1.2756239175796509,0.0,0.0,airtanah,19,True,True,False,0.0,False
9e0175b0189e,0d5e6fd38162,115910960.0,115910960.0,422.44534,420.34625,0.39289599657058716,3.707152843475342,0.34238243103027344,1.0,campuran,41,True,True,False,0.0,False
4abd64e0cfe0,16a78fc5ec8e,52492630.0,,30.23083,38.878,0.7937460541725159,3.531848669052124,0.0,0.0,airtanah,22,True,True,False,0.0,False
e2f8e29d5eb0,ad3ff5ae79b5,84120280.0,84120280.0,256.45178,253.12785,0.711891770362854,2.5019853115081787,0.602913498878479,1.0,airtanah,41,True,True,False,0.0,False
133601bb7d2e,1470a2daa8c2,71086160.0,71086160.0,12.897751,12.787413,0.1383696347475052,3.939793586730957,0.0,0.0,kilat,23,True,True,False,0.0,False
4bce19b26304,1471144d6d04,77161950.0,77161950.0,899.0072,809.7567,0.9201885461807251,4.6513214111328125,0.002132533583790064,0.0,airtanah,18,True,True,False,0.0033894616062752903,False
06f3644f1213,dbc9634a8f95,61586280.0,61586280.0,273.93848,262.99026,0.36015045642852783,2.8766608238220215,0.14830976724624634,1.0,campuran,31,True,True,False,0.12978006899356842,False
82904949906f,8c0e003d1f04,153317120.0,442329250.0,872.1525,833.9973,0.9693793654441833,2.2919797897338867,0.04268617555499077,1.0,airtanah,14,True,True,False,0.001495018950663507,False
7544a53af727,39866bfa131d,114733410.0,185464770.0,14.034809,14.899411,0.8087748289108276,0.8962948322296143,0.0,0.0,airtanah,19,True,True,False,0.0,False
fca9a3d69620,dde3d466a890,137738110.0,137738110.0,121.73586,107.583466,0.6382132172584534,1.882638692855835,0.0,0.0,airtanah,25,True,True,False,0.0,False
fe091127c7e6,fcae971daccf,31975842.0,70902010.0,285.81332,246.21805,0.2846118211746216,2.684988021850586,0.00010607371223159134,0.0,campuran,7,True,True,False,7.360968447756022e-05,False
7ec162bb153d,888c59e3b180,102032590.0,102032590.0,259.8093,256.95645,0.6084224581718445,2.2260401248931885,0.0,0.0,airtanah,25,True,True,False,0.0,False
cfed0eb6f37d,09443c9cb786,126155750.0,1629513300.0,24155.549,22713.994,0.29137012362480164,3.2806098461151123,0.15220606327056885,0.3580613136291504,campuran,22,True,True,False,0.3740566670894623,True
4391a7c87b52,b3a40063a19c,53722760.0,53722760.0,-205.64731,269.64404,0.4179566502571106,3.155545711517334,0.0,0.0,campuran,23,True,True,False,0.0,False
863c2b5ac368,ca7ad1969f49,104890616.0,33781807000.0,88.50953,104.79871,0.30251243710517883,3.065331220626831,0.0,0.0,campuran,51,True,True,False,0.0,False
d779896675bf,7e8f1edfc15e,107755784.0,258424380.0,115.67048,97.6511,0.5128928422927856,2.3954215049743652,0.0,0.0,campuran,37,True,True,False,0.0,False
5c05a61445a9,947038d7e2af,74574500.0,4666641000.0,284.38153,265.69415,0.19644923508167267,1.9328683614730835,0.0,0.0,campuran,17,True,True,False,0.0,False
f15bb00bd1bb,fd6eaa2e9b5d,118762530.0,11449720000.0,7602.2783,7595.9404,0.5648847222328186,1.7349944114685059,5.882048571947962e-05,0.0,airtanah,39,True,True,False,6.327717346721329e-05,False
65a626a83cd0,d86ea47c6f6c,57945332.0,57945332.0,255.79419,313.2625,0.5256900191307068,2.8627490997314453,0.0,0.0,campuran,1,True,True,False,0.0,False
729fcf6b1951,cf1093ace989,56142970.0,56142970.0,,810.24817,0.012600109912455082,3.4092185497283936,0.0,0.0,campuran,48,True,True,False,0.0,False
2884eaea6442,6aeb0c57bc06,137224480.0,234659330.0,420.914,535.62177,0.8240096569061279,2.1415224075317383,0.0,0.0,airtanah,3,True,True,False,0.0,False
8bde53c9378f,e02385a857c0,69249810.0,258497020.0,78.223,63.064716,0.28040042519569397,3.4976444244384766,0.0,0.0,campuran,37,True,True,False,0.0,False
d627a55ec3e3,8c36cd1c0a15,150484690.0,277269570.0,1463.0273,1450.6025,0.9766721725463867,2.167288064956665,0.41776248812675476,0.9990513324737549,airtanah,14,True,True,False,0.024193907011067495,False
1a903a1a3e9f,dfc5b762d1e0,51430068.0,51430068.0,47.9188,53.536316,0.5513365268707275,3.546855926513672,0.002330182818695903,1.0,campuran,51,True,True,False,0.0,False
80b02d83e377,bf77646a1848,121152450.0,121152450.0,-99.875595,99.22627,0.70857834815979,1.7156726121902466,2.7145209312438965,1.0,irigasi,2,True,True,False,0.0,False
abf26cc18ffd,02e64e42c33b,62585932.0,62585932.0,30.591627,36.09114,0.975965142250061,1.447986125946045,0.030941911041736603,1.0,airtanah,2,True,True,False,0.0,False
6bd1eeee7282,9f041944e89e,498733820.0,6766897000.0,1666.0198,2305.1492,0.20277222990989685,0.8273328542709351,2.3721964359283447,1.0,irigasi,23,True,True,False,4.452273845672607,True
c2cb84e19320,1532dcb95848,50364404.0,50364404.0,13.535735,13.126766,0.4195874333381653,2.600206136703491,0.0,0.0,campuran,33,True,True,False,0.0,False
097a06bb0a65,5e1b43c6ce39,57978284.0,57978284.0,22509.146,21950.947,0.7745052576065063,1.387957215309143,0.06297916173934937,0.0,airtanah,39,True,True,False,0.0720545593649149,False
cd778b340be6,94eb393b5f9c,90598264.0,171853680.0,1020.65454,1034.4813,0.6864676475524902,2.9948999881744385,0.038423310965299606,1.0,airtanah,0,True,True,False,0.03747634217143059,False
10073e346374,4df962b58cb1,118211304.0,521076200.0,422.5818,416.03943,0.8975304961204529,0.9203883409500122,0.0,0.0,airtanah,57,True,True,False,8.01381884230068e-06,False
4e242bfdb7d1,95f3802d5934,51668050.0,2009645300.0,99.576065,104.54003,1.0,1.9690039157867432,0.06385030597448349,1.0,airtanah,25,True,True,False,0.025252525345422328,False
ce686f6700f8,ba8aec9b0cce,70552460.0,70552460.0,596.57434,615.68,0.9077914953231812,5.435786724090576,0.003457146929576993,0.0,kilat,18,True,True,False,0.11880581453442574,False
019685c1769a,e44dc38c8c95,30363352.0,30363352.0,410.61313,387.80386,0.2938649654388428,2.7294745445251465,0.0,0.0,campuran,7,True,True,False,0.0,False
4f56a5877643,bb8e9eb5d959,96727880.0,2280696000.0,70.637825,67.96998,0.6935759782791138,3.0700573921203613,0.0,0.0,airtanah,37,True,True,False,0.0,False
769fdf9d27b4,3acecacbdd1b,95618820.0,196225260.0,1758.0597,1442.3363,0.9399455189704895,2.9943742752075195,0.06328864395618439,1.0,airtanah,5,True,True,False,0.021756209433078766,False
bfb175406d6b,da93d0f5cd31,74628450.0,133294370.0,108.783066,119.60404,0.3975450098514557,4.440265655517578,0.0,0.0,kilat,51,True,True,False,0.0,False
22213aab1ff1,c2fbb74351f8,54182550.0,54182550.0,42.408215,53.3626,0.8904579877853394,2.82612943649292,0.001935755368322134,0.981667697429657,airtanah,41,True,True,False,0.0001106344279833138,False
3b84a78c74a1,204e1b70f31d,53527508.0,53527508.0,,10.465728,0.8928854465484619,1.0615291595458984,0.0,0.0,airtanah,19,True,True,False,0.0,False
070bb1505e2a,ee5ea0ab27cc,60604076.0,-9999.0,9.363651,9.350685,0.9944199919700623,1.767988681793213,0.0,0.0,airtanah,29,True,True,False,0.0,False
7ffd84a71e6f,8b761e54a06e,128423490.0,128423490.0,29.122288,24.658964,0.8936271667480469,0.7118664383888245,0.0,0.0,airtanah,19,True,True,False,0.0,False
669bd56b3402,OUTLET,41395684.0,41395684.0,6.6902537,8.483014,0.9861025214195251,3.9012956619262695,0.0,0.0,airtanah,73,True,True,False,0.0,False
570ecbd71f56,OUTLET,99105840.0,12392419000.0,41.433773,41.09539,0.4039270877838135,2.37485933303833,0.0,0.0,campuran,3,True,True,False,0.0,False
97430eeb25a0,7cd5880b709c,132739140.0,132739140.0,159.4886,152.41087,0.6137059926986694,1.5015100240707397,0.0,0.0,airtanah,16,True,True,False,0.0,False
159a41a87f9d,bd881caa9052,120497820.0,120497820.0,153.65509,143.34355,0.5346348285675049,2.5460989475250244,0.0,0.0,campuran,24,True,True,False,0.0,False
bbfda831a8e0,29c20e6a6ae0,96626300.0,495020800.0,55.35112,49.132637,0.2948492169380188,3.3047876358032227,0.0,0.0,campuran,55,True,True,False,0.0,False
7be4bc247ef7,2735223193f0,78353064.0,78353064.0,19.115353,19.273623,0.9840054512023926,1.3590766191482544,0.0,0.0,airtanah,8,True,True,False,0.0,False
edc650785a3c,7cc365e2e4e9,77138600.0,228237000.0,764.3534,907.9956,0.2571314871311188,4.7437663078308105,0.0,0.0,kilat,1,True,True,False,0.0,False
8805f0e552f7,f8234f25b52c,76314580.0,76314580.0,23.008562,21.96809,0.9273052215576172,1.6020821332931519,0.0,0.0,airtanah,60,True,True,False,0.0,False
e3016edbfc40,f9e6cc6a0698,87402430.0,87402430.0,97.57852,115.16417,0.6738948822021484,1.508156657218933,0.0,0.0,airtanah,16,True,True,False,0.0,False
85234a1fae86,4e496dd72292,108426930.0,1110943700.0,380.19583,355.43265,0.810178816318512,1.0933626890182495,0.0,0.0,airtanah,12,True,True,False,0.0,False
706e73889ec8,7b625c4cf25a,156157420.0,457061120.0,48.413395,46.407307,0.9192662239074707,1.1480941772460938,0.0,0.0,airtanah,42,True,True,False,0.0,False
4cdcfa93acf8,OUTLET,53786264.0,2278910500.0,14584.387,14405.83,0.2958820164203644,1.7345285415649414,0.0036608127411454916,0.0,campuran,13,True,True,False,0.002186066994909197,False
197b307e4a10,173b2a76f078,148376980.0,453263170.0,1127.3485,1270.5571,0.8662195205688477,1.275757074356079,0.0,0.0,airtanah,30,True,True,False,0.0,False
2ed451d77772,354d3c8a5eaa,53793296.0,53793296.0,180.45738,193.06824,0.4069472551345825,4.212831497192383,0.06740742921829224,0.0,kilat,31,True,True,False,0.28803764656186104,False
cf36c32d33ef,98e0c8240fe5,56385020.0,56385020.0,220.89421,239.19638,0.4750215411186218,5.404959678649902,0.7588139772415161,1.0,kilat,28,True,True,False,0.0032323275227099657,False
2b999d870944,29e20a4ffe30,75409140.0,75409140.0,215.38335,221.38467,0.08951816707849503,5.575660705566406,0.0,0.0,kilat,12,True,True,False,0.0,False
3d888a81ebbd,c7049b4f4d5b,63711376.0,63711376.0,428.48853,477.04306,0.4689181447029114,3.4445486068725586,0.0,0.0,campuran,31,True,True,False,0.0,False
e954da47198e,OUTLET,237317330.0,237317330.0,127.07648,122.29806,0.46837398409843445,3.5929505825042725,0.0,0.0,campuran,74,True,True,False,0.0,False
4553f896833a,214d0ad7b17b,75139840.0,407949280.0,25.532867,25.287157,0.999840497970581,2.1339168548583984,0.0,0.0,airtanah,26,True,True,False,0.0,False
79f3247a18d0,OUTLET,54708050.0,54708050.0,294.8158,324.83975,0.0,0.0,0.0,0.0,irigasi,75,True,True,False,0.0,False
5aae9a31657e,157e7619229d,115256860.0,688343700.0,772.53357,760.2078,0.7289209365844727,1.8180780410766602,0.0,0.0,airtanah,30,True,True,False,0.0,False
7b0284b8d37e,0f41425e1fb9,42832468.0,3304293400.0,159.45926,161.11581,0.0,2.0831363201141357,0.0,0.0,campuran,25,True,True,False,0.0,False
c1b38fbfd063,e2878c4735a7,141593400.0,141593400.0,60.95776,61.40503,0.6617540121078491,1.7358537912368774,0.0,0.0,airtanah,10,True,True,False,0.0,False
1c4a6b6a6031,a5acbfbe6f5a,70951176.0,70951176.0,10.584915,11.097288,0.9492312073707581,3.7927026748657227,0.0,0.0,airtanah,29,True,True,False,0.0,False
7e1f95ee3c1e,f0f4dbac3030,56648180.0,1690551000.0,599.164,483.96704,0.32284051179885864,2.2462565898895264,0.0,0.0,campuran,6,True,True,False,0.0,False
92621c1732cf,6c6efd4290f2,139409460.0,7678426000.0,775.75397,779.0072,0.7313025593757629,2.009809970855713,0.01899191550910473,0.9776152968406677,airtanah,41,True,True,False,0.0007641103002242744,False
2a3f8983b52e,94545ac70976,76834080.0,154198620.0,506.83115,434.043,0.31171417236328125,3.439105749130249,0.3412603437900543,0.6585972309112549,campuran,31,True,True,False,0.9664887487888336,True
92e47151ddad,133bde0d25d8,121219240.0,121219240.0,1363.1057,1149.7876,0.8145414590835571,1.6560955047607422,0.0,0.0,airtanah,14,True,True,False,0.0,False
42b638469e83,5079b871742e,137250830.0,137250830.0,317.81445,324.66748,0.9194482564926147,1.7958199977874756,0.0,0.0,airtanah,25,True,True,False,0.0,False
fc53b210dc55,7063689730e2,61361430.0,61361430.0,2279.3684,2205.8955,0.2397807389497757,5.717010974884033,0.46931326389312744,0.9115154147148132,kilat,63,True,True,False,0.0087507963180542,False
8847f593d307,OUTLET,25513474.0,25513474.0,,193536.66,0.7274237871170044,0.6097844839096069,1.2919504642486572,0.0,airtanah,76,True,True,False,2.932311773300171,True
fb659c2c900c,2d8941cf8a7e,73787140.0,73787140.0,1024.1486,1084.6072,0.9939455389976501,0.4494011402130127,0.0,0.0,airtanah,31,True,True,False,0.0,False
f11e2e986cc3,431887948a8f,49528210.0,49528210.0,414.70728,511.45987,0.9999608993530273,2.2713778018951416,0.0,0.0,airtanah,25,True,True,False,0.0,False
b314e5c22e6a,1afe6d78a597,52045780.0,52045780.0,174.05508,164.81425,0.08870601654052734,3.6064183712005615,0.27797845005989075,0.0,kilat,16,True,True,False,1.2232311964035034,True
5f37a2c8bcba,60567fa30810,112897640.0,898561000.0,2594.996,2855.7363,0.7414431571960449,2.352018356323242,0.0007388954400084913,0.0,airtanah,34,True,True,False,0.0012727195862680674,False
c8280e57d154,5c87cf3fadd1,69437760.0,69437760.0,34.971107,45.717674,0.9867863655090332,1.43445885181427,0.1867029070854187,1.0,airtanah,2,True,True,False,0.0,False
f40d1abfecdd,ee552fcc4def,76934270.0,76934270.0,72589.14,78505.484,0.23489052057266235,1.5853593349456787,0.7382384538650513,0.0,campuran,77,True,True,False,1.766765832901001,True
452f20fb0a54,94eb393b5f9c,48740668.0,48740668.0,409.70224,368.61118,0.6210338473320007,2.116948127746582,0.24761046469211578,1.0,airtanah,0,True,True,False,0.24894890235736966,False
103f43fa31bf,ce0549cbdc9e,49714990.0,2515076900.0,660.4259,581.4399,0.21743685007095337,3.2535042762756348,0.0,0.0,campuran,18,True,True,False,0.0,False
ee552fcc4def,OUTLET,24063180.0,63291344.0,88342.15,-9999.0,0.3458397686481476,1.6360282897949219,0.3743484914302826,0.0,campuran,77,True,True,False,0.5091316401958466,True
22f64333b300,75725b9f3e86,93409816.0,93409816.0,132.46577,137.63351,0.08118047565221786,4.256165504455566,0.0,0.0,kilat,12,True,True,False,0.0,False
3b0a74d34b96,087b69c4bb74,129050290.0,456455650.0,104.088455,115.157326,0.9893268346786499,1.6232240200042725,0.0,0.0,airtanah,53,True,True,False,0.0,False
d4d618c91848,61b2f97e2f30,92262930.0,92262930.0,201.37074,186.87811,0.9926472902297974,0.903885006904602,0.0,0.0,airtanah,12,True,True,False,0.0,False
0dbd672a6656,142896d33a59,51143424.0,51143424.0,8.156683,7.3114705,0.9660727977752686,1.0126888751983643,0.0,0.0,airtanah,29,True,True,False,0.0,False
ac94f746fd46,0f41425e1fb9,57967332.0,57967332.0,127.95302,133.18747,0.0,0.0,0.0,0.0,campuran,25,True,True,False,0.0,False
c1d11766b5a6,3acecacbdd1b,92980216.0,92980216.0,719.08923,706.98505,0.8664829134941101,3.2143845558166504,0.1782589703798294,1.0,airtanah,5,True,True,False,0.002672616858035326,False
8358b9365bb6,46439d40b92d,107048780.0,107048780.0,,3684.6765,0.5822960138320923,1.9207079410552979,0.009984653443098068,0.0,airtanah,6,True,True,False,0.013245468493551016,False
befd4070fedc,65a307dabd9d,137604350.0,137604350.0,571.0433,569.55927,0.4274953603744507,2.9032177925109863,0.11290215700864792,0.9996423125267029,campuran,31,True,True,False,0.055402868121745996,False
2735223193f0,92afd3e2bba6,69620850.0,544700800.0,17.11494,15.3872385,0.982249915599823,1.5669409036636353,0.0,0.0,airtanah,8,True,True,False,0.0,False
ec20a2b58da2,9c5d41fc8b5e,84216410.0,364941250.0,138.1224,123.44486,0.9678688049316406,2.4444971084594727,0.0003951569087803364,1.0,airtanah,14,True,True,False,0.0,False
b387c7e8347d,27de21bab2d0,34244444.0,34244444.0,3282.2324,3617.956,0.6081786155700684,2.14992618560791,0.02589268423616886,0.0,airtanah,3,True,True,False,0.020865912549197674,False
bee303c4a151,7825722f885c,105351096.0,224163040.0,108.54878,127.55106,0.6444903016090393,2.2276527881622314,0.0,0.0,airtanah,24,True,True,False,0.0,False
16c3aa694366,a81dd850e44f,74145420.0,291007870.0,15.190437,13.394164,0.9547145366668701,1.132654070854187,0.0,0.0,airtanah,19,True,True,False,0.0,False
07bd3a038784,84f7079fef8f,58131908.0,623324540.0,112.22849,95.35323,0.7738819122314453,0.5767635107040405,0.0,0.0,airtanah,12,True,True,False,0.0,False
c0b24faaf2aa,197b307e4a10,173939700.0,308771330.0,1734.805,1926.9662,0.8646899461746216,1.173200249671936,0.00037250632885843515,0.0,airtanah,30,True,True,False,0.0002472103151376359,False
d721a866472b,0656457c1286,176057220.0,176057220.0,194.95354,175.47327,0.3741825222969055,2.5170540809631348,7.555747032165527,1.0,irigasi,40,True,True,False,704.9348754882812,True
8798dbb46544,b2d68cb58e19,114378904.0,114378904.0,91.235985,93.21365,0.8052041530609131,2.3282816410064697,0.0,0.0,airtanah,37,True,True,False,0.0,False
85eae1d22a01,85ba2d9c8c80,48203092.0,200088300.0,44.38121,61.061672,0.9747527837753296,2.758376121520996,0.0,0.0,airtanah,27,True,True,False,0.0,False
89a4b80d21d0,5b977db3e4e9,51589390.0,51589390.0,0.0,0.0,0.6509670615196228,2.376356601715088,0.0,0.0,airtanah,23,True,True,False,0.0,False
52e0f5d1aae4,2069c2702e88,141586260.0,183691360.0,3.3265972,4.4441667,0.0373774990439415,5.640866756439209,0.0,0.0,kilat,23,True,True,False,0.0,False
17f91cd06fff,0d5e6fd38162,132871380.0,11172168000.0,407.2618,395.73676,0.7932395935058594,1.9264781475067139,0.04100868105888367,0.9594095945358276,airtanah,41,True,True,False,0.002798497909680009,False
1648cd9c7ef2,442a8bd10d17,41298750.0,41298750.0,588.94336,556.8636,0.22720462083816528,2.2708096504211426,0.0002056254743365571,1.0,campuran,7,True,True,False,0.0,False
504dbbadd3f3,558abcccd522,114056210.0,249277600.0,360.31976,414.69125,0.9907407760620117,0.437099426984787,0.0,0.0,airtanah,19,True,True,False,0.0,False
0f0d4822f96b,ecfad4dfd6cb,55338308.0,55338308.0,51.55657,51.45321,0.8427106142044067,1.7915960550308228,2.0651655197143555,1.0,irigasi,2,True,True,False,0.0,False
0ea3115950c2,4234523e5284,30734514.0,6990595600.0,39.511425,40.882454,0.37714022397994995,1.6876895427703857,0.0,0.0,campuran,16,True,True,False,0.0,False
7eeed08a904b,OUTLET,166820130.0,272270200.0,2497.6743,2938.0798,0.8312082290649414,2.209812879562378,0.0,0.0,airtanah,68,True,True,False,0.0,False
bbdc7d7e0141,0f314273cb60,64256940.0,64256940.0,221.50136,195.16847,0.015891484916210175,5.203441143035889,2.374720573425293,1.0,irigasi,2,True,True,False,0.0,False
ea4300f0560e,38d4bcf804bf,114565200.0,1126479400.0,181.51964,159.5326,0.5206863284111023,2.6548714637756348,0.41424721479415894,1.0,campuran,24,True,True,False,0.0,False
611b6c09c105,a2ae14e0860d,127347010.0,276673000.0,2066.3745,1638.1326,0.9314334392547607,2.675487756729126,0.0,0.0,airtanah,14,True,True,False,0.0,False
8826b03a0c1a,ca8a76b3650f,160645260.0,5406647300.0,2305.8618,3191.116,0.418910413980484,2.025113105773926,0.0002479653339833021,0.0,campuran,1,True,True,False,0.00012122503176215105,False
7b5388f8437d,75a2224e0ba5,96082980.0,96082980.0,20.112123,17.802364,0.8870214819908142,0.8370310664176941,0.0,0.0,airtanah,19,True,True,False,0.0,False
1495f74b4837,d97674b93b7e,122421816.0,122421816.0,1356.3683,1484.263,0.6223592758178711,3.6055469512939453,0.7775833606719971,1.0,campuran,28,True,True,False,0.0,False
713d02838f00,9385d88deaa4,115206730.0,1394921000.0,1325.144,1475.5383,0.6220993995666504,3.157012462615967,0.04217909649014473,0.9503430724143982,campuran,28,True,True,False,0.0018044911557808518,False
7b78373f97a7,fd15c3f95a91,132501530.0,257115540.0,1543.7024,1562.0021,0.9312283992767334,2.1744637489318848,0.1254800260066986,0.9976903200149536,airtanah,5,True,True,False,0.02105823904275894,False
7607cae20a72,77d400c182c9,109332060.0,109332060.0,624.1702,669.46234,0.9495932459831238,1.4206308126449585,0.0,0.0,airtanah,31,True,True,False,0.0,False
c28f10dd485f,07bd3a038784,78721340.0,530129660.0,69.575035,48.1019,0.9250627160072327,0.5844641327857971,0.0,0.0,airtanah,12,True,True,False,0.0,False
24c00c982472,0afddc712a0b,79085460.0,79085460.0,856.6435,890.43933,0.5714439153671265,2.1088314056396484,0.00134587986394763,0.0,campuran,17,True,True,False,0.0010508403065614402,False
bd54cc6b23b9,087b69c4bb74,60439176.0,60439176.0,53.4584,57.01838,0.9954367280006409,1.3519445657730103,0.0,0.0,airtanah,53,True,True,False,0.0,False
7da2b2763e9c,e093ea8668c5,132725430.0,132725430.0,2349.054,2495.8655,0.9585399627685547,2.300143241882324,0.01117023453116417,0.6312360763549805,airtanah,14,True,True,False,0.0038657947443425655,False
b9e709adcaae,82cabeef697d,174191860.0,-9999.0,30.516695,29.004555,0.512883722782135,1.596333622932434,0.0,0.0,campuran,19,True,True,False,0.0,False
c72e9165c3c1,5d602098afa3,91318500.0,91318500.0,16.671211,19.210087,0.821383535861969,1.0756233930587769,0.0,0.0,airtanah,19,True,True,False,0.0,False
97c4fd1b18c7,049713d533a1,72464664.0,,11.768125,10.732757,0.9757530093193054,1.090120792388916,0.0,0.0,airtanah,29,True,True,False,0.0,False
562e234ef69a,8eafd800060a,83081850.0,83081850.0,33.86805,37.2908,0.053117748349905014,5.598803520202637,4.456084251403809,1.0,irigasi,40,True,True,False,13.458361625671387,True
1968d1124106,d6046995f1e0,79136480.0,79136480.0,33.46508,33.567844,0.7186283469200134,1.4314123392105103,0.0,0.0,airtanah,8,True,True,False,0.0,False
2599ad0dfb99,b3a40063a19c,95130216.0,95130216.0,103.131386,148.52757,0.4666508436203003,3.5842905044555664,0.0,0.0,campuran,23,True,True,False,0.0,False
863d015ab594,9a5c035eff74,38696750.0,38696750.0,264.773,259.59717,0.11880722641944885,3.0955324172973633,0.0,0.0,campuran,7,True,True,False,0.0,False
edc477553e35,6fcb3069eb99,66539016.0,895439400.0,103.58205,118.20824,0.9720708131790161,2.7629857063293457,0.4388920068740845,1.0,airtanah,51,True,True,False,0.0,False
99d1cb19ca1e,0f7a3e0435d9,97736310.0,97736310.0,853.78094,,0.46172401309013367,2.217623233795166,0.0,0.0,campuran,32,True,True,False,0.0,False
294e0fcc6c74,e20c7108c6fc,71320470.0,71320470.0,156.129,100.36457,0.9703106880187988,0.9066339731216431,0.0,0.0,airtanah,15,True,True,False,0.0,False
15fcd26ecb19,65ca75976482,107865210.0,1592350500.0,2623.8796,2701.299,0.5545966625213623,1.6638718843460083,0.0,0.0,campuran,39,True,True,False,0.0,False
36e4b40fb733,63669dbbed1a,40871800.0,191710910.0,82.43715,77.75233,0.2586427628993988,1.8731207847595215,0.09396642446517944,0.0,campuran,12,True,True,False,0.1637321263551712,False
ff8c98439a93,bfc072c697f8,72238770.0,72238770.0,381.41153,369.91162,0.5952075719833374,3.233909845352173,0.2612350285053253,0.9992275834083557,campuran,28,True,True,False,0.0001581311607878888,False
63d13010512a,104e345b9705,156001230.0,,396.00888,502.99664,0.9497236013412476,0.5054200887680054,0.0,0.0,airtanah,19,True,True,False,0.0,False
512ceb2c1eb4,e0211ae17100,69748510.0,122916930.0,27.409409,26.64578,0.9889822006225586,3.2633614540100098,0.0,0.0,airtanah,26,True,True,False,0.0,False
0813f8463d57,5b28b980571c,123125384.0,450108300000.0,56.399727,58.456535,0.6481168866157532,1.8898775577545166,2.0652765670092776e-05,1.0,airtanah,23,True,True,False,2.3053637050907128e-05,False
cb0bb916a284,56c7a30ca56a,94825016.0,1031926340.0,154.2901,170.47563,0.5406316518783569,2.2920310497283936,0.0,0.0,campuran,1,True,True,False,0.0,False
0fcd96ec989d,dd086a863d37,79898390.0,1440982100.0,2990.5051,3183.843,0.6822391152381897,2.948702573776245,0.0001873072615126148,1.0,airtanah,50,True,True,False,0.0,False
92d0b19c3276,771dd4e6294f,80524504.0,80524504.0,15.324397,13.45484,0.1502734273672104,4.646665573120117,0.0,0.0,kilat,19,True,True,False,0.0,False
9d2afbf43665,022edc2841f7,131219400.0,131219400.0,321.39426,318.69183,0.9963997006416321,0.6506195664405823,0.0,0.0,airtanah,45,True,True,False,0.0,False
07970b0ba1c5,df8d7e7f2b47,67712630.0,2394251000.0,1350.1884,1354.8752,0.17430022358894348,2.113837957382202,0.0001771034876583144,0.07098624110221863,campuran,6,True,True,False,0.00013552602831623517,False
496baf7edceb,d83e401a6ef6,180995860.0,291362200.0,5658.8564,4395.5425,0.7040349841117859,2.6052799224853516,0.0028482016641646624,0.0,airtanah,34,True,True,False,0.004727937688585371,False
573331ec7b92,8e521bd1ba8c,65488364.0,772703360.0,1965.7115,2066.6213,0.2855275571346283,1.8589539527893066,1.176706518890569e-07,1.0,campuran,39,True,True,False,0.0,False
18a270abeb76,a8330517697d,136095550.0,319032670.0,21.291044,24.41257,0.6816087365150452,0.8495162129402161,0.0,0.0,airtanah,19,True,True,False,0.0,False
a29246db5458,dcc4cb047ef7,123791730.0,779296830.0,2152.1633,1998.9758,0.25872865319252014,2.8529794216156006,0.0008588310447521508,0.0,campuran,7,True,True,False,0.0006125342042651027,False
4949aad3acfe,3fd857f444ba,95146660.0,9330198000.0,852.7766,927.10516,0.6226696968078613,1.9345866441726685,0.0001776204735506326,0.0,airtanah,14,True,True,False,0.00020729317475343123,False
deb523d5a8b3,bdf086b89c94,89260430.0,1816135300.0,443.00012,385.03375,0.7398920655250549,1.8375494480133057,0.0,0.0,airtanah,17,True,True,False,0.0,False
7de8f3ecf07f,b2d68cb58e19,53493464.0,533738600.0,41.186054,44.975197,0.8442730903625488,2.1328442096710205,0.004154237452894449,0.0,airtanah,37,True,True,False,0.005091747501865029,False
da4e048a68b5,782059686a12,66047480.0,66047480.0,1714.1516,1632.847,0.6185927391052246,2.615419864654541,0.0,0.0,campuran,39,True,True,False,0.0,False
4a6673f945cf,b5446d8f3d9d,142634340.0,256979890.0,62.39999,74.333534,0.8855027556419373,1.2174947261810303,0.0,0.0,airtanah,78,True,True,False,0.0,False
20dc85671d67,563767456d32,89511224.0,89511224.0,108.598915,122.0714,0.9550601243972778,0.7700151205062866,0.0,0.0,airtanah,36,True,True,False,0.0,False
403acb0d2e52,1016f1e3608a,51140896.0,51140896.0,13755.522,12570.878,0.6255204081535339,1.5832035541534424,0.0018815748626366258,0.0,airtanah,39,True,True,False,0.002529122109990567,False
d06bc1ef5441,63d13010512a,4934482400.0,59738970.0,179.2137,222.62848,0.9514252543449402,0.5199371576309204,0.0,0.0,airtanah,19,True,True,False,0.0,False
09bdb5b9150f,88bcb825868a,175400060.0,339317150.0,172.83325,118.265114,0.9728784561157227,1.7182276248931885,0.0,0.0,airtanah,15,True,True,False,0.0,False
ab00e6cd8adf,f46dbcd0ffcf,109577510.0,4452748000.0,492.6803,586.746,0.4898606836795807,1.9749666452407837,1.1940715012315195e-06,0.0,campuran,1,True,True,False,5.037192067902652e-07,False
8eff8706cf50,0bc63f95565e,54483460.0,54483460.0,193.34059,,0.9965857863426208,2.500609874725342,0.0,0.0,airtanah,27,True,True,False,0.0,False
835deaaa8716,38d4bcf804bf,148430820.0,,164.46158,177.96977,0.9893344640731812,0.5758174061775208,1.3225328922271729,1.0,airtanah,24,True,True,False,0.0,False
6e81429ff7b0,701eb581e1f6,90528300.0,90528300.0,54.115135,50.07857,0.2710903286933899,3.299076557159424,0.0,0.0,campuran,55,True,True,False,0.0,False
d8e2bf827d17,a1692d8c2626,80428520.0,80428520.0,1317.0171,1431.7335,0.21588881313800812,2.317847728729248,0.0008007583674043417,0.0,campuran,6,True,True,False,0.0004520645452430472,False
a80b9831258c,6344774ade96,88981620.0,349025820.0,11.463755,6.986932,0.6139886975288391,2.4332542419433594,0.0,0.0,campuran,23,True,True,False,0.0,False
7178619896f6,89e11cbe5d98,170176660.0,170176660.0,2730.6804,2443.6487,0.6055445075035095,1.9638594388961792,0.1569802314043045,1.0,airtanah,31,True,True,False,0.0,False
d7292601ddda,8f2e9af89ac0,28196558.0,38787236000.0,25.016968,27.280676,0.28641462326049805,3.0320842266082764,0.0,0.0,campuran,51,True,True,False,0.0,False
83a32ce8bf64,7de8f3ecf07f,135478990.0,358038400.0,90.27641,105.172,0.8294283151626587,2.3168301582336426,0.0,0.0,airtanah,37,True,True,False,0.0,False
4fea60b97295,5f37a2c8bcba,,724732350.0,2034.0398,2211.2383,0.7454787492752075,2.407130718231201,0.003997236490249634,0.001445851055905223,airtanah,34,True,True,False,0.005484712542966008,False
b60a726124c5,37422717733e,60118172.0,159763970.0,73.27119,73.9076,0.5151646733283997,2.574302911758423,0.0,0.0,campuran,24,True,True,False,0.0,False
e68c6f2e8f02,8db7dcf74474,80436760.0,156042130.0,2172.9802,,0.8329302072525024,1.5476921796798706,0.0,0.0,airtanah,13,True,True,False,0.0,False
a5a1adb8adec,3abfd63e450a,114154776.0,114154776.0,208.21692,,0.08044362813234329,4.564617156982422,0.12260691821575165,1.0,kilat,28,True,True,False,0.0,False
3cd6ee2af4f9,0fcd96ec989d,150335230.0,915620740.0,3084.4014,2638.3184,0.612281084060669,3.1059234142303467,0.00019548411364667118,0.0,campuran,50,True,True,False,0.00013814893463859335,False
158b9b99a4a2,22ba318c806d,109685070.0,199872200.0,85760.7,94191.164,0.030087701976299286,2.4455385208129883,0.04504051059484482,0.0,campuran,20,True,True,False,0.07031823135912418,False
049713d533a1,a5acbfbe6f5a,128629590.0,2061566300.0,17.179792,20.341446,0.9137449264526367,1.307434320449829,0.013399140909314156,1.0,airtanah,29,True,True,False,0.0,False
706f54f0f9d6,676c958f9b01,85786376.0,238818820.0,11.112594,14.672781,0.07898600399494171,4.639951705932617,0.0,0.0,kilat,23,True,True,False,0.0,False
02b9a73f266b,f53b5f0354a1,112243340.0,112243340.0,183.44066,187.60315,0.2741175889968872,2.7127325534820557,2.92950439453125,1.0,irigasi,31,True,True,False,5.270256996154785,True
8abda2af378f,4ca3bc24bfbd,87678120.0,87678120.0,28832.654,28184.133,0.6373459696769714,2.269200325012207,0.02411363087594509,0.0,airtanah,35,True,True,False,0.01578277302905917,False
657cc76a822f,60f9355f52e9,220613780.0,468082500000.0,191.371,230.6916,0.34447941184043884,1.8654807806015015,0.003085433505475521,0.9991992115974426,campuran,23,True,True,False,0.002950700931251049,False
ca7ad1969f49,21004d87be6b,120165490.0,38799330000.0,98.32977,103.60811,0.09345823526382446,3.0035367012023926,0.0,0.0,campuran,51,True,True,False,0.0,False
7ea1ec627da6,78d6d6ab9d46,161291260.0,161291260.0,27.35628,23.35346,0.9960073828697205,1.4510771036148071,0.0,0.0,airtanah,29,True,True,False,0.0,False
ee7512128af4,OUTLET,59049308.0,59049308.0,663.5022,656.795,0.6888108849525452,2.2363107204437256,0.3691013753414154,1.0,airtanah,79,True,True,False,0.36410509049892426,True
96ca928cc992,2d2806c3d6e2,80393320.0,80393320.0,11.387915,15.151247,0.7990449070930481,1.0919489860534668,0.0,0.0,airtanah,19,True,True,False,0.0,False
af06db5da179,995c02453f22,51354400.0,51354400.0,90.581696,110.471855,0.5270463228225708,2.0111992359161377,0.0,0.0,campuran,1,True,True,False,0.0,False
dcf9890b9af3,ede7a776f92f,58770876.0,58770876.0,88.59441,70.02642,0.19906973838806152,3.0958590507507324,0.0,0.0,campuran,17,True,True,False,0.0,False
6722a1f0ba5c,596db41c7a76,109609310.0,109609310.0,895.99493,947.9304,0.4500240087509155,2.2892394065856934,0.0,0.0,campuran,6,True,True,False,0.0,False
ae59754bd4d8,b9463571c8c6,105301990.0,12963760000.0,572.95435,634.7817,0.8324158191680908,2.0147056579589844,0.01484820619225502,1.0,airtanah,41,True,True,False,0.00023581697314511985,False
a205449ab768,4f56a5877643,49020770.0,1797151500.0,40.059013,40.7194,0.4696064591407776,3.0785140991210938,0.0,0.0,campuran,37,True,True,False,0.0,False
66abf80a8d6e,baa9293bd3d2,88120290.0,241409170.0,1195.2798,1135.0917,0.41636162996292114,3.607999324798584,0.002554727718234062,0.0,campuran,44,True,True,False,0.0014120061532594264,False
2181b5ad9f02,3bb4661b0a9b,133134290.0,192762460.0,195791.12,211323.6,0.07998700439929962,2.3409862518310547,0.18583747744560242,0.0,campuran,20,True,True,False,0.27806998789310455,False
39998eee9e2e,9154e4f5ea7f,49096320.0,49096320.0,2402.5637,2041.9935,0.7103327512741089,1.9116710424423218,1.2492035239120014e-05,0.0,airtanah,14,True,True,False,2.5181149794661906e-05,False
6344774ade96,89ce10ec57c1,88863960.0,734941300.0,11.419817,6.973147,0.44287392497062683,2.4395761489868164,0.0,0.0,campuran,23,True,True,False,0.0,False
3ca2de4ec568,4f20bd3e14b9,59228300.0,1756899800.0,22.418495,24.48627,0.9993464350700378,2.7121944427490234,0.0,0.0,airtanah,26,True,True,False,0.0,False
38303aedc936,7422488bd815,38356330.0,38356330.0,13.513578,12.446202,0.5834959149360657,3.3763303756713867,0.0,0.0,campuran,42,True,True,False,0.0,False
630128c148c0,bd881caa9052,86422310.0,4849406000.0,115.80724,111.19862,0.7384815216064453,2.0420899391174316,0.003628828562796116,1.0,airtanah,24,True,True,False,0.0,False
8c94b794e82d,33458df0ebe5,124930200.0,3740482600.0,6749.488,5918.3076,0.44716131687164307,2.1981360912323,0.0001988247240660712,0.7493051886558533,campuran,14,True,True,False,5.556441283260938e-05,False
6357aca3e234,d652f01109e0,76058240.0,76058240.0,189.67177,309.80023,0.7455099821090698,1.9082789421081543,0.0,0.0,airtanah,1,True,True,False,0.0,False
6e851309ac02,dde0b2404955,127093384.0,127093384.0,170.28923,188.12386,0.9429967999458313,2.2649834156036377,0.0,0.0,airtanah,12,True,True,False,0.0,False
777cf283b68c,049713d533a1,110798540.0,225661630.0,18.034433,17.255363,0.7068251967430115,2.6416659355163574,0.0003644638345576823,1.0,airtanah,29,True,True,False,0.0,False
97a0ca20f570,db8581e7c16d,111252600.0,1673153900.0,19.918913,21.53846,0.2592059075832367,0.9289079904556274,0.0,0.0,campuran,19,True,True,False,0.0,False
6fcb3069eb99,dfc5b762d1e0,105321640.0,29088604000.0,91.95489,103.60029,0.33799558877944946,3.2545166015625,0.0017553495708853006,1.0,campuran,51,True,True,False,0.0,False
b6f347f7103b,66abf80a8d6e,52920696.0,52920696.0,1154.4824,1283.3036,0.09278194606304169,4.177079677581787,0.0,0.0,kilat,44,True,True,False,0.0,False
e02385a857c0,e3702141514e,106913080.0,4044762600.0,100.33507,99.14056,0.13081154227256775,3.0196709632873535,0.0,0.0,campuran,37,True,True,False,0.8500263690948486,True
94880edfce9b,c06fa97ce6be,45218436.0,272752540.0,537.1301,502.1297,0.1710818111896515,2.860300064086914,0.0,0.0,campuran,7,True,True,False,0.0,False
a6d8eb2b368f,95f3802d5934,59205636.0,427410340.0,128.6158,126.407486,0.0,2.224005699157715,0.0,0.0,campuran,25,True,True,False,0.0,False
3a68e1a1bd6f,8fe3b7a6705a,182858050.0,182858050.0,3760.1929,3605.9734,0.5451453924179077,2.327958583831787,6.184594631195068,0.9923624992370605,irigasi,23,True,True,False,420.739013671875,True
7199911168fe,22ba318c806d,88701720.0,88701720.0,74158.98,62992.188,0.019389085471630096,2.5547144412994385,0.19370342791080475,0.0,campuran,20,True,True,False,0.36564862728118896,True
0fe88b6668f6,e20c7108c6fc,89805240.0,89805240.0,20.668541,13.246575,0.6946412920951843,0.9906896352767944,0.0,0.0,airtanah,15,True,True,False,0.0,False
aab9c7364a29,cfeb98538b7c,150512210.0,150512210.0,335.59552,412.3493,0.6875554919242859,3.6781394481658936,0.00026972248451784253,0.0,campuran,67,True,True,False,0.0009076417045434937,False
7825722f885c,d5cb9a3a871c,102640680.0,6343543300.0,120.49375,117.42835,0.6078542470932007,2.0745582580566406,0.0,0.0,airtanah,24,True,True,False,0.0,False
3e1c4880dc54,299126866d6c,103360824.0,103360824.0,1732.7659,1798.9076,0.49647870659828186,2.946489095687866,0.0011148159392178059,0.0,campuran,3,True,True,False,0.0006502135656774044,False
299126866d6c,f7e5ba78b2cf,67275576.0,9464458000.0,340.11224,378.11868,0.5530334711074829,2.434645652770996,0.0,0.0,campuran,3,True,True,False,0.0,False
552cef8cb951,7ced1798d92a,50797460.0,93323800.0,364.7894,393.00845,0.04412023350596428,5.965554237365723,0.0,0.0,kilat,18,True,True,False,0.0,False
6c854be214db,7ecd4d2ffa36,114032500.0,173607710.0,8210.809,7240.9136,0.5716466903686523,2.634307622909546,0.05640599876642227,0.930655837059021,campuran,68,True,True,False,0.017251260142074898,False
3342c4c3c66a,OUTLET,112487290.0,24644508000.0,,11167.689,0.8727369904518127,2.1005430221557617,0.0052457996644079685,0.966867983341217,airtanah,45,True,True,False,0.0002710687112994492,False
104e345b9705,456c122817b5,140432510.0,762853000.0,423.27194,473.61456,0.9836968779563904,0.7977312207221985,0.0,0.0,airtanah,19,True,True,False,0.0,False
4df962b58cb1,OUTLET,136739660.0,926152400.0,1863.4832,1924.1272,0.9937216639518738,0.8928042650222778,0.007040699012577534,0.8956217169761658,airtanah,57,True,True,False,0.0011537790123838931,False
a5024e2ad9e9,ba9d4b3eaeb0,100345350.0,100345350.0,81.38951,86.20773,0.8766653537750244,3.363983631134033,5.5794878005981445,1.0,irigasi,2,True,True,False,0.0,False
b8a34f805375,00b5bc2db9a6,43237156.0,43237156.0,289.57126,296.2017,0.968700647354126,2.5699892044067383,0.0,0.0,airtanah,14,True,True,False,0.0,False
f13722c362a6,139d3e3c2ae6,130244580.0,130244580.0,236.95964,201.65125,0.9970464706420898,0.7658023834228516,0.002962309867143631,1.0,airtanah,45,True,True,False,0.0,False
0bb0f011d031,c9cb085d8e67,49457896.0,49457896.0,11.871131,11.734418,0.9059959053993225,0.8976282477378845,0.0,0.0,airtanah,19,True,True,False,0.0,False
8c5bca078cf3,819874816a32,153143120.0,153143120.0,6272.5835,5763.2036,0.26985615491867065,3.55405855178833,0.00045006786240264773,0.0,campuran,49,True,True,False,0.00015819058171473444,False
f3426534ccfb,75a2224e0ba5,46232520.0,46232520.0,8.560901,7.952077,0.7931458950042725,1.4424381256103516,0.0,0.0,airtanah,19,True,True,False,0.0,False
2483076886b8,cb5e42cec00c,47924720.0,464721440.0,15705.506,18054.504,0.8272979855537415,1.9109550714492798,0.014520632103085518,0.0,airtanah,14,True,True,False,0.020510832779109478,False
722d8a651c18,4d6a5e824928,106513630.0,106513630.0,427.14935,496.81122,0.8791110515594482,3.1220998764038086,0.03146174177527428,1.0,airtanah,27,True,True,False,0.0,False
2a229ffff689,ac457458ee18,56511572.0,56511572.0,196.34106,191.55827,0.9942420125007629,0.7264754772186279,0.05799928307533264,1.0,airtanah,45,True,True,False,0.0,False
fc499c027a42,a77ab36e6c18,126134600.0,126134600.0,343.20673,346.84842,0.9712759256362915,0.44925957918167114,0.0,0.0,airtanah,36,True,True,False,0.0,False
cad20374259e,0f41809925d7,57116348.0,10445571000.0,20.988426,22.417606,0.02556556649506092,1.334798812866211,0.0,0.0,campuran,33,True,True,False,0.0,False
0b055dc11074,85234a1fae86,120946264.0,241222430.0,362.45935,337.92145,0.4426328241825104,2.050278425216675,0.0,0.0,campuran,12,True,True,False,0.0,False
f8e0ce2326cd,c4d53adbfe17,133078000.0,10257672000.0,2354.5317,2388.5554,0.17642152309417725,2.233990430831909,0.004228056874126196,0.7466558814048767,campuran,31,True,True,False,0.005071640480309725,False
1d49c9eaaebb,459ea89bdde1,154463820.0,199931980.0,459.1242,320.12238,0.6545357704162598,2.323807954788208,0.0,0.0,airtanah,17,True,True,False,0.0,False
bdc82ad0778b,85eae1d22a01,88173976.0,153773800.0,95.397705,103.77263,0.8880391120910645,2.788681745529175,0.04413895308971405,1.0,airtanah,27,True,True,False,0.0,False
e9307c645431,8f5ddb81191d,124336610.0,124336610.0,3344.2048,2938.9033,0.36731696128845215,1.9360177516937256,0.0018502911552786827,0.0,campuran,32,True,True,False,0.0004464543308131397,False
e7a02b1568f9,30fdeb81bb69,70758180.0,70758180.0,26.024763,24.560987,0.2980515956878662,2.717158079147339,0.0,0.0,campuran,33,True,True,False,0.0,False
8ab40fbfe7f3,f8234f25b52c,74223250.0,74223250.0,23.503849,22.171741,0.9093323945999146,1.6577626466751099,0.0,0.0,airtanah,60,True,True,False,0.0,False
6f089e780242,1e19a3a24449,61731236.0,180346930.0,150.96538,154.94354,0.27139365673065186,3.024547576904297,0.0,0.0,campuran,17,True,True,False,0.0,False
a33fc4a1d03e,8b50b8bb0dde,54507996.0,54507996.0,713.8089,650.0422,0.17723259329795837,3.026289939880371,0.0,0.0,campuran,7,True,True,False,0.0,False
b4ff17065657,cdba975e0b57,102827816.0,2520760300.0,817.52515,796.5019,0.6292398571968079,1.8863301277160645,3.526741420500912e-05,0.0,airtanah,30,True,True,False,2.8370795007504057e-05,False
c155e12d2397,c9b7d776a40b,52617736.0,52617736.0,15.225524,14.75674,0.3210775852203369,2.337249755859375,0.0,0.0,campuran,8,True,True,False,0.0,False
b2d68cb58e19,73732998ae84,87903464.0,756085440.0,60.66129,71.30626,0.8581947684288025,2.051755905151367,0.000631980481557548,0.0,airtanah,37,True,True,False,0.0005637567956000566,False
d4dce02bc845,d6046995f1e0,55655220.0,109783560000.0,17.714428,17.033947,0.5695520043373108,2.3252341747283936,0.0,0.0,campuran,8,True,True,False,0.0,False
7321288f1138,d0c6f66ef96c,138942030.0,333345700.0,718.57574,781.0733,0.797249436378479,2.0647730827331543,7.4739582487382e-05,0.0,airtanah,1,True,True,False,3.19060891342815e-05,False
d02927eb6778,ad3ff5ae79b5,61382716.0,8522307600.0,151.01537,157.62578,0.2383745014667511,1.943222999572754,0.04356161877512932,0.9998959302902222,campuran,41,True,True,False,0.0015866992284827575,False
1c1004ecea58,2d485d6d36d9,63559316.0,1628553900.0,1524.3417,1514.5575,0.471693217754364,2.7861111164093018,0.00011012970935553312,0.0,campuran,44,True,True,False,8.654523844597861e-05,False
275830831a16,ed81aeb33144,145601040.0,322780700.0,139.43533,136.71426,0.15359961986541748,3.07448148727417,0.0,0.0,campuran,51,True,True,False,0.0,False
2a15375f28b1,e1f5d81c6ae9,35864064.0,1702481400.0,178.2852,169.27003,0.16832338273525238,2.1383044719696045,0.2106834352016449,0.9530501961708069,campuran,38,True,True,False,0.14803142845630646,False
a195ef2c3264,8bde53c9378f,105894744.0,105894744.0,111.98726,100.27549,0.43758732080459595,3.254091262817383,0.0,0.0,campuran,37,True,True,False,0.0,False
2d033651320d,47d54e1a494f,45996652.0,135182740.0,554.4207,533.225,0.7280999422073364,3.835961103439331,0.0,0.0,campuran,18,True,True,False,0.0,False
5eab66f156ae,782059686a12,104669336.0,104669336.0,2586.7917,2576.3462,0.4605839252471924,1.996450662612915,0.001935004722326994,0.0,campuran,39,True,True,False,0.00254324683919549,False
41d3216522af,a8a225bd0aab,116407544.0,3688357600.0,645.4808,735.09985,0.759949266910553,2.5637965202331543,0.001497686724178493,0.7273333668708801,airtanah,5,True,True,False,0.0007051028733258136,False
00f890354362,OUTLET,104144696.0,104144696.0,759.8639,610.93896,0.9780033826828003,0.9699842929840088,0.0,0.0,airtanah,80,True,True,False,0.0,False
4f61e1ee5b88,6e8bae13a92b,75204790.0,75204790.0,1888.9747,1901.2744,0.9449608325958252,1.1504093408584595,0.01030038483440876,0.1772732436656952,airtanah,14,True,True,False,0.0054605258628726006,False
0f1abc0f35f7,c4214238bb9c,63577930.0,4609232400.0,91.76448,86.86712,0.5193513035774231,2.0270509719848633,0.0,0.0,campuran,24,True,True,False,0.0,False
2cf84ec26e90,OUTLET,46078084.0,46078084.0,374.19156,446.43005,0.9980509281158447,1.9212753772735596,0.0,0.0,airtanah,81,True,True,False,0.0,False
d1524586548a,dc920ce8b731,125344744.0,125344744.0,173.06178,171.21931,0.9163528680801392,0.8341919183731079,2.226001739501953,1.0,airtanah,40,True,True,False,0.0,False
8b01eb710c53,30d0e5938278,97617816.0,97617816.0,799.5348,802.5967,0.2504398226737976,2.543788194656372,0.0,0.0,campuran,6,True,True,False,0.0,False
d6d9d771a3da,8db7dcf74474,121979784.0,121979784.0,3997.8005,3758.6008,0.5797804594039917,1.6478314399719238,0.0006130475085228682,1.0,airtanah,13,True,True,False,0.0,False
8fe8ff6b5a0c,9789c2de998c,77627290.0,216888300.0,198.9023,217.18884,0.33054420351982117,3.0439844131469727,0.0,0.0,campuran,31,True,True,False,0.0,False
c2fbb74351f8,92621c1732cf,131755030.0,6993622000.0,330.64297,330.08344,0.7580606937408447,2.052367925643921,0.003934435546398163,0.9508184194564819,airtanah,41,True,True,False,0.00033468983019702137,False
fb18bd824e0c,3c38f8e61702,186217700.0,276299070.0,7815.499,7137.5425,0.9418298602104187,2.156543731689453,0.03918440639972687,0.9955599904060364,airtanah,5,True,True,False,0.006921625230461359,False
007cd8bdb5c4,a25c419b8d28,69767580.0,132237224.0,766.5814,660.344,0.9643046855926514,2.7087230682373047,0.12501516938209534,1.0,airtanah,14,True,True,False,0.012055517174303532,False
ea4bda0e5a53,fe6ad9695a84,93407016.0,93407016.0,128.07904,115.368324,0.5297535061836243,4.107070446014404,0.0,0.0,kilat,22,True,True,False,0.0,False
a5c245b2e538,de2985a004e1,73304580.0,318559740.0,2888.5208,2862.4675,0.9763089418411255,1.3071613311767578,0.0010299806017428637,1.0,airtanah,14,True,True,False,0.0,False
6dd873a2f5ad,dde0b2404955,159258270.0,626104260.0,297.00528,279.99176,0.9770892858505249,2.2474584579467773,0.0,0.0,airtanah,12,True,True,False,0.0,False
f2847fc9a134,OUTLET,100499270.0,2422314000.0,15.247224,14.714523,0.35605907440185547,3.1990034580230713,0.0,0.0,campuran,55,True,True,False,0.0,False
ca5a4382b53e,37422717733e,68754340.0,68754340.0,88.26877,80.45738,0.586139440536499,2.5058648586273193,0.0,0.0,campuran,24,True,True,False,0.0,False
ee5bf42f04d3,d8fdd816ab5c,151446060.0,151446060.0,280.6654,279.76196,0.279514878988266,3.922968864440918,0.0,0.0,kilat,50,True,True,False,0.0,False
d6046995f1e0,86bb156b517c,80702200.0,112512200000.0,37.61006,43.915195,0.5515271425247192,2.328481674194336,0.0,0.0,campuran,8,True,True,False,0.0,False
f7b51ed4e592,0dea75439537,155592670.0,402926300.0,86.85747,,0.8681588768959045,2.2975497245788574,0.0,0.0,airtanah,38,True,True,False,0.0,False
e97fb7e0c056,870e1519e23a,63365376.0,497605440.0,771.7344,,0.9678134322166443,2.9897024631500244,0.05296768248081207,0.9244517087936401,airtanah,36,True,True,False,0.020495008677244186,False
1131152e5cd0,ba3c77d3bffe,64328200.0,64328200.0,7064.261,6257.783,0.7050195336341858,1.8293489217758179,0.05811275541782379,0.0,airtanah,48,True,True,False,0.021064648404717445,False
4c4247fa3281,62332697a11d,152212340.0,152212340.0,192.35097,197.26254,0.7802127599716187,1.3304383754730225,7.837766647338867,1.0,irigasi,40,True,True,False,571.5845336914062,True
f4a023e0984d,d2b19c9b010f,86079280.0,1289707800.0,1260.9592,0.0,0.05689495801925659,3.8002195358276367,0.0,0.0,kilat,18,True,True,False,0.0,False
cdbf8bcfe424,7901d22f343f,93508530.0,2986131000.0,588.65015,601.6838,0.5427165627479553,2.0135021209716797,0.0003980337642133236,0.370196670293808,campuran,30,True,True,False,0.0002742220131040085,False
a60a23aec96e,750bf8a55ff2,-9999.0,34859404.0,83.043304,128.28694,0.3318508267402649,2.7345762252807617,0.0,0.0,campuran,23,True,True,False,0.0,False
3b1bd522f8c7,d65d5472f4aa,53407864.0,53407864.0,260.28235,281.50443,0.4872293174266815,3.127688407897949,0.1421137899160385,1.0,campuran,31,True,True,False,0.0,False
6e8bae13a92b,a5c245b2e538,110346540.0,237950980.0,5334.3335,5795.3013,0.9623416066169739,1.2676374912261963,0.00607483834028244,0.9802916049957275,airtanah,14,True,True,False,6.123257480794564e-05,False
b4321ba6f1d1,f0d742215a9c,41217996.0,41217996.0,9.144069,5.6461167,0.5211546421051025,1.9736453294754028,0.0,0.0,campuran,15,True,True,False,0.0,False
b36c08026112,0f56c23e3e10,136152880.0,830300500.0,254680.7,232894.14,0.10931973159313202,1.9543702602386475,0.12510046362876892,0.0,campuran,20,True,True,False,0.20742937922477722,False
3f6b2f1dad78,c371d04aa222,83931060.0,825382460.0,4029.254,3298.3242,0.7702167630195618,1.8416571617126465,0.009413345716893673,0.0,airtanah,30,True,True,False,0.023216668982058764,False
532351294ffa,6bf0fdd27bcf,58444016.0,30087080000.0,49.775143,49.522865,0.10321725904941559,3.204219102859497,0.0,0.0,campuran,51,True,True,False,0.0,False
e093ea8668c5,31c0ab059763,152868200.0,284031580.0,11634.605,11353.603,0.8793267607688904,2.0821046829223633,0.01183311827480793,0.059851352125406265,airtanah,14,True,True,False,0.016084290575236082,False
d9633ebfdb12,44bf4eca977b,118592610.0,449484900.0,133.70631,132.67531,0.9829304814338684,2.678022623062134,0.0,0.0,airtanah,22,True,True,False,0.0,False
d8f689b892cb,bc8159a753dc,44453920.0,44453920.0,17.0554,14.437347,0.7075815200805664,1.6146715879440308,0.0,0.0,airtanah,23,True,True,False,0.0,False
f2c066646b14,75725b9f3e86,51348524.0,215344690.0,106.76553,97.33589,0.0797371119260788,2.175757884979248,0.0,0.0,campuran,12,True,True,False,0.0,False
5800572225cd,8580bb5cae2b,92270730.0,254140020.0,34.955124,32.189743,0.9597384929656982,3.5040714740753174,0.0,0.0,airtanah,26,True,True,False,0.0,False
aec3894445e8,d28842b521fd,123977560.0,123977560.0,32.838627,32.796852,0.9603396654129028,0.4593624174594879,0.0,0.0,airtanah,8,True,True,False,0.0,False
beb9072fe6f8,750bf8a55ff2,30173232.0,30173232.0,33.465816,43.437977,0.003353471402078867,7.0,1.600504755973816,1.0,kilat,23,True,True,False,50.92595672607422,True
f062c9d62e1d,39866bfa131d,79165736.0,79165736.0,14.905752,16.08778,0.9270844459533691,0.5960866808891296,0.0,0.0,airtanah,19,True,True,False,0.0,False
8c44e6f52ecc,b4cba42ac1cc,148859940.0,148859940.0,5609.8276,5579.609,0.5325763821601868,2.425291061401367,0.07652875781059265,0.0,campuran,34,True,True,False,0.08578888885676861,False
587eb03e5ad0,1d727c11b4a1,139508720.0,,509.94543,405.55225,0.9587584733963013,1.5469733476638794,0.0,0.0,airtanah,17,True,True,False,0.0,False
6e867fd75bb4,9a68e3e5eef2,39971536.0,39971536.0,228.01892,206.70425,1.0,1.4600670337677002,3.3609158992767334,0.0,irigasi,70,True,True,False,69.3824577331543,True
b4cba42ac1cc,1f1507ceca96,131167480.0,267469600.0,4048.7358,3483.8174,0.6189450025558472,2.8519175052642822,0.0027429822366684675,0.0,campuran,34,True,True,False,0.0027488257037475705,False
f0d742215a9c,9b4ff3884915,61631100.0,133159576.0,4.8456073,0.0,1.0,1.903071641921997,0.0,0.0,airtanah,15,True,True,False,0.0,False
d576dc2a2625,da5e399bd39c,74072060.0,74072060.0,252.57716,325.0476,0.7136285901069641,2.5706799030303955,0.0005739459884352982,0.0,airtanah,1,True,True,False,0.00043019210716011,False
b8ea3846b734,459ea89bdde1,72314840.0,72314840.0,343.126,268.64944,0.6478995084762573,2.209726095199585,0.0,0.0,airtanah,17,True,True,False,0.0,False
8f5ddb81191d,c42f355deb84,116614400.0,1718728700.0,72528.945,74268.12,0.33255043625831604,1.96254301071167,0.020333191379904747,0.0,campuran,32,True,True,False,0.004778689239174128,False
36314ad481a5,fcf1a0e89937,146896110.0,1314249700.0,223.3449,246.378,0.9304541945457458,2.815737724304199,0.0,0.0,airtanah,25,True,True,False,0.0,False
7ced1798d92a,da4b9ed8e26c,80324700.0,267379180.0,509.6986,515.38165,0.04819449037313461,6.265143394470215,0.0,0.0,kilat,18,True,True,False,0.0,False
fb57d973f494,ec1c5fb3ffa8,47548468.0,47548468.0,8.2871,0.0,0.7451201677322388,1.401556372642517,0.0,0.0,airtanah,19,True,True,False,0.0,False
01b88de112a1,f3dff368c38f,115320670.0,115320670.0,354.54614,314.59503,0.8615531921386719,5.333121299743652,0.0018344128038734198,0.0,kilat,47,True,True,False,0.019522185728419572,False
4536157fcad6,baa9293bd3d2,37958696.0,37958696.0,753.0357,924.0556,0.6502739787101746,2.156116247177124,0.0,0.0,airtanah,44,True,True,False,0.0,False
ccabcd357879,bdcc83abcac9,32602852.0,32602852.0,66.45625,69.262474,0.0,0.0,11.461944580078125,1.0,campuran,25,True,True,False,4506.89656829834,True
47d54e1a494f,103f43fa31bf,128331850.0,1734666600.0,5538.164,5610.173,0.22770263254642487,3.4709160327911377,0.0035970229655504227,0.0,campuran,18,True,True,False,0.00217934837564826,False
7cd5880b709c,4234523e5284,81271544.0,250525570.0,209.33778,193.4776,0.5992724299430847,1.5431113243103027,0.0,0.0,airtanah,16,True,True,False,0.0,False
003bcdfe2eb7,920c5c3c99cd,146123000.0,146123000.0,82.38596,84.50238,0.7151907086372375,2.6368656158447266,0.0,0.0,airtanah,25,True,True,False,0.0,False
652b1b73d04f,3b824cb61ca4,63903908.0,63903908.0,8019.9424,6812.6577,0.7136571407318115,2.456188678741455,0.02730627916753292,0.8505820631980896,airtanah,14,True,True,False,0.005032198969274759,False
cf208887843f,d0c6f66ef96c,80116850.0,340529760.0,232.24562,249.07137,0.83855801820755,2.2185113430023193,0.0,0.0,airtanah,1,True,True,False,0.0,False
998d522f0315,d7292601ddda,78583190.0,366606240.0,67.25103,66.54246,0.23368269205093384,3.543217897415161,7.047042163321748e-05,0.0,campuran,51,True,True,False,0.00020758185564773157,False
c47e0b6ed7a8,98b145d63b7a,48060000.0,48060000.0,691.35406,761.194,0.2514915466308594,2.191239595413208,0.0,0.0,campuran,6,True,True,False,0.0,False
bb5ed6026fe2,78f845b5b0bf,96613144.0,96613144.0,85.50994,117.82651,0.978561520576477,2.6821210384368896,0.0,0.0,airtanah,27,True,True,False,0.0,False
786d19126e68,86503a6a4842,143864370.0,712124800.0,1325.82,1398.2335,0.7345583438873291,1.6473851203918457,0.007437827065587044,0.0,airtanah,30,True,True,False,0.005992230027914047,False
22c5e80efe04,db5f06e259a5,170837250.0,170837250.0,274.56427,324.88156,0.5806177258491516,1.9797338247299194,2.016946792602539,1.0,irigasi,64,True,True,False,2.1452523432672024,True
0c10e281750a,1470a2daa8c2,76374840.0,76374840.0,12.466619,12.570661,0.547507107257843,2.04632306098938,0.0,0.0,campuran,23,True,True,False,0.0,False
5c87cf3fadd1,02e64e42c33b,68172880.0,545025400.0,31.469067,42.234016,0.9732733368873596,1.463660717010498,0.3152039051055908,1.0,airtanah,2,True,True,False,0.0,False
3bfdae661479,a8a225bd0aab,167431970.0,727927800.0,4755.9146,4438.067,0.8564047813415527,2.416261672973633,0.007344360463321209,0.4299094080924988,airtanah,5,True,True,False,0.008000940433703363,False
870e1519e23a,493d8fd004ea,63318200.0,14342950000.0,1845.3345,1736.5015,0.7634301781654358,2.3578476905822754,0.004275789484381676,0.9833179116249084,airtanah,36,True,True,False,0.0010330224322387949,False
8c36cd1c0a15,a25c419b8d28,128675630.0,1413242600.0,646.23376,532.5176,0.992561936378479,2.16864275932312,0.0013866086956113577,1.0,airtanah,14,True,True,False,0.0,False
8b9d9deb2b17,d6605c365647,97668060.0,182914640.0,520.3874,472.51453,0.6428901553153992,3.0043883323669434,0.22759203612804413,1.0,campuran,28,True,True,False,0.0,False
46c2dd5634b3,bc8159a753dc,50823790.0,437378220000.0,356.54062,363.96786,0.7405864000320435,1.9560577869415283,2.0645302356570028e-07,0.0,airtanah,23,True,True,False,2.826017606594178e-07,False
cb6c11be5f0a,1b52a2a91bc9,61897972.0,61897972.0,174.61014,229.68645,0.29602861404418945,2.681674003601074,0.0,0.0,campuran,1,True,True,False,0.0,False
b2365d8fb3b0,baa9293bd3d2,54492908.0,54492908.0,870.4987,952.3101,0.44749605655670166,4.066492080688477,0.002455600304529071,0.0,kilat,44,True,True,False,0.0013214423670433462,False
bf3f75f928ca,7063689730e2,36411524.0,36411524.0,605.6296,653.80896,0.18181046843528748,6.749793529510498,0.03900706022977829,0.9834300875663757,kilat,63,True,True,False,0.0043847604902111925,False
433ca6c2c6d6,d7292601ddda,172177140.0,172177140.0,145.68439,144.79288,0.36586278676986694,2.2717909812927246,0.03165063634514809,0.0,campuran,51,True,True,False,0.03834974765777588,False
e3c8465ff973,54ff69b01cd2,127277180.0,244668750.0,207630.33,209136.8,0.13110879063606262,2.3185524940490723,0.22248487174510956,0.0,campuran,20,True,True,False,0.2654062658548355,False
d9d801cda0c5,5b2053520748,104728070.0,104728070.0,1493.5831,1234.1417,0.7113602757453918,3.1252052783966064,0.0,0.0,airtanah,48,True,True,False,0.0,False
f38a36ca1b68,f814f5cdd757,74256536.0,103162905000.0,24.564095,25.802422,0.9482274055480957,2.3465662002563477,0.0,0.0,airtanah,8,True,True,False,0.0,False
e458517d2454,fb909b9af975,105516960.0,105516960.0,135.98012,133.45238,0.16953031718730927,5.047237396240234,0.0,0.0,kilat,22,True,True,False,0.0,False
ba8aec9b0cce,bd301ef522ed,92503990.0,215806880.0,800.94324,873.5175,0.854739785194397,4.139098167419434,0.0,0.0,airtanah,18,True,True,False,0.0,False
809668a06d29,53dc2134034e,52740104.0,548696960.0,236.95888,209.34743,0.7466334104537964,2.024214744567871,0.0,0.0,airtanah,17,True,True,False,0.0,False
d3ff7c0fbfcf,fcae971daccf,41370390.0,41370390.0,940.8987,999.57245,0.29975801706314087,2.6668238639831543,0.0,0.0,campuran,7,True,True,False,0.0,False
3a38960ef634,2069c2702e88,45311564.0,45311564.0,58.56462,75.600716,0.013545487076044083,6.536374568939209,2.349294662475586,1.0,irigasi,23,True,True,False,1.8851920366287231,True
d3fbc8cb47b7,0991478602e4,132723200.0,1332222200.0,120.136734,162.25545,0.991737961769104,2.507685661315918,0.0,0.0,airtanah,27,True,True,False,0.0,False
d8ff7e8d0c6f,b60a726124c5,95539950.0,95539950.0,128.53691,117.723526,0.4919630289077759,2.4219236373901367,0.0,0.0,campuran,24,True,True,False,0.0,False
b1263a603f32,baa9293bd3d2,60822910.0,60822910.0,1152.2196,1319.7574,0.5922396183013916,2.2393767833709717,0.0,0.0,campuran,44,True,True,False,0.0,False
627128a53903,ed5227674248,147822530.0,103740750000.0,46.09766,47.18016,0.32724034786224365,2.355203866958618,0.0018468573689460754,0.973516583442688,campuran,8,True,True,False,0.00045365961705101654,False
c2aae6c29ca0,09fe44cd1a40,87844780.0,356283940.0,5924.577,7206.7227,0.6169729232788086,3.3361997604370117,0.13678301870822906,0.8836557865142822,campuran,28,True,True,False,0.005807414883747697,False
7407ab64d6f6,OUTLET,61046244.0,61046244.0,1.3516423,4.07061,0.8886395692825317,3.3721611499786377,0.0,0.0,airtanah,82,True,True,False,0.0,False
bd04e9583418,OUTLET,103075410.0,103075410.0,152.04672,158.5656,0.0,7.0,3.652557611465454,1.0,irigasi,83,True,True,False,0.0,False
39a805b32ec5,ca4ddb3efd52,139558140.0,431903230.0,121.78501,98.93698,0.657023012638092,1.4601998329162598,0.0,0.0,airtanah,25,True,True,False,0.0,False
a37394d0aa79,OUTLET,100265530.0,11435438000.0,23.890093,23.120382,0.07474171370267868,1.2532556056976318,0.0,0.0,campuran,33,True,True,False,0.0,False
60754af693fb,1b12cfd12d13,111065340.0,111065340.0,19.1502,19.65079,1.9629589587566443e-05,7.0,3.5277645587921143,1.0,kilat,23,True,True,False,64521.595792770386,True
6e24eb9e545e,393031da8eb0,127829064.0,5335116000.0,26.169977,22.331093,0.8574925661087036,0.8655215501785278,0.00020681929890997708,0.0,airtanah,19,True,True,False,0.0002890746691264212,False
efbc24c2331c,627128a53903,119551810.0,535199000.0,47.1156,38.34649,0.9894798994064331,1.16941499710083,0.007355534005910158,0.8898165822029114,airtanah,8,True,True,False,0.000632833136478439,False
0e4c79894a6a,a50ef92361fd,111102776.0,111102776.0,1841.04,1486.9126,0.8166419863700867,2.107217788696289,0.0,0.0,airtanah,14,True,True,False,0.0,False
dd87f21eff92,OUTLET,287185150.0,28789604000.0,1.107,1.0048972,0.0,2.7200732231140137,0.0,0.0,campuran,66,True,True,False,0.0,False
72d06c9d7363,17f91cd06fff,40703230.0,40703230.0,145.0662,137.17792,0.4659193754196167,3.191279888153076,0.0,0.0,campuran,41,True,True,False,0.0,False
6e29cbffa00b,782059686a12,93959240.0,93959240.0,8836.744,9365.719,0.555594801902771,1.772939920425415,0.023816831409931183,0.0,campuran,39,True,True,False,0.026159835048019886,False
654886fba40b,dd80fe4d3e57,104067600.0,104067600.0,47.56166,49.570103,0.6976990103721619,1.7819640636444092,0.0,0.0,airtanah,10,True,True,False,0.0,False
f48cc71e163a,OUTLET,39143156.0,2563855600.0,19148.125,20018.213,0.1376248300075531,3.0495100021362305,0.0035217157565057278,0.0,campuran,49,True,True,False,0.0008232811960624531,False
7c36df43d31c,479a448df456,86381360.0,86381360.0,72.53242,74.97184,0.5095953941345215,2.265631914138794,0.0,0.0,campuran,25,True,True,False,0.0,False
9ad12d34118d,d08294c94a56,65923388.0,65923388.0,45.8228,62.20954,0.877966582775116,3.8783743381500244,0.0,0.0,airtanah,22,True,True,False,0.0,False
a61fa9038659,4457adc1419d,97623704.0,97623704.0,33.875095,28.365242,0.91770339012146,0.5423732995986938,0.0,0.0,airtanah,19,True,True,False,0.0,False
316ee7a0267c,7e49aee37a38,44946090.0,44946090.0,65.15767,53.72211,0.6079509854316711,3.232523202896118,0.0,0.0,campuran,26,True,True,False,0.0,False
38ab52f033ca,5e1b43c6ce39,81467400.0,81467400.0,,13814.433,0.7432954907417297,1.4626851081848145,0.022103600203990936,0.0,airtanah,39,True,True,False,0.01906258426606655,False
c882fec38ef6,271e2266550c,172454350.0,860089340.0,91.18695,89.67765,0.8588820695877075,2.201676607131958,0.011110969819128513,1.0,airtanah,38,True,True,False,0.0,False
483f6d0c638b,4edcd8106dac,42132332.0,94572130.0,529.97284,546.3667,0.6841075420379639,2.760725498199463,0.0,0.0,airtanah,18,True,True,False,0.0,False
d1c4945035c6,b9e0c6c98caf,78453640.0,78453640.0,13.907214,15.378,0.9100884795188904,0.6512666344642639,0.0,0.0,airtanah,19,True,True,False,0.0,False
4e4a77962bee,e0823705f479,96462480.0,3441315300.0,133.18408,124.691315,0.6309554576873779,2.571098804473877,0.008050799369812012,1.0,campuran,26,True,True,False,0.0,False
6a7b80138a68,104e345b9705,,99096910.0,88.181,95.88248,0.9149477481842041,1.4747287034988403,0.0,0.0,airtanah,19,True,True,False,0.0,False
2c8e5e2d7760,55996adee9a1,58040930.0,2158834000.0,10.126501,9.140727,0.9873496890068054,1.3193453550338745,0.0,0.0,airtanah,29,True,True,False,0.0,False
167fd48bbe43,48d6d0b62d99,94490230.0,94490230.0,170.07076,143.92688,0.9913219213485718,1.3348398208618164,0.0,0.0,airtanah,45,True,True,False,0.0,False
3c53eca0500c,ca8a76b3650f,120328456.0,1065103700.0,,936.18146,0.4240623712539673,2.6379506587982178,0.04750781133770943,0.9988769292831421,campuran,1,True,True,False,0.00012467157284845598,False
71b01339374a,0f41809925d7,89878730.0,233136960.0,27.823896,27.315367,0.12706716358661652,2.6745476722717285,0.0,0.0,campuran,33,True,True,False,0.0,False
49fe1acacd7f,c7a40ddd2d3a,127163540.0,127163540.0,358.4081,352.06104,0.8140129446983337,1.9113430976867676,0.0,0.0,airtanah,36,True,True,False,0.0,False
bb8e9eb5d959,bfca34d6e7e2,81131070.0,2682867200.0,65.65191,64.61416,0.13600969314575195,3.2238574028015137,0.0,0.0,campuran,37,True,True,False,0.0,False
01152d611da5,007cd8bdb5c4,66872576.0,66872576.0,738.0763,624.3648,0.9829322695732117,2.5948290824890137,0.031248407438397408,1.0,airtanah,14,True,True,False,0.007922297343611717,False
ccba605a6583,1804e155d046,94161740.0,94161740.0,701.4416,761.5256,0.5463292598724365,3.433108329772949,0.6281195878982544,0.9969052672386169,campuran,28,True,True,False,0.0013312643568497151,False
93ef7a5d5039,9e44bb90b586,126043280.0,126043280.0,19.827803,21.12089,0.9001228213310242,0.8520835041999817,0.0,0.0,airtanah,19,True,True,False,0.0,False
30d0e5938278,40d12a09d851,81227350.0,245939230.0,1298.6246,1247.6852,0.2570517361164093,2.6318302154541016,0.0005833242321386933,0.0,campuran,6,True,True,False,0.00042088118789251894,False
63b29f558295,0f1abc0f35f7,71421510.0,4117525200.0,187.4007,215.41464,0.5509170293807983,2.045281410217285,0.0,0.0,campuran,24,True,True,False,0.0,False
728995316913,e54072a7669d,95935496.0,95935496.0,77.07778,79.29954,0.11169418692588806,4.176419734954834,0.0,0.0,kilat,51,True,True,False,0.0,False
fdc5d3353bfb,390f41993ca2,75490210.0,75490210.0,27.603477,31.524124,0.03970114514231682,4.510075092315674,0.0,0.0,kilat,33,True,True,False,0.0,False
ba39c51c880e,5b28b980571c,114228070.0,114228070.0,37.706005,39.201157,0.08734842389822006,5.025050640106201,1.4088313579559326,1.0,kilat,23,True,True,False,0.4258776307106018,True
b93260ab0da6,76befe89979b,86298300.0,86298300.0,79781.57,75308.664,0.3184216022491455,1.399773120880127,0.19650524854660034,0.0,campuran,32,True,True,False,0.10379591211676598,False
17bf12f1b61e,a43b719c8299,131548960.0,131548960.0,13867.249,14148.499,0.8807899951934814,2.556647777557373,0.017009735107421875,0.0,airtanah,14,True,True,False,0.025371385738253593,False
7272873c3ee7,1c1004ecea58,,1441439900.0,6588.6904,6064.413,0.4581483006477356,2.748926877975464,0.0009193770820274949,0.0,campuran,44,True,True,False,0.0005874349735677242,False
3cbb1e4470f5,f30c5ddbd315,73855770.0,73855770.0,772.6674,774.0394,0.15726332366466522,3.029099464416504,0.0,0.0,campuran,7,True,True,False,0.0,False
5c3c58485e5f,329376cf39c5,108092160.0,108092160.0,649.70667,506.91632,0.8596410751342773,1.3062143325805664,0.00138848798815161,0.0,airtanah,84,True,True,False,0.001036355854012072,False
cb1a03dcb9fd,7b625c4cf25a,133075384.0,133075384.0,43.740585,39.640514,0.8740640878677368,2.2771804332733154,0.0,0.0,airtanah,42,True,True,False,0.0,False
1ca1acfbca0b,b4d2e31928ef,61513990.0,61513990.0,5512.858,4722.388,0.4238990247249603,1.9209015369415283,0.024323543533682823,0.9863608479499817,campuran,13,True,True,False,0.00035137914528604597,False
fb96a8af1522,857a2b6963a6,64827056.0,64827056.0,29.421192,27.402367,0.9349079728126526,1.3180941343307495,0.0,0.0,airtanah,19,True,True,False,0.0,False
641abb46fd44,6e8bae13a92b,57778028.0,57778028.0,2387.8838,3400.4368,0.8482781052589417,1.454627513885498,0.0,0.0,airtanah,14,True,True,False,0.0,False
60f9355f52e9,3a51affcbd00,154609890.0,452831500000.0,127.814735,144.0147,0.41976654529571533,1.9371150732040405,8.377245649171527e-06,1.0,campuran,23,True,True,False,4.743724275613204e-06,False
8a6ea5acd772,54de7f4c319b,827102900.0,3056976100.0,6308.5234,6673.2793,0.8575933575630188,2.696472644805908,0.013298599049448967,0.9950100183486938,airtanah,66,True,True,False,0.044202810735441744,False
5cf9f8731b63,36afa5917900,135381650.0,135381650.0,558.03314,629.94666,0.7454450130462646,3.7918500900268555,0.48439106345176697,1.0,airtanah,28,True,True,False,0.0,False
b8b17439ebac,3aa7f9f906ea,56023000.0,56023000.0,19.480476,16.639,0.8442176580429077,1.0374362468719482,0.0,0.0,airtanah,8,True,True,False,0.0,False
02e64e42c33b,e9fa26715ea1,64019340.0,672413100.0,29.08193,38.77349,0.9853789806365967,1.4607083797454834,0.4223160147666931,1.0,airtanah,2,True,True,False,0.0,False
48a1e80565bb,570ecbd71f56,132142390.0,132142390.0,706.6517,937.61664,0.6664654016494751,1.7606327533721924,0.0,0.0,airtanah,3,True,True,False,0.0,False
12b154e7c4d8,e3c8465ff973,121880950.0,121880950.0,148292.98,162806.39,0.11542894691228867,2.3659920692443848,0.3879116475582123,0.0,campuran,20,True,True,False,0.794872373342514,True
b1cf02710673,e54072a7669d,114731000.0,114731000.0,86.259895,92.68904,0.13047054409980774,3.6714797019958496,0.0,0.0,kilat,51,True,True,False,0.0,False
dab47ce68918,13e92f32a60c,59065700.0,59065700.0,15021.17,15441.516,0.9803864359855652,1.16298246383667,0.049648597836494446,0.0,airtanah,85,True,True,False,0.04770674929022789,False
8eca40e98d30,c99150f5eee0,48966450.0,48966450.0,1642.6027,1555.9359,0.5693513751029968,2.640634536743164,0.0,0.0,campuran,39,True,True,False,0.0,False
1470a2daa8c2,1b12cfd12d13,111943990.0,410965600.0,23.956053,22.598915,0.24832670390605927,2.9081051349639893,0.02850300818681717,1.0,campuran,23,True,True,False,0.033294315449893475,False
2ef219766768,ef722273e4e2,88455590.0,88455590.0,30.797396,26.99247,0.4474782347679138,3.7011008262634277,0.0,0.0,campuran,37,True,True,False,0.0,False
3ce19ba7c760,4f649e0398fc,155425400.0,727452600.0,852.9793,800.5335,0.909686267375946,1.5250298976898193,0.03761591017246246,0.15817050635814667,airtanah,31,True,True,False,0.06135448068380356,False
9bdae04fbcc4,5e1b43c6ce39,65435580.0,222206000.0,3415.8186,3416.9036,0.6184914708137512,1.8959137201309204,0.0,0.0,airtanah,39,True,True,False,0.0,False
cfad2dcb3d0f,2d7ab8e212bc,70907660.0,3811072500.0,535.68115,475.97363,0.3242420554161072,2.9892401695251465,0.013867324218153954,1.0,campuran,28,True,True,False,1.540770426800009e-05,False
e0211ae17100,7e49aee37a38,122744600.0,,80.84158,78.44881,0.994123637676239,2.748109817504883,0.0,0.0,airtanah,26,True,True,False,0.0,False
ec3eb6ba1c77,2dc1f07472bb,138908300.0,9254962000.0,159.78021,140.37251,0.10320866852998734,2.0740931034088135,0.0,0.0,campuran,24,True,True,False,0.0,False
dc0e3eea1654,57bd732a250a,85379570.0,171730000.0,26.199009,30.323933,0.2508901357650757,2.884073257446289,0.0,0.0,campuran,33,True,True,False,0.0,False
3e91f3bcefbc,39471a05315b,70007600.0,167245170.0,40.08937,44.90486,0.9612356424331665,2.0447561740875244,0.0,0.0,airtanah,38,True,True,False,0.0,False
44dbc012be77,a25c419b8d28,42570870.0,42570870.0,130.34714,110.95168,0.9918019771575928,2.993272542953491,0.0,0.0,airtanah,14,True,True,False,0.0,False
1a187dd6c19b,3366b24ac6c7,108349100.0,511991550.0,16.680414,20.191105,0.5322989225387573,1.8500580787658691,0.0,0.0,campuran,19,True,True,False,0.0,False
abf7e4b520b1,OUTLET,112184850.0,112184850.0,109.45561,141.69432,0.9937825202941895,0.40697142481803894,0.0,0.0,airtanah,86,True,True,False,0.0,False
de5648e1869e,d1d5b9ac7615,62610104.0,100981110.0,28.235739,28.948576,0.11658865213394165,3.5692825317382812,0.0,0.0,kilat,33,True,True,False,0.0,False
a930f84755ff,8cdef408f2f6,69968430.0,69968430.0,1735.904,1669.3395,0.07136771082878113,5.320013046264648,1.9940674304962158,0.0,irigasi,25,True,True,False,22.192166328430176,True
c3016875398f,fa520ffc3e92,133536210.0,133536210.0,231.46735,218.59532,0.9040733575820923,2.3190417289733887,0.0,0.0,airtanah,25,True,True,False,-0.03556480631232262,False
91e6091cc432,a366aabe9e2e,35858390.0,35858390.0,10.852168,6.8036118,0.7513446807861328,1.3544917106628418,0.0,0.0,airtanah,23,True,True,False,0.0,False
c16b97b222be,0f1abc0f35f7,100116296.0,276024060.0,155.14418,145.02231,0.46029824018478394,2.620253562927246,0.0,0.0,campuran,24,True,True,False,0.0,False
58987fd213fa,b40daa2822d2,107616690.0,330282850.0,31.858204,30.019993,0.9523480534553528,1.226574182510376,0.0,0.0,airtanah,60,True,True,False,0.0,False
7d42fa992d89,f81210b9667a,40579370.0,81158740.0,,59.527184,0.5104575157165527,3.4028666019439697,0.30332422256469727,1.0,campuran,28,True,True,False,0.0,False
877be018cfe3,f46dbcd0ffcf,73208660.0,73208660.0,183.27917,291.10928,0.54249107837677,2.875096082687378,0.0,0.0,campuran,1,True,True,False,0.0,False
651c47c29853,c96d724ca743,98497750.0,1691316900.0,346.15933,359.63403,0.9278754591941833,2.374479293823242,1.6467613022541627e-05,0.0,airtanah,3,True,True,False,1.3961036074761068e-05,False
6345b6b96264,a660467f7f91,87396690.0,193597630.0,532.4506,537.7074,0.9305206537246704,3.5988073348999023,0.09186583012342453,0.9836198091506958,airtanah,5,True,True,False,0.044096484780311584,False
33771d15adb1,3d6bda13c67f,117122910.0,1456490100.0,2933.05,2755.4443,0.24112604558467865,2.2890844345092773,0.00039140155422501266,0.0,campuran,7,True,True,False,0.0003898399736499414,False
337d99987cc9,3414715f8e6f,147049900.0,147049900.0,29.06503,25.834827,0.9582346081733704,0.636601984500885,0.0,0.0,airtanah,19,True,True,False,0.0,False
ab51009b3308,3e0bd74b1124,122810820.0,122810820.0,138.32816,158.93123,0.9904226064682007,0.6610240936279297,0.0,0.0,airtanah,36,True,True,False,0.0,False
86016ddbb11d,fd63759c7ea3,32386314.0,32386314.0,646.9866,645.73615,0.4909815192222595,3.4974029064178467,0.0,0.0,campuran,44,True,True,False,0.0,False
ba86d6e53662,3ce19ba7c760,113982390.0,113982390.0,220.47815,219.34108,0.9696986079216003,1.3520984649658203,0.0,0.0,airtanah,31,True,True,False,0.0,False
2e2900286886,414da0775070,44355956.0,104311590.0,17.180517,16.375572,0.9988278150558472,2.9065074920654297,0.0,0.0,airtanah,26,True,True,False,0.0,False
b4c90f2a713e,4a6673f945cf,111765450.0,111765450.0,19.268993,21.569267,0.9557722806930542,1.1108120679855347,0.0,0.0,airtanah,78,True,True,False,0.0,False
9746a6875596,7b0284b8d37e,67474690.0,3235080000.0,150.55136,148.41847,0.0,2.417919158935547,0.0,0.0,campuran,25,True,True,False,0.0,False
2878d1367dd1,161002f6cd9b,99068780.0,99068780.0,22.159775,22.526146,0.8117367029190063,1.3832184076309204,0.0,0.0,airtanah,19,True,True,False,0.0,False
c4b0bdab20d2,OUTLET,28153772.0,28153772.0,60.23187,53.229607,0.0962538793683052,6.796243667602539,0.0,0.0,kilat,87,True,True,False,0.0,False
3c38f8e61702,3bfdae661479,101871660.0,351525760.0,1427.5156,1360.7523,0.9037313461303711,2.345221996307373,0.0009366393787786365,0.7868191003799438,airtanah,5,True,True,False,0.0003526637374307029,False
bee5066723f7,a81dd850e44f,76643590.0,76643590.0,13.875139,13.431036,0.6852941513061523,2.4038162231445312,0.0,0.0,airtanah,19,True,True,False,0.0,False
fcf1a0e89937,04adbbe97ca1,51175132.0,1354143000.0,52.52964,56.765404,0.9525339603424072,2.0159313678741455,0.0,0.0,airtanah,25,True,True,False,0.0,False
ca8a76b3650f,124c34844cce,164292620.0,7129000400.0,1463.5013,1932.1343,0.39834171533584595,2.065129041671753,0.00031630584271624684,1.0,campuran,1,True,True,False,0.0,False
a25c419b8d28,bf2f04893a03,125058380.0,1717132400.0,1214.0522,1008.0982,0.9871881604194641,2.2160844802856445,0.00045220693573355675,1.0,airtanah,14,True,True,False,0.0,False
3cf67b39a2e7,8630181bd794,97782024.0,97782024.0,122.19046,131.16252,0.10274513810873032,5.569501876831055,0.0,0.0,kilat,37,True,True,False,0.0,False
bef9df05d15f,d30b8f2435d3,143940030.0,143940030.0,4117.177,4209.2783,0.28769156336784363,2.4947237968444824,0.0007369444356299937,0.0,campuran,39,True,True,False,0.0008605003968114033,False
6b5f210097c7,aab6754263b4,39258850.0,39258850.0,6091.553,5102.171,0.81714928150177,1.660456657409668,0.04880383983254433,0.0,airtanah,13,True,True,False,0.036123364232480526,False
01ee87f495cd,26ca6699511d,45946510.0,45946510.0,160.2379,134.6643,0.9973618984222412,1.5174280405044556,0.1633131504058838,1.0,airtanah,45,True,True,False,0.0,False
f5c6770fb363,ea4ded239e39,69410370.0,69410370.0,445.53082,421.21573,0.5907424688339233,2.736449718475342,0.0,0.0,campuran,31,True,True,False,0.0,False
a79b74f31217,e02385a857c0,86999440.0,3474047700.0,77.116615,81.411354,0.1067192479968071,3.1450133323669434,0.0,0.0,campuran,37,True,True,False,0.0,False
35dff8240d3f,167b883db53e,107560380.0,107560380.0,1326.1653,1304.2212,0.22905609011650085,2.0441040992736816,0.0,0.0,campuran,39,True,True,False,0.0,False
fb697bf55df6,b51648b33c45,76371150.0,355238850.0,13.279879,11.749598,0.9183040261268616,0.8280062079429626,0.006267441436648369,1.0,airtanah,29,True,True,False,0.0,False
fdf4b182acba,b0ef87043e87,112957736.0,722228600.0,840.3652,788.7271,0.9711877107620239,0.9700518846511841,0.0,0.0,airtanah,12,True,True,False,0.0,False
766e160f0965,3d931cb77b6c,57804444.0,57804444.0,57.90139,49.586025,0.966188907623291,1.1719683408737183,0.19712680578231812,1.0,airtanah,45,True,True,False,0.0,False
b8eeff387d85,cfed0eb6f37d,103287430.0,103287430.0,4179.3096,4332.2046,0.8586686849594116,2.413680076599121,1.3726985454559326,0.9565867185592651,airtanah,22,True,True,False,0.31823286414146423,True
fe808059ede7,072114d5bebd,88436720.0,88436720.0,114.007164,,0.9263463020324707,2.1967954635620117,0.0,0.0,airtanah,36,True,True,False,0.0,False
bfc6ff499b90,40e45749d6e6,29492908.0,29492908.0,603.23047,535.0604,0.23395255208015442,3.3883743286132812,0.0,0.0,campuran,7,True,True,False,0.0,False
ecfad4dfd6cb,bf77646a1848,113690150.0,169533490.0,96.31839,103.194336,0.8982539772987366,1.5974823236465454,4.07366943359375,1.0,irigasi,2,True,True,False,0.0,False
03ece15c001d,eb86a06b57de,37977184.0,37977184.0,84.32304,89.42034,0.04572537541389465,4.888659477233887,2.2033300399780273,0.9999625086784363,irigasi,2,True,True,False,0.004603234585374594,False
2f40d8f8f0d9,9e5ff334bd5f,49405104.0,49405104.0,18002.377,16175.403,0.8256857991218567,1.8733354806900024,0.0873488187789917,0.0,airtanah,14,True,True,False,0.15065664052963257,False
006f015ac6d7,e21ff29211bc,116562776.0,116562776.0,15.85901,12.903394,0.4574885368347168,2.4792320728302,0.0,0.0,campuran,23,True,True,False,0.0,False
2d886d7b99a1,7103acdd64c8,128929624.0,128929624.0,748.0271,663.4544,0.6001982092857361,5.114670753479004,0.0,0.0,kilat,22,True,True,False,0.0,False
bd881caa9052,2a281f04acc9,118505030.0,4975221000.0,142.07579,138.49698,0.7102436423301697,2.0925512313842773,0.0,0.0,airtanah,24,True,True,False,0.0,False
65ca75976482,f15bb00bd1bb,38542148.0,1805887000.0,1411.934,1626.141,0.598098635673523,1.58888578414917,6.774836219847202e-05,0.0,airtanah,39,True,True,False,6.319491876638494e-05,False
f46dbcd0ffcf,b64ab4030af9,107417290.0,5330684400.0,505.64203,545.3503,0.4860042929649353,1.9750094413757324,0.0,0.0,campuran,1,True,True,False,0.0,False
64f77de19803,82f074604f65,32853966.0,32853966.0,48.290142,41.817814,0.3492414653301239,2.583794593811035,0.0,0.0,campuran,17,True,True,False,0.0,False
2ce0c651a4d2,2a281f04acc9,93448936.0,93448936.0,111.58512,104.7692,0.7807487845420837,1.9313387870788574,0.12942370772361755,0.9946137070655823,airtanah,24,True,True,False,0.0012636996689252555,False
daf5cb091740,611b6c09c105,42110570.0,42110570.0,546.706,475.56897,0.8612445592880249,2.898094415664673,0.0,0.0,airtanah,14,True,True,False,0.0,False
a81dd850e44f,OUTLET,560019300.0,20536506000.0,104.07752,102.92292,0.6814662218093872,1.330324411392212,0.0,0.0,airtanah,19,True,True,False,0.0,False
856dfc5dfa17,103f43fa31bf,83979120.0,83979120.0,0.0,973.60974,0.18397332727909088,6.673950672149658,0.0,0.0,kilat,18,True,True,False,0.0,False
0c1821c4d2d5,ad3ff5ae79b5,50471336.0,50471336.0,113.85073,132.08536,0.6599608063697815,3.651088237762451,0.04330406337976456,0.9870908856391907,campuran,41,True,True,False,0.028964826371520758,False
435414ea3828,5aae9a31657e,111153560.0,568722100.0,1096.6346,916.5942,0.7183157205581665,1.5804388523101807,0.0079538244754076,0.0,airtanah,30,True,True,False,0.0,False
fd1b5ef1e7b2,a81dd850e44f,47982104.0,47982104.0,9.1070795,8.77943,0.9619811177253723,2.2221312522888184,0.0,0.0,airtanah,19,True,True,False,0.0,False
17b379381726,eeedfa0409be,77942536.0,77942536.0,575.11743,613.1948,0.23549030721187592,3.997844934463501,0.0,0.0,kilat,48,True,True,False,0.0,False
fa8feba36383,aafdad8b3dd1,106155450.0,106155450.0,726.23865,758.8937,0.6415588855743408,2.2088937759399414,0.0,0.0,airtanah,17,True,True,False,0.0,False
8c16fda9d121,7272873c3ee7,115218856.0,115218856.0,15543.819,12870.521,0.5261515974998474,2.6158318519592285,0.06451410055160522,0.0,campuran,44,True,True,False,0.028669824823737144,False
a1f8836034b5,bb8e9eb5d959,85099030.0,251220270.0,97.285904,101.742935,0.2458568811416626,3.956266164779663,0.0,0.0,kilat,37,True,True,False,0.0,False
e71c3f706456,94211c5d4592,149152800.0,212579840.0,36.4496,34.98823,0.9300463795661926,1.1340278387069702,0.0,0.0,airtanah,60,True,True,False,0.0,False
2a396e91f6db,ddcb4272bcd1,52246630.0,5840174000.0,173.58401,162.25829,0.6020970344543457,3.073026180267334,0.002814324339851737,1.0,campuran,28,True,True,False,0.0,False
77d400c182c9,17ea8292bcdf,67234140.0,499085300.0,392.2934,428.36237,0.6002014875411987,3.2869338989257812,0.010469726286828518,1.0,campuran,31,True,True,False,0.0,False
6b83f7a2854a,5800572225cd,65892120.0,,17.221426,16.20748,0.9227557182312012,3.507079839706421,0.0,0.0,airtanah,26,True,True,False,0.0,False
e9ba0a5a1c1f,3e500ca98561,93103704.0,546498800.0,1796.1876,1678.8807,0.28857067227363586,3.088984966278076,0.0,0.0,campuran,48,True,True,False,0.0,False
39471a05315b,c882fec38ef6,128319170.0,636184960.0,70.38176,73.65335,0.9133637547492981,2.127601385116577,0.0,0.0,airtanah,38,True,True,False,0.0,False
af4ede101ec6,86dfdc132504,100457070.0,100457070.0,4026.7222,3197.793,0.3788281977176666,5.061064720153809,0.0,0.0,kilat,49,True,True,False,0.0,False
5a3c5081f5ef,b36c08026112,114221150.0,338679360.0,87503.22,84808.266,0.6863452196121216,2.016387939453125,0.009442418813705444,0.15226566791534424,airtanah,20,True,True,False,0.013703283853828907,False
324b2ef944d2,fd6eaa2e9b5d,39328970.0,39328970.0,3338.8389,3050.9307,0.4269711375236511,1.4873828887939453,0.0,0.0,campuran,39,True,True,False,0.0,False
aa8a977d73d8,666942d07d36,94097160.0,534052700.0,4603.4077,3880.6497,0.6345109343528748,5.295794486999512,0.03186212480068207,0.0,kilat,47,True,True,False,0.4646048923023045,True
a611dcb3b7ea,09bdb5b9150f,152638880.0,152638880.0,163.84181,103.39957,0.972413182258606,1.7812941074371338,0.0,0.0,airtanah,15,True,True,False,0.0,False
f7d4a599e9b7,8146f9d22270,100691384.0,100691384.0,138.60625,146.00964,0.20211458206176758,3.1731717586517334,0.0,0.0,campuran,51,True,True,False,0.0,False
20f93bafeeb7,0f314273cb60,95010630.0,3249039400.0,308.86005,281.46844,0.1932084858417511,1.9316787719726562,0.21407517790794373,1.0,campuran,2,True,True,False,0.007726417388767004,False
c2f33a549498,1cebb11ca830,129313064.0,234539220.0,474.95673,593.4943,0.9662211537361145,2.528897285461426,0.0,0.0,airtanah,3,True,True,False,0.0,False
021913e1b3fd,cfad2dcb3d0f,104496420.0,199191840.0,500.49777,482.45258,0.5436702966690063,2.8025360107421875,0.19711710512638092,1.0,campuran,28,True,True,False,0.0,False
638545d1f826,3ca2de4ec568,41004504.0,88521150.0,15.710957,17.052572,0.9967989325523376,2.6126506328582764,0.0,0.0,airtanah,26,True,True,False,0.0,False
a437b8ec4df5,713d02838f00,66248656.0,1160827600.0,869.9762,952.0105,0.41119885444641113,3.074861526489258,0.021107137203216553,1.0,campuran,28,True,True,False,0.0,False
4452c98922cd,29e20a4ffe30,74057070.0,4322967600.0,130.84494,118.69465,0.0774298757314682,1.1470115184783936,0.0,0.0,campuran,12,True,True,False,0.0,False
6f355dcabc29,430f60a62100,20096878.0,20096878.0,8.220234,7.252636,0.999589204788208,2.7602431774139404,0.0,0.0,airtanah,26,True,True,False,0.0,False
2d485d6d36d9,54ae08aa59fc,143155800.0,2081198500.0,2567.4734,2377.644,0.3953149914741516,2.9095826148986816,1.6331978258676827e-05,0.0002900750550907105,campuran,44,True,True,False,9.893036121866317e-06,False
19aacb911fc6,676c958f9b01,32658610.0,32658610.0,4.5120087,5.743876,0.0065498799085617065,7.0,0.0,0.0,kilat,23,True,True,False,0.0,False
d86ea47c6f6c,ab00e6cd8adf,110275176.0,4976455700.0,317.21793,400.94073,0.45394736528396606,1.9329676628112793,0.00023775090812705457,0.0,campuran,1,True,True,False,0.00010548202772042714,False
d30b8f2435d3,df824e68f5fe,93584670.0,9438776000.0,5127.004,5186.2,0.32715994119644165,1.932202696800232,4.811587859876454e-05,0.007280089892446995,campuran,39,True,True,False,5.8480703955865465e-05,False
0f41809925d7,a37394d0aa79,40144450.0,10979018000.0,11.345945,9.509651,0.03712087869644165,1.253083348274231,0.0,0.0,campuran,33,True,True,False,0.0,False
12fe7073b1b1,1a47d7ffe23b,80370240.0,162987580.0,70.94809,75.664825,0.5465272665023804,2.4058523178100586,0.0,0.0,campuran,25,True,True,False,0.0,False
b0d445c55387,3b824cb61ca4,115026936.0,115026936.0,1110.3256,895.4361,0.7578140497207642,2.526273250579834,0.12260108441114426,1.0,airtanah,14,True,True,False,0.029837840236723423,False
f2b24b931086,1de9cf2ead94,66474024.0,66474024.0,16.341297,12.230287,0.9911648035049438,0.8082823753356934,0.0,0.0,airtanah,23,True,True,False,0.0,False
9e44bb90b586,97a0ca20f570,92805384.0,1552841700.0,17.063433,16.203995,0.8392927050590515,0.8294210433959961,0.0,0.0,airtanah,19,True,True,False,0.0,False
1c1a7561daf2,e97ef5a14892,174388200.0,174388200.0,180.18816,175.9306,0.9606161117553711,2.2773447036743164,0.12347748875617981,0.0,airtanah,24,True,True,False,0.09464022517204285,False
7a5f13bcf731,c4d53adbfe17,113948776.0,309837820.0,2600.255,2746.9746,0.9354217052459717,0.6234696507453918,0.2787923216819763,0.0,airtanah,31,True,True,False,0.49347183108329773,True
b40daa2822d2,56dbf676ec73,43208144.0,366274980.0,12.36304,12.33496,0.8657064437866211,1.1932246685028076,0.0,0.0,airtanah,60,True,True,False,0.0,False
4f20bd3e14b9,d3424dd3e778,,2326071300.0,31.811485,30.709404,0.9929689764976501,2.6468772888183594,0.0,0.0,airtanah,26,True,True,False,0.0,False
60567fa30810,34d33f2d1416,83108910.0,2068470000.0,500.82544,499.135,0.38643941283226013,2.4445581436157227,0.0,0.0,campuran,34,True,True,False,0.0,False
8f69b5154a1b,9746a6875596,46063600.0,,111.32729,116.101585,0.0,0.0,0.0,0.0,campuran,25,True,True,False,0.0,False
1016f1e3608a,f15bb00bd1bb,105149624.0,152491520.0,26770.645,23879.885,0.5754119753837585,1.1865670680999756,0.1385796070098877,0.0,airtanah,39,True,True,False,0.18470192328095436,False
336c78444d02,c226ed8fe985,77830640.0,77830640.0,1442.341,1701.3408,0.20129245519638062,3.256685972213745,0.0001739902945701033,0.0,campuran,6,True,True,False,8.653946861159056e-05,False
ddcb4272bcd1,b71d0477f847,68726620.0,6266526000.0,209.06396,212.87743,0.6907156705856323,3.086073637008667,0.002796138869598508,1.0,airtanah,28,True,True,False,0.0,False
5dcb7e79f11c,f0d742215a9c,97104850.0,97104850.0,25.111156,14.208022,0.5437470078468323,1.9320650100708008,0.0,0.0,campuran,15,True,True,False,0.0,False
bd493611cc72,f7b51ed4e592,128771704.0,247939220.0,85.07664,109.17134,0.9522330164909363,2.4018585681915283,0.0,0.0,airtanah,38,True,True,False,0.0,False
522016d3c6af,ea4300f0560e,166769550.0,531171650.0,272.98224,252.78406,0.2831375300884247,2.855823516845703,0.10230425000190735,0.8803915977478027,campuran,24,True,True,False,0.03365002013742924,False
fbcc006795a6,e1800d5fedf5,51191250.0,220581620.0,135.24783,150.7783,0.7347325682640076,1.5293878316879272,0.0,0.0,airtanah,1,True,True,False,0.0,False
819874816a32,f7e8e4255c55,129299630.0,2028537200.0,37108.164,39481.926,0.2645471692085266,3.115344285964966,0.005652222316712141,0.0,campuran,49,True,True,False,0.002302439999766648,False
0348f52a12b0,f8e0ce2326cd,52448480.0,562166660.0,265.3981,270.16638,0.23579314351081848,2.9088563919067383,0.0030052356887608767,0.8540611267089844,campuran,31,True,True,False,0.0008716256124898791,False
be0584ae5b01,c112d83368f5,115526990.0,115526990.0,82987.61,86490.84,0.9513874053955078,2.472907543182373,0.18667981028556824,0.020049214363098145,airtanah,14,True,True,False,0.19420626014471054,False
dca4b40825e6,b215f324fe01,92644830.0,574661760.0,31.598387,27.380775,0.7256373763084412,3.282001256942749,0.0,0.0,airtanah,42,True,True,False,0.0,False
329376cf39c5,1b18c71e6916,167475760.0,265899000.0,1223.4546,1204.5424,0.784855306148529,1.3064721822738647,0.000856349419336766,0.0,airtanah,84,True,True,False,0.0006018587446305901,False
650a6d937063,573331ec7b92,132174220.0,567300200.0,11395.81,11220.368,0.42761433124542236,1.9034405946731567,0.002859043888747692,0.0,campuran,39,True,True,False,0.00230197049677372,False
ba9d4b3eaeb0,01515e254d1a,80582460.0,226389400.0,71.17422,78.85908,0.19578906893730164,4.46826171875,2.8132894039154053,1.0,irigasi,2,True,True,False,0.0,False
1f1507ceca96,75b994797a8f,177743710.0,449320320.0,1615.4908,1378.4855,0.5592989325523376,2.9104855060577393,0.0,0.0,campuran,34,True,True,False,0.0,False
ef03c4511231,86bb156b517c,137068220.0,137068220.0,54.56077,56.384483,0.8189049959182739,0.8048762083053589,0.0,0.0,airtanah,8,True,True,False,0.0,False
9241c5ecdb10,f814f5cdd757,90441660.0,744790900.0,22.296661,21.943798,0.9911230802536011,0.9371198415756226,0.0,0.0,airtanah,8,True,True,False,0.0,False
439453c9fd13,c6866a9b1599,158573550.0,1149100800.0,233.69597,340.01126,0.7079839706420898,1.9157922267913818,0.0,0.0,airtanah,1,True,True,False,0.0,False
78d6d6ab9d46,97c4fd1b18c7,92878856.0,247932500.0,17.24213,14.839075,0.9951171875,1.3761675357818604,0.0,0.0,airtanah,29,True,True,False,0.0,False
c22334573dd3,82904949906f,113162010.0,113162010.0,645.0202,499.82086,0.9571524858474731,2.489330530166626,0.824076771736145,1.0,airtanah,14,True,True,False,0.22472639381885529,False
f8ba90698d6a,c6866a9b1599,94356160.0,308102340.0,197.19841,225.54636,0.6640149354934692,2.213192939758301,0.0,0.0,airtanah,1,True,True,False,0.0,False
34d33f2d1416,8c241967faa8,55397730.0,2245617400.0,706.7569,729.11676,0.6504582762718201,2.387392997741699,8.395361510338262e-05,0.0,airtanah,34,True,True,False,9.507570212008432e-05,False
7f244da35966,141b09453a01,107077640.0,107077640.0,,939.4676,0.9490563869476318,2.5139734745025635,0.0002652145631145686,1.0,airtanah,14,True,True,False,0.0,False
add1a59f6828,da93d0f5cd31,35116150.0,35116150.0,45.12014,45.244488,0.7523483633995056,2.9865212440490723,0.0,0.0,airtanah,51,True,True,False,0.0,False
28187e864d2e,896292a6f6a9,91276390.0,91276390.0,14.538468,13.910407,0.9301900863647461,4.7219109535217285,0.0,0.0,airtanah,29,True,True,False,0.0,False
c427b95c8a0b,33878f323cdf,134056610.0,558105200.0,,111.36885,0.4900922179222107,4.1999077796936035,0.0,0.0,kilat,37,True,True,False,0.0,False
e7052c3c6762,4f20bd3e14b9,76957980.0,153184220.0,29.07369,28.755558,0.9988736510276794,2.6469101905822754,0.0,0.0,airtanah,26,True,True,False,0.0,False
13a7269c64f8,de5648e1869e,41047570.0,41047570.0,11.946032,12.514294,0.10063707828521729,3.7459537982940674,0.0,0.0,kilat,33,True,True,False,0.0,False
c024f50c2772,936bc15ce445,96436000.0,96436000.0,582.28033,683.0985,0.6503578424453735,3.503185749053955,0.0,0.0,campuran,30,True,True,False,0.0,False
71de65db274f,7de8f3ecf07f,84561260.0,84561260.0,64.16389,68.92441,0.9154122471809387,2.1028757095336914,0.0,0.0,airtanah,37,True,True,False,0.0,False
31f4b7b45397,41d3216522af,158144860.0,3660310300.0,750.0726,780.4491,0.6341595649719238,2.6175122261047363,0.000606387504376471,0.6630994081497192,campuran,5,True,True,False,0.00026277557844878174,False
8c218a01f43c,d7cbf2d40cd1,79256360.0,79256360.0,46437.14,46424.652,0.727200448513031,1.71433687210083,0.3459603488445282,0.0,airtanah,15,True,True,False,0.6432908773422241,True
f3206f57f138,20b5d86f7693,99574376.0,99574376.0,105.95448,71.88453,0.946568489074707,1.552368402481079,0.0,0.0,airtanah,15,True,True,False,0.0,False
491fca56ca34,d2dcc88db600,53517244.0,53517244.0,75.31174,70.2167,0.985085666179657,2.2173728942871094,0.0,0.0,airtanah,12,True,True,False,0.0,False
53b80685aec0,OUTLET,103780456.0,407979420.0,1.3472883,3.8351407,0.3415663242340088,2.8902502059936523,0.0,0.0,campuran,56,True,True,False,0.0,False
a0453c1c11cd,04adbbe97ca1,67745950.0,303109400.0,60.316082,54.673893,0.28533297777175903,2.0602357387542725,0.0,0.0,campuran,25,True,True,False,0.0,False
695cbc71ee7f,3df2f035f8ae,46586068.0,302323140.0,56.452526,61.6803,0.9548681974411011,0.9609448313713074,0.0,0.0,airtanah,36,True,True,False,0.0,False
161002f6cd9b,204e1b70f31d,106891976.0,206674770.0,22.895947,18.771301,0.848017692565918,1.0949759483337402,0.0,0.0,airtanah,19,True,True,False,0.0,False
5e579f58d812,94211c5d4592,48660930.0,48660930.0,14.519251,,0.961576521396637,0.8953038454055786,0.0,0.0,airtanah,60,True,True,False,0.0,False
a0ed6dc07c7a,dc920ce8b731,95069760.0,95069760.0,92.215385,109.031044,0.5598863363265991,1.875927209854126,5.973974227905273,1.0,irigasi,40,True,True,False,20.409278869628906,True
e2270725f65f,b2d7f675aafd,109734320.0,281365060.0,2447.0493,2217.8435,0.7828723192214966,3.420531988143921,0.0018905865726992488,0.5996557474136353,airtanah,44,True,True,False,0.00051412612083368,False
fc95b9e12650,4c7e7fda9337,71978270.0,71978270.0,25979.283,25982.307,0.5847801566123962,1.9177238941192627,0.05420839414000511,0.0,airtanah,35,True,True,False,0.048757683485746384,False
0ffe953df282,b02e5ababac1,98129620.0,98129620.0,71.70458,90.710945,0.9868595600128174,1.4493107795715332,0.0,0.0,airtanah,41,True,True,False,0.0,False
6abebcaa27f5,c4d53adbfe17,80186900.0,80186900.0,316.48584,344.51938,0.10738563537597656,3.811847448348999,0.0,0.0,kilat,31,True,True,False,0.0,False
5767e73565ea,9b2b49599383,125610010.0,125610010.0,38.778713,40.45369,0.958054780960083,1.2676301002502441,0.0,0.0,airtanah,60,True,True,False,0.0,False
671648b4fca1,6d953f3075a5,48067292.0,6683768300.0,56.453594,62.52578,0.3115561008453369,2.258408546447754,0.0,0.0,campuran,24,True,True,False,0.0,False
6d49d82b97ce,7e1f95ee3c1e,79807176.0,79807176.0,995.61316,984.1738,0.33207955956459045,3.0255227088928223,2.8747943360940553e-05,0.0,campuran,6,True,True,False,1.7185024262289517e-05,False
11a71d343db3,0dbebba47764,158715020.0,5384978400.0,7658.274,8514.022,0.75495445728302,2.026243209838867,0.00015514931874349713,0.00023744777718093246,airtanah,14,True,True,False,0.00016068778495537117,False
3b5142729b38,3b0a74d34b96,90329080.0,209321860.0,75.29712,87.943596,0.9953837394714355,1.2448198795318604,0.0,0.0,airtanah,53,True,True,False,0.0,False
ae827896907f,078fa9d45786,92324910.0,182838700.0,92.08454,89.78505,0.04086200147867203,4.947654724121094,1.956773042678833,1.0,irigasi,2,True,True,False,0.0,False
d5cb9a3a871c,671648b4fca1,69985910.0,6087914500.0,75.46552,83.65485,0.6234398484230042,2.3545119762420654,0.0,0.0,airtanah,24,True,True,False,0.0,False
ac0addd95013,f46dbcd0ffcf,108275144.0,193740530.0,267.29767,386.0061,0.753869354724884,1.8936957120895386,0.0,0.0,airtanah,1,True,True,False,0.0,False
25c797481450,158b9b99a4a2,85960460.0,85960460.0,145702.27,159703.08,0.03507180139422417,2.609614849090576,0.05579644814133644,0.0,campuran,20,True,True,False,0.09951604157686234,False
fff1de5ff0c2,86dfdc132504,129744184.0,129744184.0,3093.7732,3202.9954,0.27091124653816223,4.466568946838379,0.0,0.0,kilat,49,True,True,False,0.0,False
8fe33df9cca0,73a4ba759721,122747680.0,7904158700.0,207.61526,217.47957,0.6852656602859497,3.151437282562256,0.0007160561508499086,1.0,airtanah,28,True,True,False,0.00010344777501813951,False
a902d3c526b5,173842a0142c,44174508.0,44174508.0,57173.926,53305.34,0.024192869663238525,4.509097099304199,0.39803212881088257,0.0,kilat,14,True,True,False,2.274892807006836,True
e76ddb5f042f,b02e5ababac1,88172700.0,88172700.0,68.557365,86.7175,0.8503652811050415,1.7080903053283691,0.0,0.0,airtanah,41,True,True,False,0.0,False
9ab249a52f13,7f374aaaa612,43222530.0,43222530.0,907.9349,854.0728,0.9819982051849365,2.213235855102539,0.0674002468585968,1.0,airtanah,31,True,True,False,0.0,False
814dc2e9e4af,26360d447134,98342520.0,98342520.0,8891.808,9033.286,0.43044596910476685,5.526988983154297,3.3721046447753906,0.3473946154117584,irigasi,25,True,True,False,57.40962028503418,True
cdb2e846674a,3fd857f444ba,112584504.0,112584504.0,900.0802,904.98517,0.9642158150672913,2.329942226409912,0.0,0.0,airtanah,14,True,True,False,0.0,False
45085497febb,58375db64a6b,46880652.0,46880652.0,66.910446,84.44863,0.005805470980703831,5.483675003051758,0.0,0.0,kilat,16,True,True,False,0.0,False
de2b58caae0b,ce707349dc72,83135160.0,588209000.0,188.57527,170.73973,0.7840037941932678,2.027130126953125,0.0058635142631828785,1.0,airtanah,41,True,True,False,0.0,False
98b145d63b7a,46439d40b92d,108856690.0,213199400.0,901.0208,965.777,0.14486676454544067,2.533541202545166,0.00062067765975371,0.0,campuran,6,True,True,False,0.0004651706403819844,False
e0983523cd1d,83a32ce8bf64,6657999000.0,207061310.0,105.56224,94.92201,0.7539648413658142,2.342031478881836,0.031584784388542175,0.0,airtanah,37,True,True,False,0.041322797536849976,False
1249f4dabc9d,d0df58dfc0d9,56676052.0,88553280.0,390.887,,0.2657066285610199,2.025068759918213,0.0,0.0,campuran,7,True,True,False,0.0,False
dd80fe4d3e57,OUTLET,203803950.0,865443400.0,88.580154,,0.9137465953826904,1.2769957780838013,0.0,0.0,airtanah,10,True,True,False,0.0,False
4cbe914f7b6f,1e19a3a24449,78622810.0,2038520300.0,524.8773,448.20056,0.6952019333839417,1.8733618259429932,0.00043612392619252205,0.0,airtanah,17,True,True,False,0.00023708166554570198,False
f8234f25b52c,9a5ce25f4e25,61032588.0,786128000.0,19.0493,17.304811,0.8012669682502747,1.4525749683380127,0.0,0.0,airtanah,60,True,True,False,0.0,False
05d1dc74b9c0,442a8bd10d17,46026850.0,46026850.0,813.264,837.13055,0.19402210414409637,2.4103081226348877,0.002685291226953268,0.11854507029056549,campuran,7,True,True,False,0.0020634604152292013,False
b8b489a661ad,60fbb7dbf816,144390660.0,144390660.0,328.9151,323.10123,0.5331243276596069,2.104037284851074,0.017142582684755325,0.0,campuran,12,True,True,False,0.028570707887411118,False
4e5f94d64b05,29c20e6a6ae0,89722080.0,89722080.0,18.651648,16.394402,0.3997955322265625,3.3352129459381104,0.0,0.0,campuran,55,True,True,False,0.0,False
c49fa52fde14,a81dd850e44f,64060492.0,64060492.0,10.713847,10.898425,0.6162815093994141,2.1178414821624756,0.0,0.0,airtanah,19,True,True,False,0.0,False
3055a536e932,0b5f3db8fca6,125106824.0,125106824.0,16.872637,9.300397,0.48641237616539,2.165438175201416,0.0,0.0,campuran,23,True,True,False,0.0,False
f2b09109338c,c9881ae46aae,52911230.0,8051384000.0,1295.9928,1256.6848,0.8296569585800171,1.987181544303894,0.029088707640767097,0.9746828079223633,airtanah,41,True,True,False,0.002701252291444689,False
430f60a62100,414da0775070,34564810.0,91669944.0,15.896769,15.303296,0.9543964862823486,2.985168695449829,0.0,0.0,airtanah,26,True,True,False,0.0,False
23431f777a6d,cad20374259e,44132396.0,10634734000.0,16.251995,18.057787,0.007954683154821396,1.312729835510254,0.0,0.0,campuran,33,True,True,False,0.0,False
6c77d9c1fbd2,a81dd850e44f,84182536.0,84182536.0,15.872821,16.514711,0.9864116907119751,1.4413726329803467,0.0,0.0,airtanah,19,True,True,False,0.0,False
c9881ae46aae,d02927eb6778,109715980.0,7737529300.0,3549.8271,3324.3733,0.8623717427253723,1.851764440536499,0.05847160890698433,0.8546366691589355,airtanah,41,True,True,False,0.01299190055578947,False
937274728aa6,76466de13247,68341630.0,68341630.0,1739.5007,1817.4404,0.08053194731473923,4.318680763244629,0.00029264576733112335,0.0,kilat,7,True,True,False,0.00018557858129497617,False
cab178fa1630,8a6ea5acd772,175531490.0,175531490.0,2671.1987,2776.8584,0.7768533825874329,3.7702105045318604,0.10595289617776871,0.9724055528640747,airtanah,66,True,True,False,0.23999938368797302,False
53dd0bb46dd8,a7e696a0be6f,,305837800.0,4666.2637,5150.5586,0.27076539397239685,3.7332208156585693,0.009452514350414276,0.0,kilat,49,True,True,False,0.0038486896082758904,False
7283402f8dcc,888c59e3b180,59944670.0,59944670.0,161.76018,156.02002,0.9585816264152527,3.6467702388763428,0.0,0.0,airtanah,25,True,True,False,0.0,False
e2b75285790d,07a19ab692eb,84055860.0,84055860.0,23.308727,25.804676,0.9324986338615417,0.7952004075050354,4.962676048278809,1.0,irigasi,40,True,True,False,32.28382110595703,True
287d95883dcf,1a187dd6c19b,120470460.0,120470460.0,18.900757,20.36448,0.7960118651390076,1.8585638999938965,0.0,0.0,airtanah,19,True,True,False,0.0,False
6883d4813f73,3b5142729b38,81460776.0,81460776.0,53.85913,56.819496,0.9889363646507263,1.6459884643554688,0.0,0.0,airtanah,53,True,True,False,0.0,False
8ee618134a7d,16e31b303962,119950600.0,1672717800.0,1537.7539,1584.1509,0.6550294756889343,3.0893566608428955,0.0097854258492589,1.0,campuran,5,True,True,False,4.657395038520917e-06,False
8fe3b7a6705a,f561e9b9a363,109503660.0,494069200000.0,113.95091,113.05229,0.19391442835330963,1.922961950302124,1.221081674884772e-05,1.0,campuran,23,True,True,False,1.0944659152301028e-05,False
b7501c14567b,75a2224e0ba5,100002600.0,100002600.0,18.32585,17.477108,0.969130277633667,0.4082978069782257,0.0,0.0,airtanah,19,True,True,False,0.0,False
41473d2a258c,66abf80a8d6e,95411280.0,95411280.0,791.188,815.1533,0.10647516697645187,3.9502530097961426,0.0,0.0,kilat,44,True,True,False,0.0,False
e54072a7669d,998d522f0315,91770460.0,299122200.0,72.15737,79.87296,0.12271255254745483,3.8350653648376465,0.0,0.0,kilat,51,True,True,False,0.0,False
888c59e3b180,04adbbe97ca1,126105250.0,1622754400.0,299.12262,306.9997,0.9630094170570374,1.2028319835662842,0.0,0.0,airtanah,25,True,True,False,0.0,False
045bacdf67fb,2e3112806c0e,99626424.0,99626424.0,1316.3495,1055.7266,0.2525700628757477,4.607147216796875,0.011118767783045769,0.0,kilat,18,True,True,False,0.020366459852084517,False
be66e0e12987,097aebfca6eb,107386180.0,197630340.0,158540.75,146597.61,0.2668115198612213,1.873823881149292,0.1695096343755722,0.0,campuran,35,True,True,False,0.21779119968414307,False
faac370e6662,3c09d92fc00a,46496710.0,46496710.0,9.068114,8.2331,0.9817996025085449,0.38526037335395813,0.0,0.0,airtanah,19,True,True,False,0.0,False
eff4b8b90ab0,f19100af37ba,88058936.0,88058936.0,1061.3058,1012.85754,0.480177640914917,2.1508283615112305,0.0,0.0,campuran,6,True,True,False,0.0,False
ed06a4b739a9,3674ccc0a1b8,65382970.0,65382970.0,,2175.6128,0.42883428931236267,2.0860540866851807,0.020381078124046326,1.0,campuran,13,True,True,False,0.0,False
9e4df50bd0e8,a1f8836034b5,70543580.0,175349740.0,112.920906,110.076294,0.2011861503124237,3.8464698791503906,0.20720970630645752,0.2061861753463745,kilat,37,True,True,False,1.1182194948196411,True
0734e24741a3,228c2fd3ed91,102304700.0,102304700.0,26.926037,24.851423,0.990454912185669,1.246023178100586,0.0,0.0,airtanah,8,True,True,False,0.0,False
21004d87be6b,ed330e78cee3,96183920.0,39223530000.0,100.5009,89.91567,0.1327778697013855,3.047860622406006,0.0,0.0,campuran,51,True,True,False,0.0,False
b192188a2043,2483076886b8,145306980.0,145306980.0,41453.258,40402.875,0.8731067180633545,1.7518144845962524,0.0697408989071846,0.0,airtanah,14,True,True,False,0.0,False
5eed67bcc646,fdf4b182acba,152687330.0,152687330.0,1746.5145,1629.0814,0.982083261013031,1.0903880596160889,0.13795532286167145,0.0,airtanah,12,True,True,False,0.13323304057121277,False
809c4be82686,12dc8df8dc86,77701640.0,77701640.0,78.39326,84.43896,0.6050615906715393,1.6558034420013428,0.0,0.0,airtanah,16,True,True,False,0.0,False
1f07b955dd34,3d315360feec,163394290.0,163394290.0,538.98096,466.86975,0.6280200481414795,2.744741439819336,0.0,0.0,campuran,38,True,True,False,0.0,False
0b2eb3be4702,ec20a2b58da2,146794620.0,146794620.0,248.00415,196.72517,0.9776410460472107,2.5705313682556152,0.00957354623824358,1.0,airtanah,14,True,True,False,0.0003261102465330623,False
2fbe45454d27,20624fc98c44,48714804.0,48714804.0,8583.622,8564.892,0.694394588470459,2.2760443687438965,0.13161823153495789,0.0,airtanah,48,True,True,False,0.22909070178866386,False
1e19a3a24449,ede7a776f92f,67777560.0,2196441900.0,204.17741,216.89626,0.7146609425544739,1.9273942708969116,0.0,0.0,airtanah,17,True,True,False,0.0,False
c96d724ca743,570ecbd71f56,58283750.0,1689622500.0,221.09708,207.18538,0.9168585538864136,2.3518471717834473,0.0,0.0,airtanah,3,True,True,False,0.0,False
264e8dcf47bd,OUTLET,126423304.0,126423304.0,211.04895,227.51839,0.01809993013739586,5.26948881149292,0.0,0.0,kilat,88,True,True,False,0.0,False
f2847c36188e,271132b422b1,58340828.0,58340828.0,1128.793,1197.2765,0.8281652927398682,3.1040279865264893,0.0,0.0,airtanah,3,True,True,False,0.0,False
29d9420fb111,b7311bfe9589,38453610.0,38453610.0,834.9358,973.53674,0.17317552864551544,6.437407493591309,0.0,0.0,kilat,47,True,True,False,0.0,False
b2d7f675aafd,de615d3a80fb,97394660.0,2737449200.0,3887.075,3783.556,0.7607151865959167,2.8371195793151855,0.0008217341382987797,0.9897383451461792,airtanah,44,True,True,False,5.776073180641106e-06,False
fd35e9b883fd,f2847fc9a134,42044584.0,42044584.0,7.227515,7.1830482,0.3687688112258911,3.1719868183135986,0.0,0.0,campuran,55,True,True,False,0.0,False
d32795ff5ae8,2c1035c9ff98,84777624.0,582507140.0,4585.8276,4386.21,0.4194547235965729,2.1492698192596436,0.0034110257402062416,0.11353544890880585,campuran,6,True,True,False,0.0023522796691395342,False
6c6efd4290f2,f2b09109338c,59544816.0,7372436500.0,452.1318,449.10876,0.5497570633888245,2.0401740074157715,0.017982913181185722,0.9512935280799866,campuran,41,True,True,False,0.001911336206831038,False
1b18c71e6916,OUTLET,83935110.0,214114050.0,10.112648,12.4301195,0.0,1.549361228942871,0.0,0.0,campuran,84,True,True,False,0.0,False
3723ce24e4dc,07e5e673b67d,105801270.0,105801270.0,1190.3431,1281.6846,0.7104763984680176,1.6271226406097412,0.0,0.0,airtanah,3,True,True,False,0.0,False
31c0ab059763,4949aad3acfe,110128710.0,9134305000.0,1526.1746,1562.5881,0.7857351899147034,1.9270201921463013,4.215353328618221e-05,0.06708163768053055,airtanah,14,True,True,False,4.8453075578436255e-05,False
3866aafc2105,9bdae04fbcc4,66558364.0,66558364.0,2705.0803,2504.3508,0.4208613932132721,2.2616636753082275,0.0,0.0,campuran,39,True,True,False,0.0,False
652cfd04c257,fb909b9af975,39034364.0,39034364.0,50.24413,48.839108,0.21441935002803802,4.638218402862549,0.0,0.0,kilat,22,True,True,False,0.0,False
2ce5c6a51c37,6ae52cc1f54e,77842300.0,77842300.0,62.33147,54.005318,0.6832138299942017,1.4327290058135986,0.0,0.0,airtanah,16,True,True,False,0.0,False
099294ae6680,442a8bd10d17,82961520.0,135721310.0,809.7513,918.17834,0.19042429327964783,2.496588706970215,0.0004094222967978567,0.0,campuran,7,True,True,False,0.00040650952723808587,False
8990a93e775e,OUTLET,36246692.0,36246692.0,,1.4589385,0.0,0.0,0.0,0.0,campuran,89,True,True,False,0.0,False
9154e4f5ea7f,6f7362ba567b,45225652.0,161867020.0,950.4664,772.2729,0.7252967953681946,1.982428789138794,0.0,0.0,airtanah,14,True,True,False,0.0,False
ce0549cbdc9e,bd301ef522ed,160329390.0,2883077600.0,2482.653,2172.0684,0.15837812423706055,3.267573356628418,0.00016057107131928205,0.0,campuran,18,True,True,False,0.0002983211597893387,False
7cc365e2e4e9,995c02453f22,122149230.0,551539650.0,1883.777,1985.0406,0.43372249603271484,3.049297332763672,1.940020410984289e-05,0.0,campuran,1,True,True,False,1.1042496225854848e-05,False
c4b596e4ef61,2b5ba9e284dd,138945900.0,190263330.0,14020.013,13289.408,0.5234957933425903,1.8877636194229126,0.0,0.0,campuran,39,True,True,False,0.0,False
83adecd10fa0,f4a023e0984d,62423404.0,1025527360.0,1206.539,1127.429,0.1566438227891922,3.23599910736084,0.0019488736288622022,0.0,campuran,18,True,True,False,0.0011648288927972317,False
c4d467ed4efc,OUTLET,114070696.0,478218880.0,12018.484,10945.771,0.15822578966617584,5.3520660400390625,0.0095594497397542,0.0,kilat,47,True,True,False,0.11986049462575465,False
0e4cce80e00d,a4cb83d6ec27,93131020.0,93131020.0,484.59024,466.54938,0.45668578147888184,3.4109268188476562,0.803089439868927,1.0,campuran,38,True,True,False,0.21858470141887665,False
825aeeeb7f33,356277ab349b,121164980.0,121164980.0,220.57802,237.42694,0.0721079483628273,4.371163845062256,0.0,0.0,kilat,51,True,True,False,0.0,False
a366aabe9e2e,13bef78c9667,80263260.0,437801680000.0,973.7642,1100.0145,0.4987086057662964,1.9249621629714966,1.0108051355928183e-05,0.0,campuran,23,True,True,False,1.2356544630165445e-05,False
f248348110e4,OUTLET,186125490.0,186125490.0,60.13215,63.977585,0.2539413273334503,3.650070905685425,0.08498326689004898,0.0,campuran,90,True,True,False,0.017731161788105965,False
b5877defaace,3ca2de4ec568,49336430.0,102276856.0,20.544365,20.380484,0.9994053244590759,2.615377187728882,0.006845565512776375,0.0,airtanah,26,True,True,False,0.020299653988331556,False
cba894ec0ef2,3a51affcbd00,58761304.0,58761304.0,7.773069,4.546319,0.679941713809967,1.533514142036438,0.0,0.0,airtanah,23,True,True,False,0.0,False
50f357c92e4a,3aa7f9f906ea,81025464.0,81025464.0,97.001,100.16971,0.6591669321060181,1.6783064603805542,0.0,0.0,airtanah,8,True,True,False,0.0,False
9a2effc9654c,8d224a38ed5b,61517270.0,313956740.0,24.528088,21.667439,0.9542450904846191,1.561524510383606,0.0,0.0,airtanah,8,True,True,False,0.0,False
4f68ef55b8b9,75a2224e0ba5,47264284.0,47264284.0,8.672557,7.840271,0.8985729813575745,0.819222092628479,0.0,0.0,airtanah,19,True,True,False,0.0,False
3d23fd9d87f2,bdc82ad0778b,68825250.0,68825250.0,477.60748,525.0193,0.9566205739974976,2.9298605918884277,2.8087687492370605,1.0,irigasi,27,True,True,False,0.9974461793899536,True
206788e39f4d,f9e6cc6a0698,47674210.0,5773949400.0,61.70835,69.16213,0.030183102935552597,1.7402968406677246,0.0,0.0,campuran,16,True,True,False,0.0,False
78c299d4eddc,85338fb15280,73267900.0,73267900.0,7411.2725,6846.0044,0.4632267653942108,4.331479072570801,0.37127047777175903,0.21664848923683167,kilat,22,True,True,False,0.30929404497146606,True
44bf4eca977b,fb909b9af975,99518700.0,640701900.0,106.267,114.668884,0.975817859172821,2.825188636779785,0.002466825069859624,1.0,airtanah,22,True,True,False,0.0,False
796630ad89a8,4c59db107765,81151150.0,759687800.0,26.182205,26.722282,0.33471599221229553,2.48746919631958,2.752666473388672,1.0,irigasi,40,True,True,False,4.280889987945557,True
7c704180a5b0,e20c7108c6fc,91163850.0,91163850.0,98.5353,0.0,0.6467680931091309,1.8897689580917358,5.361057264963165e-05,0.0,airtanah,15,True,True,False,6.194319212227128e-05,False
6b31d518fd58,441e5709f132,56268730.0,56268730.0,7592.073,8087.7607,0.12534213066101074,3.6983482837677,0.04503840208053589,0.0,kilat,18,True,True,False,0.025412341579794884,False
56dbf676ec73,94211c5d4592,125135030.0,465848350.0,36.80587,41.910976,0.9707219004631042,1.1384001970291138,0.0,0.0,airtanah,60,True,True,False,0.0,False
9b2b49599383,f8234f25b52c,96740220.0,232509260.0,28.528515,29.687834,0.9180587530136108,1.3541728258132935,0.0,0.0,airtanah,60,True,True,False,0.0,False
dd086a863d37,7d57b07834f6,100970680.0,1716366700.0,4333.2944,3845.844,0.6998860836029053,2.8567261695861816,0.0008102570427581668,0.47146543860435486,airtanah,50,True,True,False,0.00031836031121201813,False
7cb06eb4d63f,bd6ae83ee62f,65201360.0,65201360.0,5179.764,5521.9487,0.41673576831817627,2.085200548171997,0.014303533360362053,0.0,campuran,13,True,True,False,0.010408165864646435,False
7961e223a9d8,071d2626a510,43066260.0,43066260.0,53448.508,47923.266,0.4301316738128662,2.010169506072998,0.09037896245718002,8.02486624706944e-07,campuran,14,True,True,False,0.11608543246984482,False
ad3ff5ae79b5,17f91cd06fff,137799520.0,7966822000.0,444.1218,418.75952,0.3034336566925049,1.9395157098770142,0.0630049854516983,0.9760801792144775,campuran,41,True,True,False,0.0025583215756341815,False
2252801e4183,3e863f39a51d,71922150.0,129635060.0,19.764212,19.908236,0.30017387866973877,3.205587387084961,0.0,0.0,campuran,55,True,True,False,0.0,False
d34b7d4ddd97,dc66a0840d7f,77280470.0,77280470.0,1628.3757,1521.364,0.9453299641609192,3.491276264190674,0.10672523081302643,1.0,airtanah,5,True,True,False,0.01862645335495472,False
96ffa53e7034,255bc820752a,95794900.0,95794900.0,7.5559525,9.859027,0.12146032601594925,4.825991153717041,0.0,0.0,kilat,23,True,True,False,0.0,False
c9604901ce6d,3df2f035f8ae,56540940.0,56540940.0,85.78363,83.136894,0.3438031077384949,2.2140140533447266,0.0,0.0,campuran,36,True,True,False,0.0,False
383d6b2dd1ab,c28f10dd485f,66942228.0,161433900.0,48.435272,34.121,0.9963332414627075,0.4769456684589386,0.0,0.0,airtanah,12,True,True,False,0.0,False
dc4bb2a22a2c,35b5635ddab1,64781210.0,192801440.0,88018.94,92763.305,0.7663645148277283,2.116654634475708,0.099375881254673,0.0,airtanah,14,True,True,False,0.19051838666200638,False
e628c7001d9b,8fe33df9cca0,131405256.0,131405256.0,232.0774,282.4281,0.804850697517395,4.178956508636475,0.07917692512273788,0.9903336763381958,airtanah,28,True,True,False,0.006698857352603227,False
f5f43e407f87,255bc820752a,42048184.0,42048184.0,4.605464,5.551271,0.08733953535556793,4.654562473297119,0.0,0.0,kilat,23,True,True,False,0.0,False
882601cf2246,54ff69b01cd2,116443390.0,359895420.0,260669.55,260749.39,0.4824465811252594,1.6191903352737427,0.16428159177303314,0.0,campuran,20,True,True,False,0.251497358083725,False
062afaa6d369,bf9ea08887ad,73576180.0,73576180.0,94.79769,92.316536,0.8730124831199646,1.2544879913330078,0.0,0.0,airtanah,12,True,True,False,0.0,False
479a448df456,f0d821656dea,102686910.0,178358610.0,107.715355,104.48503,0.7833520174026489,1.9861118793487549,0.027644682675600052,0.0,airtanah,25,True,True,False,0.019833378959447145,False
4d366fd1e962,dc920ce8b731,88313800.0,88313800.0,103.84463,95.36603,0.913153886795044,0.7651713490486145,1.53284752368927,1.0,airtanah,40,True,True,False,0.0,False
0abf13e8f5f4,9bdae04fbcc4,91601740.0,91601740.0,4029.518,3962.1665,0.6468014121055603,1.9622962474822998,0.0,0.0,airtanah,39,True,True,False,0.0,False
a5acbfbe6f5a,2c8e5e2d7760,131726990.0,2184215800.0,24.15127,20.398018,0.9840505719184875,1.3942604064941406,0.007746579125523567,1.0,airtanah,29,True,True,False,0.0,False
8f369de9455c,5c87cf3fadd1,45921320.0,45921320.0,21.3164,26.375614,0.9799364805221558,1.3149263858795166,2.695741891860962,1.0,irigasi,2,True,True,False,0.0,False
b792ed7bbe2e,OUTLET,89162750.0,6302214700.0,302.24326,297.53934,0.5385559797286987,1.8327784538269043,0.12554708123207092,1.0,campuran,2,True,True,False,0.0021846313029527664,False
b2d7fb861e34,37170548c04d,132529790.0,132529790.0,111.372925,108.147606,0.9984249472618103,2.42069149017334,0.0,0.0,airtanah,25,True,True,False,0.0,False
bd3a30025ab5,ee160fa3144b,95710090.0,95710090.0,118.86713,110.98527,0.28245809674263,2.898077964782715,0.0,0.0,campuran,36,True,True,False,0.0,False
b128132b42fc,106cd17f93ff,169562220.0,169562220.0,2018.0747,2143.071,0.4068045914173126,2.0607056617736816,0.0008754729060456157,0.7767513394355774,campuran,32,True,True,False,2.636645149323158e-06,False
bc9b5a7adb76,3abfd63e450a,87235940.0,87235940.0,232.85751,269.9127,0.07757772505283356,4.619339942932129,0.3051730990409851,1.0,kilat,28,True,True,False,0.0,False
b6a885a37b5a,5dacd5c3fab4,150169550.0,150169550.0,3047.9673,3158.5874,0.3429787755012512,3.9161009788513184,0.057524945586919785,0.0,kilat,18,True,True,False,0.23524948954582214,False
6b9923ef7219,3ca2de4ec568,46463170.0,46463170.0,16.56917,18.133457,0.9996978640556335,2.3687751293182373,0.0,0.0,airtanah,26,True,True,False,0.0,False
48d6d0b62d99,022edc2841f7,69813920.0,532841100.0,136.14758,105.61958,0.994430422782898,1.1819628477096558,0.0,0.0,airtanah,45,True,True,False,0.0,False
d2894be9b1a1,4850bed03b93,79324660.0,79324660.0,1733.3453,1573.6531,0.6588861346244812,1.4282599687576294,1.0660803318023682,1.0,airtanah,36,True,True,False,0.31656134128570557,True
e58b94944c75,dc0e3eea1654,86993390.0,86993390.0,22.656425,22.6339,0.10730095207691193,3.419041395187378,0.0,0.0,campuran,33,True,True,False,0.0,False
d2f20d09a6b5,OUTLET,87022490.0,118470820000.0,42.84049,48.02204,0.4431634247303009,2.306180477142334,0.0,0.0,campuran,8,True,True,False,0.0,False
2b16fd075ccf,9154e4f5ea7f,64517556.0,64517556.0,1899.458,1004.8532,0.7079157829284668,1.9296314716339111,0.0,0.0,airtanah,14,True,True,False,0.0,False
94eb393b5f9c,b65e571dafef,83969700.0,401330000.0,15252.427,14148.856,0.8072438836097717,2.6370420455932617,0.34280160069465637,0.605772078037262,airtanah,0,True,True,False,0.4908658880740404,True
c4b744c0ac29,12f9a864deeb,150120180.0,150120180.0,135.24802,131.3124,0.5189946293830872,2.3404359817504883,5.2682976722717285,1.0,irigasi,2,True,True,False,0.025933876633644104,False
95de199c785f,0ea3115950c2,122224440.0,218899380.0,102.13454,84.75184,0.9260959625244141,0.8147112727165222,0.0,0.0,airtanah,16,True,True,False,0.0,False
e141596dd89e,627128a53903,102220220.0,105521190000.0,31.339056,29.723589,0.44166499376296997,2.3628058433532715,0.00016507384134456515,1.0,campuran,8,True,True,False,1.7522694179206155e-05,False
7e8f1edfc15e,a79b74f31217,103066320.0,3104035600.0,104.61147,104.66362,0.09305963665246964,3.124499559402466,0.0,0.0,campuran,37,True,True,False,0.0,False
167b883db53e,573331ec7b92,97729160.0,209471950.0,1142.6223,1314.3335,0.2570202350616455,1.9889848232269287,0.0,0.0,campuran,39,True,True,False,0.0,False
26ca6699511d,72738ff6d31e,97574270.0,394319360.0,236.96248,206.2287,0.9798516035079956,0.9970134496688843,0.16816546022891998,1.0,airtanah,45,True,True,False,0.0,False
8cb8056b7e1b,706e73889ec8,94511144.0,274828220.0,31.725183,30.799398,0.7471793293952942,1.2572394609451294,0.0,0.0,airtanah,42,True,True,False,0.0,False
9cfda63a8f09,33771d15adb1,32976830.0,32976830.0,966.27686,1088.233,0.17947430908679962,3.1811695098876953,0.0,0.0,campuran,7,True,True,False,0.0,False
f8540abe5fd4,4abd64e0cfe0,69414890.0,235928030.0,207.25078,185.72342,0.7192156910896301,3.6611135005950928,0.0,0.0,campuran,22,True,True,False,0.0,False
79be24fec8f6,819874816a32,45474500.0,45474500.0,28515.383,26009.902,0.17600467801094055,2.0404882431030273,0.1279749572277069,0.0,campuran,49,True,True,False,0.061352113261818886,False
2e2ca3795795,36e4b40fb733,110098760.0,162394140.0,133.37628,146.37839,0.6443681120872498,1.8171985149383545,0.08259063959121704,0.0,airtanah,12,True,True,False,0.16770163923501968,False
f7e8e4255c55,f48cc71e163a,72257690.0,2440285000.0,40039.008,39305.09,0.23838037252426147,3.140941858291626,0.00609230250120163,0.0,campuran,49,True,True,False,0.0022416386054828763,False
0b5f3db8fca6,bb3c70cc272b,123827224.0,1116339000.0,16.984497,9.631765,0.6574198603630066,2.1201272010803223,0.0,0.0,airtanah,23,True,True,False,0.0,False
f4d0a8d0bcaa,a602a3de58d2,67835950.0,120424610.0,1212.9413,1095.988,0.2427196055650711,2.378201484680176,0.0019874400459229946,0.0,campuran,6,True,True,False,0.0012213279260322452,False
33458df0ebe5,9e5ff334bd5f,76467670.0,4102224000.0,-9999.0,1768.8308,0.6688132286071777,2.0923445224761963,0.0,0.0,airtanah,14,True,True,False,0.0,False
442a8bd10d17,840e15125434,70076820.0,695698400.0,7739.8438,6976.9165,0.35930606722831726,2.173210382461548,0.0069443960674107075,0.0,campuran,7,True,True,False,0.004425711464136839,False
ecd3a2b91cb0,b55dccbbf012,56298132.0,998632200.0,30.282223,34.40937,0.742975652217865,1.9015566110610962,0.0030878360848873854,1.0,airtanah,38,True,True,False,0.0,False
487f0ce0208c,483f6d0c638b,53632290.0,53632290.0,650.08496,632.84186,0.911475658416748,2.506821393966675,0.008332891389727592,0.0,airtanah,18,True,True,False,0.007808479713276029,False
d0c6f66ef96c,e1800d5fedf5,44310340.0,670822000.0,272.07184,287.97055,0.7414553165435791,2.2338435649871826,0.0,0.0,airtanah,1,True,True,False,0.0,False
cd6be954329b,baa9293bd3d2,122073820.0,122073820.0,2323.5452,2463.9524,0.778110682964325,3.3428351879119873,0.0064827934838831425,0.9967025518417358,airtanah,44,True,True,False,8.772607088758377e-06,False
db09fa56b4ff,6c980d63b3ee,54772420.0,54772420.0,,67.87395,0.024817030876874924,4.997126579284668,1.1728161573410034,1.0,kilat,2,True,True,False,0.3332778513431549,True
daf91d9e4785,bd44d3703e08,46905624.0,46905624.0,36.238197,37.534492,0.9820666313171387,2.5160229206085205,0.0,0.0,airtanah,37,True,True,False,0.0,False
94211c5d4592,OUTLET,107892024.0,1800880800.0,29.840876,30.68347,0.9468501806259155,1.3262146711349487,0.0,0.0,airtanah,60,True,True,False,0.0,False
dbc9634a8f95,58ca0a2f6043,143529680.0,12524201000.0,67485.414,4937478.0,0.9025486707687378,2.1809256076812744,0.025619687512516975,0.0024024671874940395,airtanah,31,True,True,False,0.057359278202056885,False
d39a39164838,a437b8ec4df5,135033200.0,1204360000.0,1386.9526,1470.5487,0.7538690567016602,3.1398439407348633,0.04116007685661316,1.0,airtanah,28,True,True,False,0.0,False
bb4b468b4a56,ec1c5fb3ffa8,59546436.0,59546436.0,9.740185,10.404294,0.9175441265106201,0.5456677079200745,0.0,0.0,airtanah,19,True,True,False,0.0,False
82a78b21f4b4,c9881ae46aae,51410692.0,51410692.0,1973.5455,1718.9431,0.8476384282112122,1.2336393594741821,0.20415236055850983,0.7843985557556152,airtanah,41,True,True,False,0.05670842342078686,False
e6ea4afc2a0e,1471144d6d04,80098340.0,80098340.0,905.05634,832.1927,0.9460958242416382,4.331987380981445,0.0,0.0,airtanah,18,True,True,False,0.0,False
6f9fcb800a78,dd462399a4ba,116038690.0,116038690.0,12848.743,12296.67,0.55106520652771,2.0948803424835205,0.01976696215569973,0.0,campuran,35,True,True,False,0.026322031393647194,False
17e26466b208,5b28b980571c,51821496.0,51821496.0,6.674547,4.332691,0.7818002700805664,1.4246755838394165,0.41739049553871155,1.0,airtanah,23,True,True,False,0.5682776570320129,True
dd462399a4ba,4ca3bc24bfbd,66357828.0,232787150.0,10688.821,9713.752,0.5470944046974182,2.195413589477539,0.0002606468624435365,0.0,campuran,35,True,True,False,0.0002145080507034436,False
b51648b33c45,ee5ea0ab27cc,51896060.0,522920060.0,7.9322906,8.080953,0.9173719882965088,0.800143301486969,0.0,0.0,airtanah,29,True,True,False,0.0,False
d5c597f5f111,2a281f04acc9,74755040.0,74755040.0,91.84057,85.52203,0.5071588754653931,2.6788835525512695,0.0,0.0,campuran,24,True,True,False,0.0,False
a3ba96dfc4db,d97674b93b7e,61936316.0,61936316.0,6513.6787,6033.1597,0.7876577377319336,3.452171564102173,0.7331823110580444,0.9645429849624634,airtanah,28,True,True,False,0.05851922743022442,False
4b9a78e40724,9ee3fd7373f6,100984790.0,100984790.0,93.582855,95.47129,0.17241279780864716,4.463705062866211,0.0,0.0,kilat,37,True,True,False,0.0,False
e5b128860b83,3cd6ee2af4f9,84478216.0,242384460.0,3202.3047,3140.2139,0.6208068132400513,3.0262644290924072,0.0,0.0,campuran,50,True,True,False,0.0,False
c6e2a5784d8f,288ddcb66552,111016810.0,850327600.0,424.38992,484.7011,0.6278493404388428,3.4260759353637695,0.11567197740077972,1.0,campuran,28,True,True,False,0.0,False
ca360844ed84,5e2446e1023d,141634850.0,7022750700.0,6745.1426,6627.935,0.4755783677101135,2.199352264404297,0.0002373953757341951,0.0,campuran,39,True,True,False,0.00048095063539221883,False
fcedc9431d01,326c8880952d,115267704.0,115267704.0,955.39166,992.7998,0.6541763544082642,3.177070379257202,0.3174543082714081,0.9888057708740234,campuran,28,True,True,False,0.007638197101186961,False
765b4e05d6a2,fb61211bc735,40570490.0,1954131500.0,32.529842,43.132885,0.9674232602119446,2.43365740776062,0.0,0.0,airtanah,27,True,True,False,0.0,False
6ca0c3b32687,3c833d6c7f4d,,219774540.0,19722.324,18384.63,0.8235980272293091,2.953070878982544,0.3715318441390991,0.7628434896469116,airtanah,22,True,True,False,0.48546385765075684,True
4c62a2381cf8,29e20a4ffe30,78354504.0,501617340.0,263.91037,274.0894,0.09742360562086105,2.5157079696655273,0.0,0.0,campuran,12,True,True,False,0.0,False
d0bf2b503038,ec1c5fb3ffa8,,48071252.0,8.293967,9.291068,0.8855794072151184,0.7219374179840088,0.0,0.0,airtanah,19,True,True,False,0.0,False
2c8e4b999987,abd023b458b3,110103700.0,110103700.0,88.24099,93.72034,0.8600093126296997,2.7472100257873535,0.0,0.0,airtanah,38,True,True,False,0.0,False
f09b156e6203,d9633ebfdb12,112883830.0,326364400.0,147.69173,138.73105,0.9768568873405457,2.7348244190216064,0.0,0.0,airtanah,22,True,True,False,0.0,False
4c58866dda25,aab6754263b4,58932904.0,58932904.0,4122.4385,3738.949,0.7038228511810303,1.4724817276000977,0.00034970344859175384,0.0,airtanah,13,True,True,False,0.0002270728218718432,False
540c341de8e5,947833cbc663,75620150.0,1122387300.0,2713.7498,2601.848,0.9114417433738708,1.5150682926177979,0.03467932343482971,0.8917670249938965,airtanah,31,True,True,False,0.007480053696781397,False
5bf81b3ec03c,1b52a2a91bc9,127481820.0,3446206700.0,269.13696,329.30023,0.4463263154029846,1.9605051279067993,0.0,0.0,campuran,1,True,True,False,0.0,False
ede7a776f92f,82f074604f65,57676684.0,2616101600.0,128.30882,119.5671,0.25303301215171814,1.964139461517334,0.0,0.0,campuran,17,True,True,False,0.0,False
73732998ae84,800383a1bb95,125231780.0,1000809860.0,96.781784,110.7295,0.7330159544944763,2.0142955780029297,0.004982969257980585,0.0,airtanah,37,True,True,False,0.005694610998034477,False
1683a63703da,f8234f25b52c,107333500.0,189486800.0,23.564749,24.219442,0.950844407081604,1.1115490198135376,0.0,0.0,airtanah,60,True,True,False,0.0,False
0a581854982c,d02927eb6778,46900184.0,46900184.0,1084.603,1050.9017,0.5161640048027039,5.615211009979248,0.7223508358001709,1.0,kilat,41,True,True,False,0.051242630928754807,False
ebc8c7dd686f,3adfbea7da75,52818116.0,52818116.0,19.296183,22.425308,0.9704871773719788,1.738304615020752,0.0,0.0,airtanah,8,True,True,False,0.0,False
58ccc87ecc27,3e863f39a51d,91377020.0,162881570.0,13.292249,13.844707,0.6207006573677063,2.739375591278076,0.0,0.0,campuran,55,True,True,False,0.0,False
f42fdc42bde3,60f9355f52e9,21857564.0,21857564.0,25.80522,40.77238,0.009318426251411438,6.988365173339844,0.0,0.0,kilat,23,True,True,False,0.0,False
bf764e7ad2d6,657cc76a822f,34973412.0,34973412.0,36.272392,48.63369,0.01120908372104168,6.804779052734375,0.0,0.0,kilat,23,True,True,False,0.0,False
750bf8a55ff2,676c958f9b01,141661010.0,472241830000.0,0.0,741.1698,0.3283117413520813,1.8449935913085938,0.0033351655583828688,0.9869480729103088,campuran,23,True,True,False,0.0026189645286649466,False
c4830d2e53fa,228c2fd3ed91,60952012.0,60952012.0,17.237041,15.28329,0.9738185405731201,1.621042251586914,0.0,0.0,airtanah,8,True,True,False,0.0,False
be69a037c03a,390f41993ca2,48042090.0,48042090.0,18.339159,19.112814,0.419793963432312,2.4566988945007324,0.0,0.0,campuran,33,True,True,False,0.0,False
2fd2591bbdbc,bb7be119f730,85536750.0,85536750.0,102316.0,102732.375,0.27974486351013184,3.248727798461914,0.16372083127498627,0.0,campuran,14,True,True,False,0.3917606770992279,True
46041d758ed9,48d6d0b62d99,68863490.0,359712770.0,131.76434,109.080154,0.9032338261604309,1.233528971672058,0.003357050009071827,1.0,airtanah,45,True,True,False,0.0,False
91ff2a97fdf6,aa8a977d73d8,144926290.0,144926290.0,1545.1724,1508.3156,0.8310139775276184,4.720783233642578,0.012380179017782211,0.0,kilat,47,True,True,False,0.006648154929280281,False
c28c13aefc7c,b9e0c6c98caf,72742360.0,72742360.0,12.552996,13.654821,0.8839219212532043,0.8560508489608765,0.0,0.0,airtanah,19,True,True,False,0.0,False
fe6ad9695a84,d3510752e43d,101611576.0,313558000.0,110.964325,109.01732,0.7331658005714417,3.6141929626464844,0.0,0.0,airtanah,22,True,True,False,0.0,False
5b977db3e4e9,0813f8463d57,148231070.0,200901420.0,16.607946,18.831423,0.31433531641960144,2.8858730792999268,0.0,0.0,campuran,23,True,True,False,0.0,False
ba8db0583b14,f2b09109338c,167151260.0,290609200.0,886.4786,,0.8127092123031616,1.5091522932052612,0.5218532085418701,0.9519097805023193,airtanah,41,True,True,False,0.3077128380537033,True
758639609e8c,214d0ad7b17b,84002380.0,-84002380.0,24.311796,22.801872,0.9997718930244446,1.8493263721466064,0.0,0.0,airtanah,26,True,True,False,0.0,False
4adc993fc45f,417e5d62c729,86392810.0,86392810.0,1017.5279,1024.156,0.7270737886428833,2.820176362991333,0.37662607431411743,1.0,airtanah,36,True,True,False,0.0,False
ce5563435bee,5a3c5081f5ef,89236824.0,237364940.0,93147.66,73615.34,0.6949781775474548,1.9306528568267822,0.011892220005393028,0.0,airtanah,20,True,True,False,0.014323715586215258,False
f33fb750fb34,8f5ddb81191d,148337020.0,148337020.0,34252.23,32031.32,0.35548681020736694,1.6990569829940796,0.09542740881443024,0.0,campuran,32,True,True,False,0.03211086802184582,False
e47fad3486c3,46b93f253e67,68989496.0,68989496.0,90.71819,94.83099,0.3090459704399109,2.6986231803894043,0.18804123997688293,1.0,campuran,64,True,True,False,0.0,False
29da08e30354,442a8bd10d17,59971588.0,253926180.0,664.03485,712.47565,0.2007085680961609,2.0635883808135986,0.0,0.0,campuran,7,True,True,False,0.0,False
aafdad8b3dd1,809668a06d29,101756420.0,210779780.0,602.6403,547.0735,0.8033643960952759,1.9224377870559692,0.0,0.0,airtanah,17,True,True,False,0.0,False
2a281f04acc9,9d3a1cae1ba1,64402796.0,5664614000.0,70.14908,70.84144,0.6155379414558411,2.0866212844848633,3.453452518442646e-05,0.0,airtanah,24,True,True,False,4.753005396196386e-05,False
bf772de46402,771dd4e6294f,97618810.0,97618810.0,19.216232,15.300298,0.2098163366317749,3.9784884452819824,0.0,0.0,kilat,19,True,True,False,0.0,False
47e3093d05f0,2f303f2ff5b9,145514690.0,145514690.0,198.90855,233.72124,0.000618848716840148,6.496998310089111,0.0,0.0,kilat,24,True,True,False,0.0,False
7140764d19ee,6344774ade96,77127736.0,156323900.0,9.550538,5.712621,0.25508198142051697,3.5396053791046143,0.0,0.0,campuran,23,True,True,False,0.0,False
4da162013ddb,0b1658cdded4,62180690.0,180730450.0,13.5612135,13.118308,0.4764665365219116,2.5529584884643555,0.0,0.0,campuran,51,True,True,False,0.0,False
2b5ba9e284dd,d30b8f2435d3,57055908.0,7677608000.0,23867.18,,0.4134904146194458,2.158769130706787,0.0010601707035675645,0.0,campuran,39,True,True,False,0.006625811220146716,False
3ff29421a98c,c2fbb74351f8,112850936.0,6390214000.0,87.18402,106.79415,0.817838191986084,2.0725672245025635,0.006161748897284269,0.9858309626579285,airtanah,41,True,True,False,9.449346725887153e-05,False
d2b19c9b010f,47d54e1a494f,108091144.0,1351053200.0,1483.5469,1522.0596,0.14314186573028564,3.496811628341675,0.0,0.0,campuran,18,True,True,False,0.0,False
003c83b3c526,c4b596e4ef61,49881880.0,49881880.0,4747.7456,4754.7563,0.639869213104248,1.785074234008789,0.0,0.0,airtanah,39,True,True,False,0.0,False
a278c356bf05,96ad85f78eb9,66408864.0,66408864.0,110.18188,129.48686,0.7372057437896729,1.454244613647461,0.0,0.0,airtanah,1,True,True,False,0.0,False
7e49aee37a38,4e4a77962bee,94544380.0,3310191000.0,100.98832,97.85146,0.829175591468811,2.615839719772339,0.0016872996930032969,1.0,airtanah,26,True,True,False,0.0,False
2f175070e0d8,6939b1baa4cc,69013340.0,2308634000.0,815.6083,858.8745,0.8361781239509583,2.722785711288452,0.0013619952369481325,1.0,airtanah,5,True,True,False,0.0002206267963629216,False
09fe44cd1a40,d39a39164838,133505130.0,1058529860.0,828.863,765.2464,0.513742983341217,3.199615240097046,0.07285737991333008,0.9982190132141113,campuran,28,True,True,False,1.6380610304622678e-05,False
2c11cf6d551c,62332697a11d,170552300.0,617593540.0,168.72443,160.86014,0.013544127345085144,4.42572021484375,3.5308191776275635,1.0,irigasi,40,True,True,False,27.745973587036133,True
5079b871742e,a0fce84c175a,66763532.0,822705100.0,181.59422,174.96971,0.8249863386154175,1.5403664112091064,0.0,0.0,airtanah,25,True,True,False,0.0,False
d78bc4220e48,d4e8aeabe960,53725492.0,53725492.0,467.25943,541.24835,0.19463218748569489,2.9304404258728027,0.0,0.0,campuran,7,True,True,False,0.0,False
c4214238bb9c,630128c148c0,,4759894500.0,117.37928,,0.5232318639755249,2.0771329402923584,0.0,0.0,campuran,24,True,True,False,0.0,False
51a0d873a84c,d51882526f98,60215936.0,60215936.0,1.9751021,6.282063,0.3524003028869629,3.1801271438598633,0.0,0.0,campuran,56,True,True,False,0.0,False
da4b9ed8e26c,bd301ef522ed,62425864.0,297358430.0,2584.3481,2879.3914,0.3045840859413147,4.486328601837158,0.006344409193843603,0.0,kilat,18,True,True,False,0.026690293103456497,False
14e00775a77a,59a9af586f2c,52199940.0,586599360.0,78.09713,93.76717,0.9676200747489929,2.818477153778076,0.0,0.0,airtanah,27,True,True,False,0.0,False
c397bbc15f81,OUTLET,35219696.0,50772350.0,188.08437,201.94751,0.0,1.449265718460083,0.0,0.0,campuran,72,True,True,False,0.0,False
86503a6a4842,c371d04aa222,80034270.0,1315263500.0,1062.205,982.6772,0.8243166208267212,1.492126226425171,1.652631340220978e-06,0.0,airtanah,30,True,True,False,1.239042660472478e-06,False
8311381fe036,OUTLET,16656454.0,16656454.0,31.308384,37.276764,1.0,2.0333504676818848,0.0,0.0,airtanah,91,True,True,False,0.0,False
50ee43efeec9,7b625c4cf25a,69136510.0,69136510.0,22.09046,22.373623,0.8733157515525818,2.4220705032348633,0.0,0.0,airtanah,42,True,True,False,0.0,False
33cc8756122d,fb955f2203a5,109262430.0,109262430.0,1326.1862,1466.2595,0.5792504549026489,3.5847506523132324,0.42651981115341187,0.9835625290870667,campuran,28,True,True,False,0.012289246660657227,False
6bbff0f372ea,cdba975e0b57,92778520.0,241059980.0,,428.14075,0.6712977886199951,2.3213248252868652,0.00036004470894113183,0.0,airtanah,30,True,True,False,0.0004409134307934437,False
8d26dc8c7cba,552cef8cb951,44745810.0,44745810.0,342.7549,305.74722,0.04099886864423752,6.234448432922363,0.0,0.0,kilat,18,True,True,False,0.0,False
fb61211bc735,OUTLET,73574150.0,2027281200.0,89.93613,103.406136,0.9669173955917358,2.425417184829712,0.0,0.0,airtanah,27,True,True,False,0.0,False
95afc1694fb9,d86ea47c6f6c,48121132.0,48121132.0,274.09308,287.9094,0.5145522952079773,2.8406941890716553,0.0,0.0,campuran,1,True,True,False,0.0,False
8c241967faa8,OUTLET,79681050.0,2415822000.0,677.5561,801.26465,0.6045233011245728,2.3215577602386475,0.0,0.0,campuran,34,True,True,False,0.0,False
3a51affcbd00,2069c2702e88,116460776.0,448568560000.0,36.987705,44.39453,0.3385474681854248,1.8445435762405396,4.555866780719953e-06,1.0,campuran,23,True,True,False,1.1812777529485174e-06,False
3e863f39a51d,f2847fc9a134,105244900.0,566210560.0,16.473623,14.00596,0.39047348499298096,3.084993839263916,0.0,0.0,campuran,55,True,True,False,0.0,False
d2b301ef7bf6,ed05614dabdb,95989704.0,162968720.0,126.88309,175.86023,0.3833490014076233,2.59982967376709,0.0,0.0,campuran,16,True,True,False,0.0,False
828fe71395b7,9746a6875596,62442810.0,173527420.0,200.79218,206.65283,0.0,1.8397653102874756,0.0,0.0,campuran,25,True,True,False,0.0,False
92ed14260029,99aac17d6186,58609300.0,58609300.0,71.65348,79.54696,0.4063652753829956,3.9608776569366455,0.0,0.0,kilat,37,True,True,False,0.0,False
54ff69b01cd2,f53bce1878c9,160008340.0,2692435000.0,166480.9,162870.05,0.14607448875904083,2.0488672256469727,0.019189031794667244,0.0,campuran,20,True,True,False,0.022223846055567265,False
c917693d7683,bbd07092252e,56208292.0,346213100.0,2152.7156,1930.7823,0.6047118902206421,2.872227668762207,0.0001608306629350409,1.0,campuran,50,True,True,False,0.0,False
dc66a0840d7f,6ac930da5750,87075816.0,155958780.0,1108.1349,1014.82916,0.898768424987793,3.5052506923675537,0.06339611858129501,1.0,airtanah,5,True,True,False,0.01773411617614329,False
d4f3464e5bc1,872738ed0bfd,48250090.0,207373630.0,770.31104,764.14453,0.14178533852100372,2.7752583026885986,0.0,0.0,campuran,7,True,True,False,0.0,False
8b761e54a06e,339a6635dab8,96576640.0,312981570.0,17.63349,15.920505,0.7997448444366455,0.7106081247329712,0.0,0.0,airtanah,19,True,True,False,0.0,False
c67a4b7f030a,3d315360feec,136288670.0,136288670.0,374.06253,363.88098,0.6798937320709229,5.077836990356445,0.0,0.0,kilat,38,True,True,False,0.0,False
157e7619229d,3f6b2f1dad78,99955570.0,725855700.0,706.864,702.72687,0.8116864562034607,1.7972420454025269,0.0,0.0,airtanah,30,True,True,False,0.0,False
7ecd4d2ffa36,7eeed08a904b,14020269.0,101065920.0,11660.8,12313.101,0.0,2.5445120334625244,0.11834980547428131,0.0,campuran,68,True,True,False,0.09930224530398846,False
b7fa7613ee82,54ae08aa59fc,127693470.0,127693470.0,1665.4054,1711.7012,0.6746916770935059,3.0305604934692383,0.01529056765139103,0.0,airtanah,44,True,True,False,0.013112913817167282,False
5c58c9645931,bf2f04893a03,50072360.0,249928370.0,490.01385,389.03513,0.872588038444519,2.481804370880127,0.0010964166140183806,1.0,airtanah,14,True,True,False,0.0,False
46562df2f6f2,aaf2a0c36bcc,,,117.492805,130.65596,0.1295488178730011,3.398775577545166,0.0,0.0,campuran,16,True,True,False,0.0,False
b5446d8f3d9d,OUTLET,104818160.0,341684100.0,17.976,20.322165,0.9484547972679138,1.0325238704681396,0.0,0.0,airtanah,78,True,True,False,0.0,False
91e54c4ce332,6a2913bf023c,86436760.0,86436760.0,804.22034,904.99756,0.23909366130828857,2.3133320808410645,0.0,0.0,campuran,6,True,True,False,0.0,False
fb955f2203a5,f199bf4f9458,94628190.0,1734628700.0,8388.023,8048.9956,0.6366795301437378,3.1380069255828857,0.02916765958070755,0.9325546026229858,campuran,28,True,True,False,0.0013042157370364293,False
55f047f3e8f5,385d78a902f8,63160170.0,63160170.0,9123.145,9019.364,0.47217029333114624,2.377338409423828,0.05320684239268303,0.0,campuran,48,True,True,False,0.11365730315446854,False
3e0bd74b1124,563767456d32,100039016.0,225250740.0,0.0,229.48013,0.9873714447021484,0.5870317816734314,0.0,0.0,airtanah,36,True,True,False,0.0,False
868ecd5ca126,25089dc1f42e,80161870.0,80161870.0,100.78759,98.032814,0.9390239715576172,2.835456132888794,0.0,0.0,airtanah,36,True,True,False,0.0,False
d4e8aeabe960,94880edfce9b,75413820.0,122125650.0,638.10004,680.07965,0.19129817187786102,2.8147170543670654,0.0,0.0,campuran,7,True,True,False,0.0,False
e1fb5e5b3431,6ca0c3b32687,129077130.0,129077130.0,3183.0918,2703.9736,0.6205519437789917,3.383744955062866,0.03219287842512131,0.6921637058258057,campuran,22,True,True,False,0.04762469511479139,False
321e2a65cf9a,414da0775070,,39633628.0,15.543443,15.993018,0.9987556338310242,3.2102160453796387,0.0,0.0,airtanah,26,True,True,False,0.0,False
5e2446e1023d,2b5ba9e284dd,53039490.0,7052537300.0,5888.192,5156.394,0.36418023705482483,2.2015175819396973,8.32172590889968e-05,0.0,campuran,39,True,True,False,9.85060614766553e-05,False
8146f9d22270,21c22d7fa382,102462584.0,28188813000.0,137.74536,142.8753,0.11169721186161041,3.3336901664733887,0.00030481087742373347,0.0,campuran,51,True,True,False,0.0011646865168586373,False
230cc23feec3,1b12cfd12d13,81480590.0,81480590.0,11.275383,,0.11640369892120361,4.004906177520752,0.0,0.0,kilat,23,True,True,False,0.0,False
3ae70060c203,ce707349dc72,52123384.0,52123384.0,114.33263,109.13177,0.7098395228385925,2.080409526824951,0.0,0.0,airtanah,41,True,True,False,0.0,False
e2338ca01c6e,47ab40105047,112685550.0,112685550.0,2403.4146,2253.5076,0.9506464600563049,1.9106546640396118,0.0,0.0,airtanah,1,True,True,False,0.0,False
883f68a353b8,d418015a4978,47316164.0,47316164.0,53.181824,58.362194,0.8191114664077759,1.8317447900772095,0.1743629425764084,1.0,airtanah,41,True,True,False,0.0,False
bb7be119f730,3cc6d0739c4e,65364228.0,212182940.0,85725.23,85390.71,0.047909051179885864,2.955427646636963,0.04155704006552696,0.0,campuran,14,True,True,False,0.10885358974337578,False
a5e0a9b950e6,edc477553e35,191684600.0,858764160.0,277.8255,306.95792,0.988766074180603,2.7223405838012695,0.4108673334121704,0.9968374371528625,airtanah,51,True,True,False,0.010598661843687296,False
bd7123fac02f,37170548c04d,159602500.0,286446370.0,167.34258,170.63239,0.9540596008300781,0.9035365581512451,0.009590782225131989,0.0,airtanah,25,True,True,False,0.008257740642875433,False
01db63d9854a,cb0bb916a284,83917920.0,729921500.0,206.7367,231.69069,0.5321273803710938,2.529621124267578,0.0,0.0,campuran,1,True,True,False,0.0,False
1043c32cef87,OUTLET,74062856.0,74062856.0,741.40204,783.0902,0.02285197377204895,4.5560197830200195,0.0,0.0,kilat,92,True,True,False,0.0,False
96020383c2be,62332697a11d,122676720.0,454029900.0,144.2098,119.68646,0.7324300408363342,3.77929949760437,5.024704933166504,1.0,irigasi,40,True,True,False,24.129894256591797,True
0bf9f63f978d,f83edc5ab0ee,123644860.0,123644860.0,707.5084,785.0576,0.46993330121040344,2.0234715938568115,0.0015221451176330447,0.0,campuran,1,True,True,False,0.0016999868967104703,False
c5180619fa14,d7292601ddda,35001056.0,35001056.0,11.392325,10.957393,0.20387029647827148,2.8289880752563477,0.0,0.0,campuran,51,True,True,False,0.0,False
6559f4960d15,750bf8a55ff2,752720800.0,34786016.0,9.393186,11.625017,0.008274747990071774,7.0,0.0,0.0,kilat,23,True,True,False,0.0,False
9a5c035eff74,e00a7ffd2f13,40482620.0,75546230.0,272.849,325.662,0.11473160982131958,3.0362257957458496,0.0,0.0,campuran,7,True,True,False,0.0,False
5740debdb629,8d8f849a4feb,91234970.0,4153896000.0,132.14764,128.82863,0.07440613955259323,1.0731655359268188,0.0,0.0,campuran,12,True,True,False,0.0,False
d5ded72484be,OUTLET,61756516.0,61756516.0,309.76874,243.55661,0.0,0.0,8.169271469116211,0.0,campuran,93,True,True,False,362.5843048095703,True
a3aa31bc5e58,4d5ae094b47a,62011124.0,62011124.0,643.0892,681.43066,0.7320771217346191,1.8731005191802979,1.1513450145721436,0.0,airtanah,31,True,True,False,6.56857967376709,True
b21b30493310,f83edc5ab0ee,76684370.0,76684370.0,536.77826,445.95172,0.5527742505073547,3.356229305267334,0.0,0.0,campuran,1,True,True,False,0.0,False
c275ece2c010,e3702141514e,87522790.0,87522790.0,95.375854,95.059555,0.15421022474765778,4.374059677124023,0.15854987502098083,1.0,kilat,37,True,True,False,0.0,False
3bacc0586591,29da08e30354,59934650.0,59934650.0,492.72345,552.07355,0.19434890151023865,2.0326154232025146,0.0,0.0,campuran,7,True,True,False,0.0,False
390f4d8916e4,36afa5917900,94716180.0,94716180.0,816.2816,879.53827,0.7187749743461609,3.5979092121124268,0.34863752126693726,0.9796164631843567,airtanah,28,True,True,False,0.03952449862845242,False
7901d22f343f,OUTLET,9063114000.0,6077534000.0,787.0426,859.1832,0.5149358510971069,2.0005383491516113,0.0005027777515351772,0.9990394115447998,campuran,30,True,True,False,1.035033555751852e-06,False
e91d80f6c747,c8aab689aa07,105605410.0,105605410.0,33.551247,38.13809,0.9099271297454834,0.4927816390991211,0.0,0.0,airtanah,8,True,True,False,0.0,False
b6d3dd1a2061,97c4fd1b18c7,154030580.0,1103529000.0,26.982296,23.974737,0.9798654317855835,0.98079514503479,0.0,0.0,airtanah,29,True,True,False,0.0,False
72390c014d43,d418015a4978,152837460.0,152837460.0,523.94275,478.80753,0.782599151134491,2.433302402496338,0.0,0.0,airtanah,41,True,True,False,0.0,False
c3bbc92a6d16,5f6271e5c6d9,51391110.0,51391110.0,455.22867,392.1485,0.9341763854026794,2.467252731323242,0.0,0.0,airtanah,14,True,True,False,0.0,False
4850bed03b93,870e1519e23a,51535132.0,13634170000.0,,588.8611,0.8664127588272095,1.8540678024291992,0.006289384327828884,0.959237813949585,airtanah,36,True,True,False,0.0,False
00b5bc2db9a6,82904949906f,97548030.0,190378960.0,258.18518,290.22543,0.9622418880462646,2.3684616088867188,0.022104520350694656,1.0,airtanah,14,True,True,False,0.0009267465793527663,False
5c679b49bd38,750bf8a55ff2,74814616.0,74814616.0,46.62676,74.065865,0.24273186922073364,3.4974923133850098,1.2194571495056152,0.0,campuran,23,True,True,False,3.1974416375160217,True
7163d854324c,8f2e9af89ac0,104356100.0,104356100.0,23.700068,25.055439,0.3945029675960541,2.480459690093994,0.0,0.0,campuran,51,True,True,False,0.0,False
0115b9ce2510,3d6bda13c67f,101873880.0,1906748200.0,1880.5851,1975.973,0.224199116230011,2.648275375366211,2.3879012587713078e-05,0.0,campuran,7,True,True,False,2.4649071747262497e-05,False
e8740410e90f,4d6a5e824928,29803462.0,29803462.0,128.7187,138.78075,0.9286712408065796,3.06899356842041,0.019143160432577133,1.0,airtanah,27,True,True,False,0.0,False
cf75368bcc08,89aa446547bc,156569580.0,156569580.0,243.26314,215.12053,0.11491154134273529,4.705479621887207,0.0,0.0,kilat,12,True,True,False,0.0,False
df70760c713d,56a7d4535a32,71655010.0,71655010.0,692.26105,783.2999,0.25048646330833435,4.695627689361572,0.0,0.0,kilat,1,True,True,False,0.0,False
ad9f26e541f6,14e00775a77a,61163990.0,,238.2767,255.24126,0.9818719625473022,2.8370304107666016,0.17350152134895325,1.0,airtanah,27,True,True,False,0.0,False
d08294c94a56,f8540abe5fd4,103034616.0,,65.76597,79.834076,0.9117647409439087,3.7717270851135254,0.0,0.0,airtanah,22,True,True,False,0.0,False
b081092ed4be,4fa2fcbbebf5,137511300.0,,873.99524,878.50757,0.7201523184776306,1.8186123371124268,0.0,0.0,airtanah,17,True,True,False,0.0,False
7103acdd64c8,d3510752e43d,78667140.0,214444980.0,96.13555,88.91652,0.5761683583259583,4.863922595977783,0.0011008941801264882,1.0,kilat,22,True,True,False,0.0,False
ffea031fe6e6,521327fd2b10,156740340.0,156740340.0,47.21494,51.33838,0.992324709892273,1.4523749351501465,1.1252093315124512,1.0,airtanah,2,True,True,False,0.0,False
fb36ae9c5d4a,0656457c1286,82358270.0,82358270.0,94.71793,80.76576,0.8749622106552124,1.7740893363952637,7.2376298904418945,1.0,irigasi,40,True,True,False,446.35406494140625,True
b7c4a6ba26ec,eb35cab906d3,107868460.0,107868460.0,1330.448,1444.2014,0.39584147930145264,3.7833046913146973,0.0021489730570465326,0.0,campuran,44,True,True,False,0.0014322897477541119,False
aaf2a0c36bcc,cce42b405541,117172010.0,244874980.0,142.42961,11561.304,0.3354240953922272,2.6006882190704346,0.0,0.0,campuran,16,True,True,False,0.0,False
d68846d2302c,eb86a06b57de,131391180.0,3353229600.0,400.1396,414.87808,0.27292943000793457,1.992316484451294,0.3373262286186218,0.9964693188667297,campuran,2,True,True,False,0.0006167392712086439,False
173842a0142c,6989f0b64351,50113740.0,98062900.0,44077.266,43288.844,0.04178094118833542,4.562686920166016,0.09077899158000946,0.0,kilat,14,True,True,False,0.5410464704036713,True
b95dc8f8d82e,OUTLET,49471508.0,49471508.0,32152.791,32914.848,0.8666975498199463,2.354832410812378,0.2565600872039795,0.0,airtanah,94,True,True,False,0.5324558317661285,True
ca8eeaecfeac,671648b4fca1,-137618110.0,137618110.0,164.08786,178.91432,0.13027453422546387,3.717116594314575,0.10505856573581696,0.0,kilat,24,True,True,False,0.28273098915815353,False
25089dc1f42e,3df2f035f8ae,66059580.0,350768640.0,83.439,75.48583,0.6934705972671509,2.4847896099090576,0.14717452228069305,1.0,airtanah,36,True,True,False,0.016787709668278694,False
2e3112806c0e,83adecd10fa0,74215060.0,837146600.0,1543.1423,1469.5033,0.14908751845359802,3.249523401260376,0.0,0.0,campuran,18,True,True,False,0.0,False
73cc65a1d375,718bd36c0532,101665150.0,101665150.0,0.0,0.0,0.2677568197250366,4.473776340484619,0.0,0.0,kilat,23,True,True,False,0.0,False
4f0f19ead8a7,0aec2e941f37,44089830.0,9484553000.0,6911.332,7363.9517,0.3927609324455261,3.1403703689575195,0.08954288065433502,0.20289799571037292,campuran,38,True,True,False,0.13266369327902794,False
06f36542dd10,e9e10e244346,57874316.0,104745704.0,353.50586,379.028,1.0,1.2008116245269775,0.0,0.0,airtanah,25,True,True,False,0.0,False
204e1b70f31d,771dd4e6294f,167859250.0,503925000.0,31.057384,30.228617,0.7915314435958862,0.8357078433036804,0.0,0.0,airtanah,19,True,True,False,0.0,False
02bc84e39b61,3c53eca0500c,91472890.0,730404100.0,1421.53,1139.33,0.5279729962348938,2.3197293281555176,0.006874530576169491,1.0,campuran,1,True,True,False,0.0,False
1191ee5659fd,9568d0775696,110526090.0,171512510.0,12128.424,12028.727,0.08384238183498383,4.060896873474121,0.010600904002785683,0.0,kilat,49,True,True,False,0.004292133264243603,False
5c9daf76feec,OUTLET,81299940.0,5603683300.0,54389.41,52244.598,0.11259439587593079,2.0562057495117188,0.0017784638330340385,0.0,campuran,20,True,True,False,0.0027101075975224376,False
7f66be108905,21004d87be6b,151072210.0,151072210.0,130.13588,126.035286,0.6424254775047302,2.6749825477600098,0.0046437084674835205,0.0,airtanah,51,True,True,False,0.008422742830589414,False
72487b36370d,d4dce02bc845,53770916.0,53770916.0,15.655495,13.265072,0.27690476179122925,3.2232375144958496,0.0,0.0,campuran,8,True,True,False,0.0,False
e44dc38c8c95,fcae971daccf,80500810.0,112943480.0,750.6828,693.5329,0.2911345362663269,2.4591617584228516,0.0,0.0,campuran,7,True,True,False,0.0,False
446ada809e5c,d627a55ec3e3,61932830.0,61932830.0,599.749,519.0733,0.9898999333381653,2.2799572944641113,0.2224818468093872,0.8624753952026367,airtanah,14,True,True,False,0.04500136151909828,False
2bd8b91b4fa0,0dbebba47764,45905244.0,45905244.0,638.5664,496.73788,0.7941257953643799,2.779933214187622,0.0,0.0,airtanah,14,True,True,False,0.0,False
ca7ffc29cff7,f4973cd7f4f1,81542010.0,81542010.0,24.680447,20.97474,0.5559335947036743,2.133671283721924,0.0,0.0,campuran,8,True,True,False,0.0,False
0e6cd67a6925,76466de13247,102657360.0,102657360.0,1209.0156,1200.9049,0.12624609470367432,2.752152681350708,0.0,0.0,campuran,7,True,True,False,0.0,False
22ba318c806d,c9a853d54f5b,45757376.0,313369280.0,27128.97,25370.707,0.0167781263589859,2.510190963745117,0.016391493380069733,0.0,campuran,20,True,True,False,0.026023495011031628,False
7eabb688648e,099b13414d2c,96642360.0,96642360.0,114.81598,131.1866,0.5350726842880249,2.078885793685913,2.9340667724609375,0.7190515398979187,irigasi,40,True,True,False,7.096813201904297,True
676c958f9b01,657cc76a822f,68516730.0,432471600000.0,208.97256,224.54184,0.0033988612703979015,1.9516019821166992,0.0015508413780480623,1.0,campuran,23,True,True,False,0.0013839161838404834,False
a312a12da826,4abd64e0cfe0,53075116.0,53075116.0,33.1351,42.977932,0.41274628043174744,4.603678226470947,0.0,0.0,kilat,22,True,True,False,0.0,False
a77ab36e6c18,65b3feca2bb1,83328520.0,531782080.0,407.4038,397.3305,0.964945912361145,0.9424571990966797,0.008057392202317715,1.0,airtanah,36,True,True,False,0.0,False
fb4662839ada,3fd857f444ba,120965120.0,120965120.0,1363.5637,1154.3262,0.679387092590332,2.580787181854248,0.0,0.0,airtanah,14,True,True,False,0.0,False
aae2b4acf452,a835bfdb0aa9,137497620.0,137497620.0,1964.8312,1689.3782,0.11610472947359085,3.855128049850464,0.5767700672149658,0.0,kilat,25,True,True,False,2.308133840560913,True
3d931cb77b6c,e923fa4cc521,98587400.0,149520980.0,138.54884,121.4333,0.9606621265411377,0.9498897790908813,0.029386265203356743,1.0,airtanah,45,True,True,False,0.0,False
7efb79c8b2d5,bf77646a1848,83043340.0,83043340.0,67.395676,79.01208,0.9625032544136047,1.5762603282928467,1.4163950681686401,1.0,airtanah,2,True,True,False,0.0,False
441e5709f132,2e3112806c0e,92086824.0,187617180.0,5831.237,6450.9146,0.13454152643680573,2.8366169929504395,0.0058730002492666245,0.0,campuran,18,True,True,False,0.009133432991802692,False
6d07867a4f49,db5f06e259a5,76195180.0,76195180.0,153.63203,161.44443,0.6813632249832153,1.9562749862670898,3.3889267444610596,1.0,irigasi,64,True,True,False,19.813922882080078,True
a4b90ba1bb25,97248801f8af,61103564.0,61103564.0,1684.0062,1943.2633,0.6678837537765503,1.3029038906097412,0.0,0.0,airtanah,13,True,True,False,0.0,False
ed330e78cee3,541f90408a8a,76969990.0,37342670000.0,65.275566,68.966385,0.15369823575019836,3.009742259979248,0.0,0.0,campuran,51,True,True,False,0.0,False
eb86a06b57de,b792ed7bbe2e,75753830.0,5636697600.0,243.37816,236.84457,0.47646844387054443,1.7657113075256348,0.13461798429489136,0.9833682775497437,campuran,2,True,True,False,0.0018058780115097761,False
294faa270aff,7b625c4cf25a,65957240.0,628171700.0,18.55257,18.471851,0.836308479309082,2.6221065521240234,0.0,0.0,airtanah,42,True,True,False,0.0,False
a50ef92361fd,11a71d343db3,99438536.0,209382690.0,1376.8792,1292.3634,0.7360975742340088,1.9914696216583252,0.0,0.0,airtanah,14,True,True,False,0.0,False
05e8a5af4517,0eec3725f39a,60749420.0,276096960.0,42.57123,54.933468,0.3993570804595947,1.3771334886550903,0.0,0.0,campuran,38,True,True,False,0.0,False
5134b9706d38,bb3c32ed6955,114365940.0,218035570.0,1174.2792,1096.4581,0.4225423336029053,2.1563010215759277,0.0005622621392831206,0.0,campuran,6,True,True,False,0.00038141748518683016,False
f471ba3e6846,3ce19ba7c760,35857550.0,,369.82806,343.4095,0.8981183767318726,1.905888557434082,0.009403676725924015,1.0,airtanah,31,True,True,False,0.0,False
d8ff2e2be5a2,7d42fa992d89,40637620.0,40637620.0,225.17627,199.00261,0.7921175956726074,3.600747585296631,0.7151592373847961,0.9976967573165894,airtanah,28,True,True,False,0.013424864708213136,False
b216f828920e,bfb175406d6b,60015508.0,60015508.0,93.68832,87.075966,0.4406500458717346,4.318951606750488,0.0,0.0,kilat,51,True,True,False,0.0,False
1b52a2a91bc9,d86ea47c6f6c,72357850.0,4370749400.0,157.45908,205.37875,0.415134459733963,1.9871954917907715,1.4075878425501287e-05,0.0,campuran,1,True,True,False,6.369204811562668e-06,False
c4174de481e3,6c980d63b3ee,79467040.0,79467040.0,78.00961,85.29909,0.11132179945707321,4.072447299957275,1.5700478553771973,1.0,kilat,2,True,True,False,0.005113248247653246,False
1e66947ecd03,34d33f2d1416,189854990.0,189854990.0,912.7545,1047.1627,0.3288237154483795,2.15545654296875,0.01323736272752285,0.0,campuran,34,True,True,False,0.0059308554045856,False
d28842b521fd,627128a53903,99931830.0,225509970.0,28.688099,26.53416,0.987854540348053,0.36538562178611755,0.0027591583784669638,0.0,airtanah,8,True,True,False,0.36716750159393996,True
51b692b7e228,a81dd850e44f,56388588.0,56388588.0,10.292798,8.445469,0.9826825261116028,1.8632334470748901,0.0,0.0,airtanah,19,True,True,False,0.0,False
55a193271da3,39471a05315b,132060920.0,339082400.0,79.230545,75.26224,0.8905478715896606,2.232058048248291,0.0,0.0,airtanah,38,True,True,False,0.0,False
c99150f5eee0,d30b8f2435d3,96161490.0,1118608300.0,2837.8235,3330.374,0.44459202885627747,2.217958688735962,0.0,0.0,campuran,39,True,True,False,0.0,False
c5b189178eef,OUTLET,47510550.0,47510550.0,80.49704,80.522156,0.0,7.0,4.8473920822143555,1.0,irigasi,95,True,True,False,0.0,False
01c87f3b4e97,OUTLET,169373520.0,169373520.0,144.564,157.09457,0.6548811197280884,1.9590935707092285,0.0,0.0,airtanah,96,True,True,False,0.0,False
fa520ffc3e92,a0453c1c11cd,88366104.0,225503420.0,82.30825,87.72193,0.4394296407699585,2.12434983253479,0.0,0.0,campuran,25,True,True,False,0.0,False
bb365ac2c153,3ce19ba7c760,53158388.0,53158388.0,,260.851,0.8772463798522949,1.2375049591064453,0.0,0.0,airtanah,31,True,True,False,0.0,False
fa82bbd8f220,58987fd213fa,-77261930.0,77261930.0,23.474699,22.37146,0.9501802921295166,1.437092900276184,0.0,0.0,airtanah,60,True,True,False,0.0,False
c679f17283d0,10073e346374,219364180.0,381657100.0,771.55133,556.9482,0.9694464206695557,1.017661690711975,0.0,0.0,airtanah,57,True,True,False,0.0,False
241c15a726f1,97248801f8af,59629724.0,348588400.0,1354.5939,1481.1139,0.666580080986023,1.466169834136963,0.0,0.0,airtanah,13,True,True,False,0.0,False
0bc63f95565e,0128a52eae38,41743412.0,148924830.0,35.751217,47.432053,0.9612181186676025,2.454460859298706,0.0,0.0,airtanah,27,True,True,False,0.0,False
d898ed8e37f8,2252801e4183,60491452.0,60491452.0,9.547209,9.3321495,0.3536014258861542,3.082028388977051,0.0,0.0,campuran,55,True,True,False,0.0,False
f7f6a16a32c2,651c47c29853,106559336.0,218147250.0,1099.5817,-1265.5524,0.930694043636322,2.2878668308258057,0.0,0.0,airtanah,3,True,True,False,0.0,False
a0a88c3023df,ec20a2b58da2,135055900.0,135055900.0,207.95935,185.31506,0.9858061075210571,2.5298707485198975,0.005725208204239607,1.0,airtanah,14,True,True,False,0.0,False
e8dd66f0da76,e456462b1537,66076108.0,66076108.0,25.333282,28.855732,0.1282249540090561,3.663654327392578,0.0,0.0,kilat,33,True,True,False,0.0,False
c226ed8fe985,2c1035c9ff98,,186869950.0,2340.9897,2883.1013,0.2539154589176178,2.7604405879974365,0.0002275549340993166,1.0,campuran,6,True,True,False,0.0,False
7b82aacbbced,e9fa26715ea1,104348500.0,104348500.0,62.689224,74.83003,0.9895262122154236,0.8127961158752441,1.3615868091583252,1.0,airtanah,2,True,True,False,0.0,False
0cc5146f2efa,2d7ab8e212bc,136332320.0,1553485400.0,366.72855,309.6304,0.9416182041168213,3.499225378036499,0.05618761107325554,1.0,airtanah,28,True,True,False,0.0,False
ac4e08ecb3bf,f471ba3e6846,131320200.0,238411420.0,257.60822,278.7627,0.9680426120758057,1.6667605638504028,0.6864296793937683,1.0,airtanah,31,True,True,False,0.0,False
b95c46d24844,d3424dd3e778,45222644.0,45222644.0,19.272568,16.471125,0.9990739822387695,2.7656304836273193,0.0,0.0,airtanah,26,True,True,False,0.0,False
d0a7727753e5,90d4dece35fa,76291900.0,76291900.0,89.55537,88.96444,0.2195846438407898,4.184380054473877,0.0,0.0,kilat,37,True,True,False,0.0,False
5229ef99932d,ec3eb6ba1c77,118254190.0,7242132500.0,138.26476,134.94858,0.09866300225257874,2.074467182159424,0.00019359667203389108,0.0,campuran,24,True,True,False,0.00026308163069188595,False
e2f89e30891b,OUTLET,158521170.0,13649454000.0,473.3532,533.5831,0.22287683188915253,1.9662960767745972,0.0,0.0,campuran,41,True,True,False,0.0,False
6a2913bf023c,bb3c32ed6955,41762300.0,130507190.0,646.6912,633.94354,0.3333008289337158,2.1824796199798584,0.0,0.0,campuran,6,True,True,False,0.0,False
b9a8076834ea,e8c6012436bd,,95810904.0,80.827644,84.36139,0.06112990528345108,4.427011013031006,0.6335365772247314,1.0,kilat,37,True,True,False,0.0,False
1afe6d78a597,OUTLET,89748270.0,7434912000.0,318.72284,342.3169,0.08825873583555222,1.7555594444274902,0.001065075513906777,0.0,campuran,16,True,True,False,0.0003855120448861271,False
c9a853d54f5b,54ff69b01cd2,72034470.0,516328300.0,81507.4,80526.98,0.02624000981450081,2.4556667804718018,0.023017505183815956,0.0,campuran,20,True,True,False,0.040028709918260574,False
9f041944e89e,750bf8a55ff2,103781320.0,441189270000.0,80.437996,95.891846,0.010830141603946686,1.8655883073806763,0.00018426489259582013,1.0,campuran,23,True,True,False,8.852144617321756e-08,False
39a48caf8432,0128a52eae38,71871784.0,802791200.0,213.82695,221.57007,0.9887669086456299,2.7121057510375977,0.0,0.0,airtanah,27,True,True,False,0.0,False
f6c126f653db,c917693d7683,65057692.0,277840450.0,120.33914,132.75099,0.49192070960998535,2.8719141483306885,0.0,0.0,campuran,50,True,True,False,0.0,False
dcc4cb047ef7,0115b9ce2510,91869064.0,825973100.0,1799.9912,2000.4083,0.199500173330307,3.0185463428497314,0.00023602001601830125,0.0,campuran,7,True,True,False,0.00015248382987920195,False
3674ccc0a1b8,0e96c81b9f20,114050616.0,511402750.0,4616.1104,4324.563,0.33944007754325867,2.2864270210266113,0.002006692811846733,0.881881594657898,campuran,13,True,True,False,0.00020019402654725127,False
749f4e7c4b11,1b282bc7394e,36746824.0,36746824.0,25.418585,24.30774,0.9719403386116028,3.661860942840576,0.0,0.0,airtanah,26,True,True,False,0.0,False
d12f0de316a0,OUTLET,128170000.0,128170000.0,690.289,786.43896,0.5568709373474121,2.1607186794281006,0.0,0.0,campuran,97,True,True,False,0.0,False
e9fa26715ea1,bf77646a1848,150195070.0,1006067260.0,78.416145,88.527435,0.9751195907592773,1.3155189752578735,0.4817503094673157,0.9945583939552307,airtanah,2,True,True,False,0.0011913121561519802,False
c3c8a78385cb,bd44d3703e08,78755350.0,78755350.0,-44.355946,43.260365,0.8790508508682251,2.6639556884765625,0.0,0.0,airtanah,37,True,True,False,0.0,False
4ee1a7128934,7971f6842ab5,106413460.0,237234690.0,79.80401,81.37359,0.19223105907440186,4.030900478363037,0.0,0.0,kilat,37,True,True,False,0.0,False
d2d9f4d507cc,71b01339374a,36140890.0,36140890.0,15.941308,17.049,0.3178861737251282,2.741201162338257,0.0,0.0,campuran,33,True,True,False,0.0,False
a0de8a0aea6e,6dd873a2f5ad,98044380.0,248063150.0,111.9481,97.457855,0.9892436861991882,1.720613718032837,0.0,0.0,airtanah,12,True,True,False,0.0,False
56bb73ec3580,55996adee9a1,48795784.0,48795784.0,8.526735,7.7458944,0.9903649091720581,2.6321849822998047,0.0,0.0,airtanah,29,True,True,False,0.0,False
99d8b587f254,430d8f7be657,113055170.0,175924060.0,1222.8992,958.0619,0.8598780632019043,1.2684552669525146,0.004421169403940439,0.0,airtanah,4,True,True,False,0.005422405432909727,False
23be96ea86cf,6f2f35bcf35b,154173300.0,7848399000.0,17724.906,15994.221,0.7434617280960083,2.0114023685455322,0.00013539637438952923,0.0,airtanah,14,True,True,False,0.00020706853683805093,False
e14455e22b96,f796c91cdaf2,110367880.0,110367880.0,623.6486,543.42,0.6971107721328735,3.88623046875,0.35630089044570923,0.9958158731460571,campuran,28,True,True,False,0.002748453931417316,False
282b362ec9e7,4edcd8106dac,102389710.0,102389710.0,840.3947,884.9644,0.9132809638977051,2.513812303543091,0.0,0.0,airtanah,18,True,True,False,0.0,False
52d491d34714,35b50534c5fc,70737120.0,70737120.0,382.0675,371.7853,0.9703137874603271,1.2780197858810425,0.0,0.0,airtanah,41,True,True,False,0.0,False
0991478602e4,765b4e05d6a2,114415360.0,1803322800.0,142.55049,166.9628,0.9351580142974854,2.436156749725342,0.0,0.0,airtanah,27,True,True,False,0.0,False
24194ee46eae,db70a1fee3b3,102614936.0,513200640.0,833.6587,860.9876,0.49556535482406616,3.768930673599243,0.0,0.0,campuran,18,True,True,False,0.0,False
42dfa9fd27e3,f09b156e6203,78549656.0,218816910.0,87.55796,93.00523,0.968605637550354,2.866102695465088,0.0,0.0,airtanah,22,True,True,False,0.0,False
4111c8d47510,544dbba5ae2e,61143936.0,133593100.0,758.4207,854.1175,0.09342993050813675,2.898097038269043,0.0065002841874957085,1.0,campuran,6,True,True,False,0.0,False
ead586792d9d,db5f06e259a5,66819870.0,66819870.0,127.651115,141.72144,0.524175226688385,2.190976619720459,3.7343358993530273,1.0,irigasi,64,True,True,False,21.08649253845215,True
179bdeba0c9c,62332697a11d,108303980.0,108303980.0,124.96114,111.7929,0.8580681085586548,0.9513459205627441,7.128951072692871,1.0,irigasi,40,True,True,False,390.37060546875,True
e0a5f84be89b,24194ee46eae,144951340.0,193416500.0,1001.9208,1104.1833,0.5096796751022339,4.114567279815674,0.0034103295765817165,0.0,kilat,18,True,True,False,0.0030284380773082376,False
37422717733e,7825722f885c,97613100.0,316036640.0,119.25938,114.237946,0.5189135670661926,2.558314085006714,0.0,0.0,campuran,24,True,True,False,0.0,False
65b3feca2bb1,4a97d1d4386a,76010616.0,18240174000.0,461.81357,487.048,0.7755361795425415,2.22284197807312,0.0,0.0,airtanah,36,True,True,False,0.0,False
5ea19b8b9582,c019c4600f94,125404380.0,125404380.0,22.809637,22.766895,0.5489933490753174,2.2495083808898926,0.0,0.0,campuran,19,True,True,False,0.0,False
6988c485553e,796630ad89a8,96925450.0,693651460.0,92.831184,100.03199,0.17811639606952667,2.5472359657287598,2.6507935523986816,0.9928879737854004,irigasi,40,True,True,False,3.2352339886128902,True
b2044634f642,072114d5bebd,99496056.0,99496056.0,133.51479,120.63623,0.9876673221588135,1.6700060367584229,0.09676367789506912,1.0,airtanah,36,True,True,False,0.0,False
ed16556213c6,433bb1ec785e,58003364.0,58003364.0,27646.46,28454.215,0.7377700209617615,1.7964844703674316,0.3086473047733307,0.08034279942512512,airtanah,0,True,True,False,0.2222173810005188,False
879822c5bd9f,OUTLET,78796120.0,78796120.0,225.327,206.75514,1.0,2.2076382637023926,0.0,0.0,airtanah,98,True,True,False,0.0,False
8c0e8f9f637b,1470a2daa8c2,101641630.0,101641630.0,16.842772,16.84,0.1978653371334076,3.7227771282196045,0.0,0.0,kilat,23,True,True,False,0.0,False
96e3df0c5314,db8581e7c16d,99950600.0,99950600.0,19.057014,18.996,0.2977057695388794,3.9088869094848633,0.0,0.0,kilat,19,True,True,False,0.0,False
bf77646a1848,12f9a864deeb,108038216.0,1319031200.0,102.79727,99.176575,0.9730321168899536,1.2946891784667969,0.6197105050086975,0.9980395436286926,airtanah,2,True,True,False,0.0006529275269713253,False
eb2d0503a531,139d3e3c2ae6,38602708.0,38602708.0,76.25578,57.261433,0.9986527562141418,0.8172549605369568,0.031791653484106064,1.0,airtanah,45,True,True,False,0.0,False
20383db93885,2e2900286886,55289024.0,55289024.0,20.489687,20.038122,0.9811453819274902,3.1522278785705566,0.0,0.0,airtanah,26,True,True,False,0.0,False
9b229968e67f,657cc76a822f,114063150.0,114063150.0,15.4458275,8.482011,0.84598708152771,0.8565220832824707,0.0,0.0,airtanah,23,True,True,False,0.0,False
abd72c09cc7d,2ba52251573b,83001570.0,83001570.0,50.008167,51.371063,0.0977029874920845,4.183822154998779,0.0,0.0,kilat,29,True,True,False,0.0,False
8b5468853dfb,7b78373f97a7,73346296.0,73346296.0,4766.6763,4390.5103,0.9789363145828247,2.3593804836273193,0.20083793997764587,0.9774314165115356,airtanah,5,True,True,False,0.016670613549649715,False
5dacd5c3fab4,103f43fa31bf,79412030.0,635561150.0,930.2958,949.6278,0.32825979590415955,2.7916879653930664,0.0,0.0,campuran,18,True,True,False,0.0,False
73e300d04f44,651c47c29853,128561864.0,957302900.0,1068.6172,1012.9111,0.9310486912727356,2.334301471710205,0.00012697734928224236,0.0,airtanah,3,True,True,False,0.00011077551607741043,False
505b24c6fce5,e7052c3c6762,69295096.0,69295096.0,41.327602,46.799637,0.9969110488891602,2.8613481521606445,0.0,0.0,airtanah,26,True,True,False,0.0,False
d3510752e43d,cfed0eb6f37d,71766230.0,564523260.0,1149.249,864.5521,0.6296707987785339,4.045343399047852,0.2471597045660019,0.9188504219055176,kilat,22,True,True,False,0.06160786747932434,False
13e92f32a60c,OUTLET,49720116.0,112690024.0,170.66704,209.56598,0.0,1.16298246383667,0.0,0.0,campuran,85,True,True,False,0.0,False
a630b1ff5382,53417efe9137,60850816.0,104644460.0,169.5721,197.9153,0.23556837439537048,6.787411689758301,0.0,0.0,kilat,21,True,True,False,0.0,False
e17e6ab2a747,2d7ab8e212bc,105793590.0,105793590.0,379.56604,366.77667,0.6355298757553101,3.6014413833618164,0.3750149607658386,1.0,campuran,28,True,True,False,0.0,False
78f845b5b0bf,d3fbc8cb47b7,75156190.0,1201067100.0,67.500916,83.16317,0.9739357829093933,2.567241907119751,0.0,0.0,airtanah,27,True,True,False,0.0,False
74444b6ee15e,7b78373f97a7,43864656.0,43864656.0,7129.1587,7385.1953,0.9612423181533813,1.8251861333847046,0.33004385232925415,0.1430908739566803,airtanah,5,True,True,False,0.44060321152210236,True
a718eb7bccc8,4edcd8106dac,73501576.0,73501576.0,788.9906,782.9617,0.9182523488998413,2.488168716430664,0.006262694485485554,0.0,airtanah,18,True,True,False,0.025148717686533928,False
04adbbe97ca1,f0d821656dea,106926696.0,3335580400.0,87.823616,93.74295,0.13195431232452393,1.5919524431228638,0.0,0.0,campuran,25,True,True,False,0.0,False
fa691a9dabf7,12f9a864deeb,90328770.0,90328770.0,77.92221,82.865,0.9449682235717773,0.7881096005439758,3.024003744125366,0.9968996644020081,irigasi,2,True,True,False,0.02154712751507759,False
24404d270aab,56d34c8b4ed1,108555700.0,108555700.0,326.26752,296.7835,0.5758646726608276,3.6598258018493652,3.735027712536976e-05,0.0,campuran,5,True,True,False,2.4625796868349425e-05,False
dbc6640928f9,37170548c04d,120458270.0,120458270.0,69.8827,70.91398,0.9638307094573975,2.539238214492798,0.0,0.0,airtanah,25,True,True,False,0.0,False
255bc820752a,0813f8463d57,112306440.0,264498850.0,9.248568,9.303608,0.04373500496149063,5.491703987121582,0.0,0.0,kilat,23,True,True,False,0.0,False
3e500ca98561,20624fc98c44,87246330.0,749785800.0,2407.3608,2758.8079,0.521357536315918,3.017143964767456,0.0,0.0,campuran,48,True,True,False,0.0,False
4214410616ad,f0d821656dea,125528780.0,125528780.0,109.84098,104.67256,0.555363655090332,2.098435401916504,0.41310206055641174,0.0,campuran,25,True,True,False,0.44032585620880127,True
3df2f035f8ae,ee160fa3144b,100505960.0,21370642000.0,103.822716,117.6191,0.38682758808135986,2.2239127159118652,0.00016863146447576582,1.0,campuran,36,True,True,False,0.0,False
0848431fbdd5,d85956662456,92842560.0,92842560.0,4913.602,4771.413,0.5120874643325806,1.9865586757659912,0.0024811066687107086,0.0,campuran,39,True,True,False,0.0023378198966383934,False
e456462b1537,dcd6d3f487b1,66930816.0,199264560.0,30.206633,28.90172,0.1700560450553894,3.4101223945617676,0.0,0.0,campuran,33,True,True,False,0.0,False
b6695c507840,354d3c8a5eaa,81087840.0,135352220.0,230.50162,243.00249,0.2758599519729614,3.9361250400543213,0.00687817670404911,0.0,kilat,31,True,True,False,0.0152164651080966,False
29c20e6a6ae0,44f8a658e0da,141797570.0,,44.73549,41.612263,0.5643398761749268,3.366719961166382,0.0,0.0,campuran,55,True,True,False,0.0022855683928355575,False
2f303f2ff5b9,522016d3c6af,111704240.0,249719470.0,241.77501,241.17987,0.29108691215515137,2.974766492843628,0.0,0.0,campuran,24,True,True,False,0.0,False
e97ef5a14892,38d4bcf804bf,137759650.0,464319500.0,163.29361,,0.940018892288208,1.9212331771850586,0.0729287639260292,0.0,airtanah,24,True,True,False,0.06634422950446606,False
12ef4331aa14,4ab5692f924a,113679576.0,6704291300.0,188.40791,224.08842,0.6600533723831177,3.0440869331359863,0.008768347091972828,0.9974282383918762,campuran,28,True,True,False,2.0070899836355238e-05,False
c9b7d776a40b,ed5227674248,78892750.0,377567040.0,20.311806,19.85133,0.8741887807846069,1.364741563796997,0.0,0.0,airtanah,8,True,True,False,0.0,False
56a8ae1d07f5,20f93bafeeb7,147186800.0,147186800.0,178.85358,170.31018,0.4902169406414032,2.465585231781006,3.2241218090057373,1.0,irigasi,2,True,True,False,0.7995995283126831,True
b09ee08eb8e0,3aea73b886d0,47931360.0,47931360.0,30271.658,29429.312,0.9077262878417969,2.1828293800354004,0.13196372985839844,0.0,airtanah,14,True,True,False,0.23537568002939224,False
c6866a9b1599,decd1d8173c9,68393540.0,2055444600.0,115.001526,130.115,0.6626111268997192,1.8641555309295654,0.0,0.0,airtanah,1,True,True,False,0.0,False
d543af9d5a28,OUTLET,42760970.0,3359307500.0,54.57543,57.38621,0.0,2.0447819232940674,0.0,0.0,campuran,25,True,True,False,0.0,False
2d7ab8e212bc,2a396e91f6db,50715340.0,6033083400.0,241.51155,238.57503,0.44962161779403687,3.068808078765869,0.0025234208442270756,1.0,campuran,28,True,True,False,0.0,False
3ade6e94c0f7,3adfbea7da75,83340750.0,192127870.0,30.975086,35.570137,0.985986590385437,0.38144806027412415,0.0,0.0,airtanah,8,True,True,False,0.0,False
b59a70173f3b,4553f896833a,60446788.0,60446788.0,17.641493,15.897721,0.9998466372489929,2.0939464569091797,0.0,0.0,airtanah,26,True,True,False,0.0,False
936321965fa1,e023e79b4feb,157744540.0,219997040.0,53.491856,53.69574,0.4594533145427704,2.3251123428344727,0.0,0.0,campuran,42,True,True,False,0.0,False
76f89801955d,206788e39f4d,55229624.0,5052572000.0,85.81359,,0.002277938649058342,1.746275544166565,0.0,0.0,campuran,16,True,True,False,0.0,False
d65d5472f4aa,9789c2de998c,65838536.0,118288800.0,399.8727,490.51035,0.41206857562065125,3.0327725410461426,0.504012942314148,1.0,campuran,31,True,True,False,0.0,False
8d05533ea431,f2847fc9a134,67066424.0,67066424.0,10.612044,11.228852,0.3754737973213196,3.134976625442505,0.0,0.0,campuran,55,True,True,False,0.0,False
9815c0792082,f0b2d680fa83,112455740.0,,309.64175,318.54303,0.49510034918785095,2.6007347106933594,0.0,0.0,campuran,12,True,True,False,0.0,False
aa3720ef2f73,3674ccc0a1b8,79051784.0,126744780.0,2430.389,2297.5393,0.42390474677085876,2.091177225112915,0.02722756192088127,1.0,campuran,13,True,True,False,0.0,False
f5e2c776252d,c6866a9b1599,79935260.0,349838200.0,141.04498,178.2341,0.6100320219993591,1.657439947128296,0.0,0.0,airtanah,1,True,True,False,0.0,False
8a6cd85f8d2e,75a2224e0ba5,74522350.0,74522350.0,14.104969,12.948198,0.9219486713409424,0.7343353033065796,0.0,0.0,airtanah,19,True,True,False,0.0,False
f9d11808efd9,bd7123fac02f,114977420.0,114977420.0,290.5586,25509.324,0.8925721645355225,0.9375908374786377,0.14289137721061707,0.0,airtanah,25,True,True,False,0.12441562861204147,False
3c8191d6d2ca,76270cb312a4,57455316.0,57455316.0,2107.0168,1992.428,0.40321171283721924,2.330357074737549,0.00017169378406833857,0.0,campuran,6,True,True,False,0.00012316110951360315,False
78b818dd5fe9,ee5ea0ab27cc,62733576.0,62733576.0,10.13691,8.796476,0.9933791756629944,1.8307664394378662,0.0,0.0,airtanah,29,True,True,False,0.0,False
354d3c8a5eaa,65a307dabd9d,35068044.0,213270180.0,163.00078,159.57077,0.8225222229957581,3.894089698791504,0.001444369088858366,0.0,airtanah,31,True,True,False,0.012672724202275276,False
90d4dece35fa,e3702141514e,107067470.0,343442100.0,93.97588,117.46178,0.24391603469848633,4.117454528808594,0.0003635409229900688,1.0,kilat,37,True,True,False,0.0,False
1555c61b768e,0b1658cdded4,168876480.0,168876480.0,100.53927,129.81027,0.23831292986869812,3.965679407119751,0.0,0.0,kilat,51,True,True,False,0.0,False
81fc16300e06,35b50534c5fc,63634856.0,63634856.0,243.61298,267.18402,0.9932101964950562,1.5036498308181763,0.0,0.0,airtanah,41,True,True,False,0.0,False
3fcd35218d44,3d6bda13c67f,43706170.0,43706170.0,717.0748,729.6147,0.05075063556432724,3.1025705337524414,0.0,0.0,campuran,7,True,True,False,0.0,False
de552616e21d,OUTLET,69630270.0,69630270.0,0.3192299,0.36957186,0.0,0.0,0.0,0.0,campuran,99,True,True,False,0.0,False
eb9d26f9093d,8923affd7ea7,52378156.0,52378156.0,7.835885,7.886072,0.4875430464744568,3.119913101196289,0.0,0.0,campuran,55,True,True,False,0.0,False
3d0dd60a5b9f,417e5d62c729,91222160.0,91222160.0,822.89685,757.341,0.6763339638710022,3.0685908794403076,0.14846961200237274,1.0,airtanah,36,True,True,False,0.0,False
0e8309569d58,f38a36ca1b68,90971940.0,109262480000.0,24.836,26.865713,0.8793812990188599,2.3493192195892334,0.0,0.0,airtanah,8,True,True,False,1.3200155080994591e-05,False
42dd4857cac6,a81dd850e44f,47159756.0,47159756.0,9.232333,7.38771,0.9912204146385193,0.4923442006111145,0.0,0.0,airtanah,19,True,True,False,0.0,False
35b50534c5fc,92621c1732cf,123697090.0,442941500.0,644.76215,612.97705,0.9853365421295166,1.4625442028045654,0.004986647982150316,1.0,airtanah,41,True,True,False,0.0,False
f51e79888cdf,2a281f04acc9,117452610.0,117452610.0,130.15886,139.89813,0.8027421236038208,1.911433219909668,0.11926770210266113,0.9053270816802979,airtanah,24,True,True,False,0.014761886559426785,False
3e50445156dc,596db41c7a76,78040456.0,,1385.352,1339.1653,0.5691298246383667,2.182868719100952,0.0001470572897233069,0.0,campuran,6,True,True,False,0.00011468461889307946,False
e042f4524ca4,73732998ae84,50056150.0,50056150.0,38.829285,38.358017,0.8126259446144104,2.482945680618286,0.0,0.0,airtanah,37,True,True,False,0.0,False
2257430555ad,2edd73694832,129751464.0,129751464.0,734.94104,884.1302,0.408176064491272,2.1891114711761475,0.0,0.0,campuran,61,True,True,False,0.0,False
8001d49313b7,3c568abc0177,74894430.0,74894430.0,433.5965,485.44882,0.7875022888183594,3.8220534324645996,0.5527139902114868,0.9965559840202332,airtanah,28,True,True,False,0.0009312330512329936,False
e923fa4cc521,46041d758ed9,134708380.0,281281950.0,249.40225,230.38925,0.9119045734405518,1.2041826248168945,0.010161715559661388,1.0,airtanah,45,True,True,False,0.0,False
f8bf0e526cd1,54ff69b01cd2,103960504.0,103960504.0,,109196.88,0.14398758113384247,2.341826915740967,0.3470442295074463,0.0,campuran,20,True,True,False,0.7367043197154999,True
8ad5db637b3a,9fa0b279db20,72434020.0,217425550.0,90402.79,87777.62,0.6386942863464355,1.993377923965454,0.04150734841823578,0.4892270863056183,airtanah,20,True,True,False,0.06561145931482315,False
84299bfac4b2,0f7a3e0435d9,91373260.0,91373260.0,781.8025,728.41284,0.4873218536376953,1.9279512166976929,0.006007850635796785,0.0,campuran,32,True,True,False,0.0012070515367668122,False
b5527a1c5672,a81dd850e44f,68379220.0,5420684300.0,12.924642,12.691521,0.8206189274787903,0.8630346059799194,0.0,0.0,airtanah,19,True,True,False,0.0,False
56d34c8b4ed1,a8a225bd0aab,68632120.0,182531340.0,998.92053,961.6606,0.5448538064956665,3.680731773376465,0.0069073704071342945,0.25655823945999146,campuran,5,True,True,False,0.01022801361978054,False
2b1d4ca227bf,f72dfb05f61e,133529470.0,133529470.0,27.204836,30.15342,0.6717585325241089,3.2262587547302246,0.0,0.0,campuran,42,True,True,False,0.0,False
cf1093ace989,f583a34de175,89161350.0,31832246000.0,1828.3129,1937.568,0.055668774992227554,1.8335634469985962,3.945051048503956e-06,1.0,campuran,48,True,True,False,0.0,False
3543426c1762,15728d5177a6,62318460.0,62318460.0,170.22287,210.3482,0.8330948948860168,3.875985860824585,0.004689791239798069,1.0,airtanah,26,True,True,False,0.0,False
256bdf772296,4f20bd3e14b9,140106290.0,239439820.0,51.106155,56.62083,0.9769368767738342,2.8216073513031006,0.0,0.0,airtanah,26,True,True,False,0.0,False
d6398bad9b16,b7a88d372ae8,97615010.0,97615010.0,1636.662,1188.4236,0.7750574350357056,3.175898551940918,0.0036546564660966396,1.0,airtanah,14,True,True,False,0.0018727286078501493,False
c67544581120,2ba52251573b,119019050.0,119019050.0,26.944435,24.98499,0.913104772567749,4.057335376739502,0.0,0.0,airtanah,29,True,True,False,0.0,False
5b8afd7f4ae5,dd462399a4ba,56817212.0,56817212.0,4326.2803,4456.469,0.5882542133331299,2.9189276695251465,0.0009751733741723001,0.0,campuran,35,True,True,False,0.0008502627024427056,False
0b30eb209cab,27de21bab2d0,103469816.0,103469816.0,2279.5403,2546.5195,0.715333878993988,1.8811171054840088,0.0014991904608905315,0.0,airtanah,3,True,True,False,0.0013886162778362632,False
8d7f076ac4f5,10073e346374,46194336.0,46194336.0,145.33517,122.40688,0.8737499117851257,1.2992935180664062,0.0,0.0,airtanah,57,True,True,False,0.0,False
0cbdbc9d5278,36afa5917900,64511700.0,939924100.0,268.878,238.53432,0.600763201713562,2.93270206451416,0.02888089418411255,1.0,campuran,28,True,True,False,0.0,False
2e89d49fc2f2,42dfa9fd27e3,146758510.0,146758510.0,169.95451,164.10556,0.8735805749893188,2.9041569232940674,0.0,0.0,airtanah,22,True,True,False,0.0,False
48b1a7743131,b3a40063a19c,126394010.0,126394010.0,74.10221,111.591194,0.8757786154747009,1.7636027336120605,0.0,0.0,airtanah,23,True,True,False,0.0,False
1fac45bd9fe9,7b625c4cf25a,107273740.0,107273740.0,33.92387,32.603607,0.8814010620117188,2.3272790908813477,0.0,0.0,airtanah,42,True,True,False,0.0,False
2da759adb967,c4135e76f3bc,,90874640.0,64.541725,80.52248,0.8070839643478394,2.567185401916504,0.0,0.0,airtanah,38,True,True,False,0.0,False
f447982f5816,339a6635dab8,71605440.0,71605440.0,12.535773,13.61792,0.988842248916626,0.3999754786491394,0.0,0.0,airtanah,19,True,True,False,0.0,False
de2985a004e1,23be96ea86cf,69782690.0,467769180.0,2398.7222,2473.6865,0.9841464757919312,1.8303182125091553,0.0,0.0,airtanah,14,True,True,False,0.0,False
3234d51f0150,02bc84e39b61,201529760.0,201529760.0,1668.3179,2072.4326,0.5769064426422119,2.0744566917419434,0.003623735625296831,1.0,campuran,1,True,True,False,0.0,False
c0fc0ce7a3a3,4e4a77962bee,52766820.0,52766820.0,137.77904,158.65453,0.7109242677688599,2.5653622150421143,0.7784002423286438,1.0,airtanah,26,True,True,False,0.0,False
b1384770b0e6,OUTLET,71567940.0,3438296800.0,,2441.1174,0.19727931916713715,2.093352794647217,0.0008238579612225294,0.3117939829826355,campuran,6,True,True,False,0.00036455868394114077,False
5d602098afa3,b9e0c6c98caf,72637900.0,12099654000.0,42.20412,55.620277,0.9261441230773926,1.5590111017227173,0.0,0.0,airtanah,19,True,True,False,0.0,False
ee5ea0ab27cc,b6d3dd1a2061,110361816.0,795922400.0,17.685549,18.17409,0.9645125865936279,0.9596436023712158,0.0,0.0,airtanah,29,True,True,False,0.0,False
35c67534f905,f561e9b9a363,41894996.0,41894996.0,7.206006,7.433513,0.04436223953962326,5.114047050476074,0.0,0.0,kilat,23,True,True,False,0.0,False
58db4a3635b6,85338fb15280,62975612.0,62975612.0,,40120.434,0.8212740421295166,2.3139753341674805,1.1153290271759033,0.11734502017498016,airtanah,22,True,True,False,1.196421504020691,True
31a377b0b9b3,a29246db5458,31365762.0,31365762.0,559.22955,604.2871,0.23150882124900818,2.9032647609710693,0.0013534005265682936,0.0,campuran,7,True,True,False,0.000952237198362127,False
163fd48c7da7,eb86a06b57de,61284784.0,61284784.0,259.26,249.89157,0.14422117173671722,3.8218908309936523,2.9499549865722656,1.0,irigasi,2,True,True,False,0.0,False
5ea931db8cda,75a2224e0ba5,146823520.0,3955974400.0,26.626114,24.428644,0.8107503652572632,0.9618284106254578,0.0,0.0,airtanah,19,True,True,False,0.0,False
3b0161c81691,09443c9cb786,64418984.0,64418984.0,52951.887,56605.07,0.700232744216919,2.2511446475982666,0.8062146306037903,0.4886082112789154,airtanah,22,True,True,False,0.6716973930597305,True
d655b911a875,4e242bfdb7d1,61117124.0,61117124.0,106.05723,99.09283,1.0,1.3826630115509033,0.0,0.0,airtanah,25,True,True,False,0.0,False
da93d0f5cd31,e0cbc5a6cdf9,207443470.0,438613630.0,298.70224,300.21924,0.828179657459259,3.3461761474609375,0.0,0.0,airtanah,51,True,True,False,0.0,False
8b67af25f310,1b52a2a91bc9,90415096.0,364961180.0,261.6177,287.5351,0.6701229810714722,1.9798023700714111,0.0,0.0,airtanah,1,True,True,False,0.0,False
f4ad49551cf6,OUTLET,72138376.0,72138376.0,120.655716,129.40344,0.02104208804666996,4.717763900756836,0.0,0.0,kilat,100,True,True,False,0.0,False
92432ba08a86,442a8bd10d17,31289294.0,153898380.0,2126.6062,2119.5957,0.25144660472869873,2.6250040531158447,0.009792456403374672,0.0,campuran,7,True,True,False,0.008394977310672402,False
1a47d7ffe23b,2840ec3950da,88199590.0,543619000.0,72.87947,77.27811,0.2516593635082245,2.4635515213012695,0.0,0.0,campuran,25,True,True,False,0.0,False
b3f27e1a4885,dc920ce8b731,108671660.0,108671660.0,141.11797,124.0939,0.8995020389556885,0.7987038493156433,4.390458583831787,1.0,irigasi,40,True,True,False,0.0,False
37cefcc45af4,3acecacbdd1b,71944970.0,71944970.0,605.0922,567.75476,0.9439060688018799,3.1670291423797607,0.14393916726112366,1.0,airtanah,5,True,True,False,0.013775850104138954,False
40d12a09d851,7e1f95ee3c1e,118046420.0,1529406200.0,2524.0059,2591.7217,0.3678874969482422,2.146662712097168,0.0001952825696207583,0.0,campuran,6,True,True,False,0.00012706228517345153,False
20624fc98c44,068eca49332e,67185490.0,888464450.0,6705.116,7213.3784,0.6118816137313843,2.8205368518829346,0.005023493431508541,0.0,campuran,48,True,True,False,0.005899452371522784,False
123c888eb78d,d5cb9a3a871c,40911560.0,40911560.0,53.416714,58.994682,0.6288874745368958,2.056882381439209,0.0,0.0,airtanah,24,True,True,False,0.0,False
27de21bab2d0,3407ec54be6a,85331704.0,8506343400.0,6626.126,6178.538,0.6748175621032715,2.645627737045288,0.0005137157859280705,0.0,airtanah,3,True,True,False,0.0003360529153724201,False
3e0df4d782f3,d418015a4978,137496830.0,137496830.0,266.63,256.49265,0.7699655294418335,1.8818415403366089,0.007401607930660248,1.0,airtanah,41,True,True,False,0.0,False
f36a3efee779,3bfdf5a051b5,107362500.0,107362500.0,0.0,0.0,0.022138934582471848,6.019352912902832,0.0,0.0,kilat,23,True,True,False,0.0,False
0128a52eae38,78f845b5b0bf,35919860.0,1007498750.0,29.686705,42.616985,0.9523023366928101,2.5650463104248047,0.0,0.0,airtanah,27,True,True,False,0.0,False
207943d4f53c,3c53eca0500c,102008880.0,102008880.0,1178.8147,1071.25,0.4134121835231781,3.9657301902770996,0.4723186492919922,0.9432434439659119,kilat,1,True,True,False,0.012746942229568958,False
aab6754263b4,241c15a726f1,,309487800.0,2140.4163,2110.9568,0.6949434280395508,1.4049755334854126,0.002193883527070284,0.0,airtanah,13,True,True,False,0.0015064995386637747,False
4058a450836e,2d2806c3d6e2,150523150.0,1344851600.0,24.80304,30.257137,0.9940217733383179,1.1217458248138428,0.0,0.0,airtanah,19,True,True,False,0.0,False
58ca0a2f6043,f53b5f0354a1,124111464.0,15349114000.0,22486.875,20449.77,0.886107325553894,2.047703266143799,0.007334973197430372,0.3754037320613861,airtanah,31,True,True,False,0.014249088242650032,False
d0df58dfc0d9,29da08e30354,39579996.0,129439970.0,282.1443,289.08832,0.19616104662418365,1.936051607131958,0.0,0.0,campuran,7,True,True,False,0.0,False
3bb4661b0a9b,54ff69b01cd2,108455670.0,299825280.0,200840.1,196784.36,0.07356210052967072,2.4359726905822754,0.23312696814537048,0.0,campuran,20,True,True,False,0.2826400697231293,False
68be8a2c5a7e,7b625c4cf25a,100073450.0,100073450.0,30.97762,,0.8069819211959839,2.2108047008514404,0.0,0.0,airtanah,42,True,True,False,0.0,False
974cbb9954be,e0211ae17100,121077816.0,121077816.0,167.73668,144.21317,0.9956477880477905,2.483217239379883,0.0,0.0,airtanah,26,True,True,False,0.0,False
ce1b8620be79,bd493611cc72,122695200.0,122695200.0,82.89102,105.570175,0.9434673190116882,2.116882085800171,0.0,0.0,airtanah,38,True,True,False,0.0,False
7d92a7bc856b,d6046995f1e0,152854660.0,152854660.0,95.206535,94.58833,0.25149837136268616,2.72705340385437,0.0,0.0,campuran,8,True,True,False,0.0,False
6b8845811b9c,e2f89e30891b,63848530.0,63848530.0,305.86942,310.39282,0.5054420232772827,2.7099170684814453,0.0,0.0,campuran,41,True,True,False,0.0,False
e1800d5fedf5,439453c9fd13,47530132.0,1005575230.0,91.393196,103.15481,0.8173502683639526,1.886031150817871,0.0,0.0,airtanah,1,True,True,False,0.0,False
0a48a7d11618,2f175070e0d8,112707680.0,2480328000.0,949.00464,1224.3536,0.7498811483383179,2.731269598007202,0.003065133932977915,0.8415371775627136,airtanah,5,True,True,False,0.001037802270730026,False
37094403d150,fb697bf55df6,,39942256.0,5.8512216,5.8305078,0.9912244081497192,1.677902102470398,0.0,0.0,airtanah,29,True,True,False,0.0,False
4f649e0398fc,540c341de8e5,89275736.0,891675800.0,547.37396,526.13275,0.5229300260543823,1.3752771615982056,0.000776782282628119,1.0,campuran,31,True,True,False,0.0,False
d34c6299dbcb,8ad5db637b3a,37922452.0,37922452.0,13919.293,12948.071,0.4192794859409332,2.316735029220581,0.1941215842962265,0.4326934814453125,campuran,20,True,True,False,0.19510198384523392,False
918389662c7c,ac0addd95013,82933010.0,,241.05817,279.1489,0.799577534198761,1.9681282043457031,0.0,0.0,airtanah,1,True,True,False,0.0,False
1912aad9948c,25928a238664,95652590.0,209571520.0,883.62836,916.2324,0.7073495388031006,3.6706597805023193,0.2240959107875824,0.9820607900619507,campuran,28,True,True,False,0.0030350777960848063,False
ac457458ee18,60247d857ef3,69098550.0,221907970.0,221.5192,193.965,0.9917751550674438,0.7257239818572998,0.10411593317985535,1.0,airtanah,45,True,True,False,0.0,False
3c3e15636390,60567fa30810,153145420.0,153145420.0,1857.422,1923.6058,0.07876826822757721,4.398929119110107,0.002522877650335431,0.0,kilat,34,True,True,False,0.0011248270166106522,False
f63c37608ac4,83adecd10fa0,46309972.0,46309972.0,708.4176,619.4322,0.15083502233028412,4.9740471839904785,0.016338415443897247,0.0,kilat,18,True,True,False,0.011806604452431202,False
f092cfd0cd14,771dd4e6294f,46177080.0,287481730.0,8.764502,8.437869,0.7094453573226929,0.7549050450325012,0.0,0.0,airtanah,19,True,True,False,0.0,False
9639e7bb9ad3,39a48caf8432,72492350.0,72492350.0,207.2072,,0.9924113750457764,2.276062488555908,0.004482428077608347,1.0,airtanah,27,True,True,False,0.0,False
e00a7ffd2f13,3c3e1ac64643,40640260.0,115636600.0,279.31976,318.80322,0.12382057309150696,3.0349206924438477,0.0,0.0,campuran,7,True,True,False,0.0,False
87d26c23cb57,a6921d441854,121512500.0,,483.46518,375.83835,0.9624017477035522,1.4716981649398804,0.3301883935928345,1.0,airtanah,36,True,True,False,0.04315955936908722,False
6643fbdc1bf7,175db4eeb0ae,104760184.0,104760184.0,,95.50217,0.7772788405418396,3.3980720043182373,0.0,0.0,airtanah,37,True,True,False,0.0,False
1b8859fd920b,8a976a329d7d,67033890.0,67033890.0,267.8723,277.95044,0.7874616384506226,1.517963171005249,0.0,0.0,airtanah,1,True,True,False,0.0,False
3366b24ac6c7,b9e709adcaae,68378480.0,551518660.0,11.067906,13.016471,0.6075426936149597,1.8128949403762817,0.0,0.0,airtanah,19,True,True,False,0.0,False
b09d18bc4a04,e0a5f84be89b,48802020.0,48802020.0,343.50525,354.9731,0.6226873397827148,4.0847249031066895,0.002811971353366971,0.0,kilat,18,True,True,False,0.002789379737805575,False
f0f4dbac3030,3e50445156dc,92011880.0,1874603000.0,972.3045,870.9033,0.39380037784576416,2.1927270889282227,7.65773729654029e-05,0.0,campuran,6,True,True,False,5.183306711842306e-05,False
2ae5f31629f0,7e49aee37a38,75591590.0,75591590.0,86.410225,69.789246,0.7495019435882568,2.9048168659210205,0.007437650579959154,1.0,airtanah,26,True,True,False,0.0,False
0408c042fc4f,b9e0c6c98caf,48320440.0,48320440.0,10.83862,10.617371,0.9254122972488403,0.7666435837745667,0.0,0.0,airtanah,19,True,True,False,0.0,False
ea4ded239e39,9e8352eefd27,53484404.0,268952450.0,382.3338,351.37875,0.5536521673202515,2.966681957244873,0.0,0.0,campuran,31,True,True,False,0.0,False
06a2b75662ec,c804f99923ff,70332140.0,70332140.0,140.47343,111.645706,0.998396635055542,0.6017317175865173,0.12853549420833588,1.0,airtanah,45,True,True,False,0.0,False
7b625c4cf25a,OUTLET,266794130.0,3283983400.0,114.78071,102.57402,0.745916485786438,2.408389091491699,0.0,0.0,airtanah,42,True,True,False,0.0,False
2c1035c9ff98,b1384770b0e6,107480216.0,903250100.0,4833.508,5077.165,0.5025931000709534,2.1355178356170654,0.0025389096699655056,0.5909881591796875,campuran,6,True,True,False,0.0006606910610571504,False
989f34813595,3407ec54be6a,41788144.0,156936100.0,436.81442,489.83212,0.7057574987411499,1.8255157470703125,0.0,0.0,airtanah,3,True,True,False,0.0,False
18d6a2d39d71,872738ed0bfd,30880634.0,30880634.0,589.17444,585.93695,0.18664182722568512,2.584677219390869,0.0,0.0,campuran,7,True,True,False,0.0,False
a6921d441854,65b3feca2bb1,133869820.0,18370392000.0,1935.5917,1855.3606,0.7107083797454834,2.2408154010772705,0.0085253631696105,0.9930298328399658,airtanah,36,True,True,False,0.0011610444344114512,False
21991434616d,c4d53adbfe17,61651692.0,61651692.0,310.77454,279.6345,0.03582236170768738,4.435026168823242,0.0,0.0,kilat,31,True,True,False,0.0,False
8fa6452319c5,383d6b2dd1ab,90877440.0,90877440.0,73.95618,51.729553,0.9987615942955017,0.4758338928222656,0.0,0.0,airtanah,12,True,True,False,0.0,False
8cec841e0b2b,bf2f04893a03,47251040.0,47251040.0,428.4735,320.48654,0.9962636232376099,2.8839499950408936,0.11513599008321762,1.0,airtanah,14,True,True,False,0.3391973488032818,True
7079a4f613f1,8c0e003d1f04,151874290.0,151874290.0,20781.5,473.01587,0.9822648167610168,2.1084070205688477,0.0184458177536726,1.0,airtanah,14,True,True,False,0.003796947537921369,False
0525a6d971ce,f8ba90698d6a,,95587840.0,331.37732,364.6404,0.6522912979125977,2.672039270401001,0.0008932454511523247,0.0,airtanah,1,True,True,False,0.000258214415225666,False
52501b5e1d99,9fc80dced7b9,66954830.0,66954830.0,12.836973,11.918187,0.7063109278678894,2.4871442317962646,0.0,0.0,airtanah,19,True,True,False,0.0,False
801ba7e9a312,c6e2a5784d8f,129210300.0,129210300.0,515.3447,548.66754,0.7675930261611938,3.4240705966949463,0.7181258201599121,0.9984774589538574,airtanah,28,True,True,False,0.0022102869115769863,False
087f6e268b14,d18130fd1902,73493064.0,73493064.0,1106.9407,1206.3416,0.4893898367881775,2.10422945022583,0.0,0.0,campuran,48,True,True,False,0.0,False
d18130fd1902,e9ba0a5a1c1f,88009980.0,161230140.0,1701.6819,2016.279,0.3096481263637543,2.5836293697357178,0.0,0.0,campuran,48,True,True,False,0.0,False
b9e0c6c98caf,339a65eee73f,163341650.0,13208228000.0,176.17075,192.56801,0.9461771845817566,1.5060170888900757,0.0,0.0,airtanah,19,True,True,False,0.0,False
0f56c23e3e10,54ff69b01cd2,55259250.0,920129300.0,138580.22,123149.15,0.09870036691427231,1.9974441528320312,0.04043181240558624,0.0,campuran,20,True,True,False,0.05860850028693676,False
c664484fabc1,7b625c4cf25a,80624040.0,80624040.0,23.085442,22.234854,0.2819456458091736,3.650658369064331,0.0,0.0,campuran,42,True,True,False,0.0,False
e3702141514e,e8c6012436bd,107132350.0,5294534000.0,2478.2952,2842.1504,0.3955819606781006,2.7583863735198975,0.0665503516793251,0.7567055821418762,campuran,37,True,True,False,0.034900348633527756,False
8141e5771e13,1249f4dabc9d,33026690.0,33026690.0,197.73164,215.72096,0.2018103450536728,1.9429402351379395,0.0,0.0,campuran,7,True,True,False,0.0,False
c0b2e63c333c,35b50534c5fc,87447730.0,87447730.0,421.2804,459.8735,0.9935218691825867,1.0147359371185303,0.08901962637901306,1.0,airtanah,41,True,True,False,0.0,False
857a2b6963a6,699b6c241d91,94028030.0,261011680.0,25.188099,26.159111,0.939258337020874,1.0193895101547241,0.0,0.0,airtanah,19,True,True,False,0.0,False
c9df98e4b6c0,706f54f0f9d6,47667450.0,47667450.0,0.0,0.0,0.016915880143642426,6.425682544708252,0.0,0.0,kilat,23,True,True,False,0.0,False
53d421a77708,58987fd213fa,91608344.0,91608344.0,28.458748,26.461765,0.9433189034461975,1.1968276500701904,0.0,0.0,airtanah,60,True,True,False,0.0,False
630a5577cc9c,8b50b8bb0dde,35000972.0,35000972.0,399.1722,373.28033,0.1770811825990677,3.1381475925445557,0.0071880510076880455,0.0,campuran,7,True,True,False,0.005579315358772874,False
0dea75439537,c64b65750102,97507080.0,529541380.0,195.213,212.67519,0.7905709147453308,2.1384432315826416,0.11290806531906128,1.0,airtanah,38,True,True,False,0.0,False
6b53ed6fd719,a0de8a0aea6e,146753280.0,146753280.0,189.60065,185.57265,0.9923585653305054,1.8789656162261963,0.0,0.0,airtanah,12,True,True,False,0.0,False
339a65eee73f,0107be330d6d,296181200.0,13314151000.0,52.479424,58.41805,0.8959333300590515,1.4755805730819702,0.0,0.0,airtanah,19,True,True,False,0.0,False
8c5268e8af8c,ba8aec9b0cce,54765980.0,54765980.0,451.6985,476.2001,0.91399085521698,3.4289252758026123,0.006008426658809185,0.0,airtanah,18,True,True,False,0.005329090636223555,False
36eada2b9bc6,bf9ea08887ad,95853190.0,95853190.0,85.358055,79.88144,0.9860008955001831,0.9417401552200317,0.0,0.0,airtanah,12,True,True,False,0.0,False
64879c0d8f8f,1683a63703da,85672410.0,85672410.0,9.802551,9.830303,0.9559322595596313,1.118560552597046,0.0,0.0,airtanah,60,True,True,False,0.0,False
de50c86f33aa,099b13414d2c,127614060.0,273840670.0,53.52369,54.983704,0.1418170928955078,3.2428979873657227,0.054490093141794205,0.0,campuran,40,True,True,False,0.08746863901615143,False
2d8941cf8a7e,9ffbef6dfa4a,73101700.0,147549710.0,386.96902,230.3197,0.9866876006126404,0.46264541149139404,0.0,0.0,airtanah,31,True,True,False,0.0,False
10eca6016ff1,049713d533a1,66155800.0,66155800.0,10.841804,9.579847,0.6419256925582886,0.9975719451904297,0.0,0.0,airtanah,29,True,True,False,0.0,False
18e75fa9130c,95de199c785f,42491784.0,42491784.0,30.26083,28.085224,0.4924769997596741,1.50229811668396,0.0,0.0,campuran,16,True,True,False,0.0,False
d51882526f98,53b80685aec0,112755310.0,169949460.0,4.1296816,,0.34621745347976685,2.996093511581421,0.0,0.0,campuran,56,True,True,False,0.0,False
d2dcc88db600,bf665b601daf,109367230.0,510658800.0,147.48772,133.63022,0.984342634677887,1.087958812713623,0.0,0.0,airtanah,12,True,True,False,0.0,False
3edb13db4c37,eb86a06b57de,90293390.0,90293390.0,258.06488,251.03955,0.006600709166377783,5.681818008422852,2.198012351989746,0.9999309778213501,irigasi,2,True,True,False,0.0198043379932642,False
d26774087586,800383a1bb95,54370090.0,260923420.0,50.55923,51.456406,0.7964670658111572,2.236423969268799,0.0,0.0,airtanah,37,True,True,False,0.0,False
7ce5fdf3390d,89b63840be75,104260936.0,,101.06351,100.51653,0.14709556102752686,3.982943058013916,0.0,0.0,kilat,37,True,True,False,0.0,False
0f9509408cf8,31f4b7b45397,96267750.0,3320280000.0,941.3903,945.7545,0.6475000977516174,2.593082904815674,6.902408495079726e-05,1.0,airtanah,5,True,True,False,1.8170832845498808e-05,False
37170548c04d,888c59e3b180,131637540.0,1131473300.0,107.37149,,0.9658490419387817,1.2131679058074951,0.0,0.0,airtanah,25,True,True,False,0.0,False
613c3dfb080c,765b4e05d6a2,42711010.0,42711010.0,56.67076,62.685356,0.9593971967697144,1.4025473594665527,0.0,0.0,airtanah,27,True,True,False,0.0,False
490836fbccfd,256bdf772296,60853556.0,60853556.0,24.125319,22.290573,0.8774713277816772,3.2932257652282715,0.0,0.0,airtanah,26,True,True,False,0.0,False
4a97d1d4386a,313a2ddba11d,68996664.0,18502754000.0,320.22223,352.9052,0.7732198238372803,2.22482967376709,1.4526778613799252e-05,1.0,airtanah,36,True,True,False,0.0,False
54de7f4c319b,dd87f21eff92,319154340.0,2061336400.0,3329.0718,2992.509,0.6345738172531128,2.725715160369873,0.0010559549555182457,0.6336452960968018,campuran,66,True,True,False,0.002260067733004689,False
c389979ae149,85234a1fae86,73946330.0,174154770.0,147.96736,146.59671,0.6273032426834106,1.4761464595794678,0.0,0.0,airtanah,12,True,True,False,0.0,False
2bb3cd68bb78,ad3ff5ae79b5,71176290.0,71176290.0,73.12068,77.222466,0.7598469257354736,3.1651737689971924,0.5031903386116028,0.9970395565032959,airtanah,41,True,True,False,0.013460380025207996,False
f58108083d3b,3b717d291f4a,72918490.0,72918490.0,22.418406,16.305235,0.6692593097686768,1.657348871231079,0.0,0.0,airtanah,23,True,True,False,0.0,False
3859c6f41bc0,b51648b33c45,81567464.0,81567464.0,13.029664,11.918219,0.9845588803291321,1.8450820446014404,0.0,0.0,airtanah,29,True,True,False,0.0,False
a39e1d1ccc3e,dc920ce8b731,90772290.0,90772290.0,113.15145,123.495186,0.9185893535614014,0.8080281019210815,0.0,0.0,airtanah,40,True,True,False,0.0,False
45d7e4f712fb,a6864b88d728,100352040.0,100352040.0,764.2557,728.5215,0.9198501706123352,3.6039035320281982,0.20361579954624176,0.9938924312591553,airtanah,5,True,True,False,0.027400479681091383,False
823019fc29a2,cad20374259e,52594390.0,52594390.0,19.19539,19.644361,0.07227396219968796,4.344843864440918,0.0,0.0,kilat,33,True,True,False,0.0,False
f19100af37ba,f0f4dbac3030,80992270.0,169746480.0,1240.5231,1382.0416,0.47794920206069946,2.15628981590271,0.0,0.0,campuran,6,True,True,False,0.0,False
28c770dbc428,f3163f1a96ef,113067784.0,113067784.0,34.58862,34.963684,0.5497013330459595,3.465836524963379,0.0,0.0,campuran,42,True,True,False,0.0,False
86bb156b517c,b05caf218293,123774550.0,119174650000.0,59.586,64.8181,0.5897578597068787,2.3281137943267822,0.0,0.0,campuran,8,True,True,False,0.0,False
214d0ad7b17b,414da0775070,68500270.0,1040328800.0,20.22452,20.257164,0.9994713068008423,2.8697824478149414,0.0,0.0,airtanah,26,True,True,False,0.0,False
8614e121f8cf,99d8b587f254,58422930.0,58422930.0,63258.086,60195.98,0.8838988542556763,1.2505050897598267,0.18179944157600403,0.0,airtanah,4,True,True,False,0.2636471837759018,False
8a976a329d7d,fbcc006795a6,103535300.0,174399900.0,387.23276,455.26572,0.7563288807868958,1.5323152542114258,0.0,0.0,airtanah,1,True,True,False,0.0,False
18ed53c72146,430d8f7be657,119280840.0,376961400.0,269142.62,260161.84,0.8201181888580322,1.356043815612793,0.17651651799678802,0.0,airtanah,4,True,True,False,0.22736473381519318,False
e7be847967ba,5c05a61445a9,81720920.0,4732340700.0,255.14497,232.53882,0.1498061567544937,1.9360747337341309,0.0,0.0,campuran,17,True,True,False,0.0,False
f7b5da23cc52,c6cbc83e2fcf,124787080.0,1146374100.0,1021.17535,966.7659,0.5839304029941559,1.799299418926239,0.4697205126285553,0.9824422597885132,airtanah,101,False,True,True,0.011807741597294807,False
5c646147c07a,00f1c0e1e810,55589772.0,55589772.0,793.8274,793.07056,0.16525856405496597,4.775625467300415,0.0,0.0,kilat,102,False,True,True,0.0,False
30d9e79c406f,c70dd7b9f234,125739064.0,125739064.0,3290.48,2847.7366,0.26190777122974396,2.758493185043335,0.012441477738320827,0.9960599541664124,campuran,103,False,True,True,3.670424848678522e-05,False
3582476e8e3c,a2ab02e1d8ad,56251270.0,1560661100.0,123.57447,109.193375,0.924054890871048,2.7721452713012695,0.0,0.0,airtanah,104,False,True,True,0.0,False
375636b1895c,15c10557e190,129401940.0,260615650.0,2402.367,2906.2554,0.4038763791322708,3.1875146627426147,0.0027816754300147295,0.0,campuran,105,False,True,True,0.001680597080849111,False
b24c81bd3a80,ee4af836635b,152094300.0,1816253200.0,2380.9688,3281.2961,0.19028552621603012,3.2182302474975586,0.00023475638590753078,0.0,campuran,105,False,True,True,0.00024563720216974616,False
98f09001ffa0,c0a7df23e797,54424050.0,651501400.0,994.0177,1226.689,0.10876595973968506,2.790223240852356,0.0,0.0,campuran,106,False,True,True,0.0,False
ccf2462af510,4ac73a6c56de,99557550.0,99557550.0,40.79637,40.57692,0.7702503502368927,1.9461669921875,0.047036441043019295,1.0,airtanah,107,False,True,True,0.02101411111652851,False
88d8eb7171b9,98f09001ffa0,79759250.0,172587570.0,909.974,878.55084,0.10318006947636604,2.9044429063796997,0.005382623290643096,0.0,campuran,106,False,True,True,0.00865169963799417,False
5fd5bd0ce26e,feddeb35eb1c,113309090.0,680884000.0,14043.913,14692.123,0.3889569193124771,2.253012180328369,0.0,0.0,campuran,108,False,True,True,0.0,False
d78b5de61a86,9e3e64071560,120596590.0,472759200.0,1621.3798,1570.1154,0.3320641964673996,2.9290164709091187,0.0,0.0,campuran,108,False,True,True,0.0,False
4592d33ebb6d,9a2e781f4207,143883790.0,1791855400.0,123.65081,141.49643,0.5277398824691772,1.6318350434303284,0.24081095308065414,1.0,campuran,109,False,True,True,0.0,False
67157a0be7ab,e85a85bd560b,96519770.0,243660820.0,445.63672,419.4052,0.8527927100658417,2.3267743587493896,0.03978606313467026,0.0,airtanah,110,False,True,True,0.08714519813656807,False
62a152c23ca0,e873ba9c5a26,53849470.0,53849470.0,520.87286,532.34674,0.05892650783061981,4.142625093460083,0.0,0.0,kilat,106,False,True,True,0.0,False
f7603fd0b0ba,bb795f9be663,74796840.0,5338657300.0,2314.3977,1875.9221,0.3623090237379074,1.9827078580856323,0.00018989096861332655,0.8786942362785339,campuran,111,False,True,True,1.8779535821522586e-05,False
7276ab31062a,6ec725c5598f,139223420.0,517461800.0,4646.1914,4644.168,0.4600592851638794,2.332032084465027,0.0012051847879774868,0.0,campuran,108,False,True,True,0.001266414183191955,False
79174810858a,7f61a1c41067,105764460.0,105764460.0,,3100.286,0.22829190641641617,3.103145122528076,0.0,0.0,campuran,105,False,True,True,0.0,False
b72736802444,c7dc744d3f81,47696170.0,47696170.0,233.61604,204.63846,0.17035940289497375,2.6216304302215576,0.0,0.0,campuran,106,False,True,True,0.0,False
83dab4f41356,07b7cb45b3bf,47145770.0,171838400.0,251.71011,257.513,0.9673269093036652,0.5736039727926254,0.009035096503794193,1.0,airtanah,112,False,True,True,0.0,False
3715d0b7e00a,40172f9f230e,158250660.0,158250660.0,180.73819,206.0187,0.4871930330991745,3.21122670173645,0.0,0.0,campuran,113,False,True,True,0.0,False
cbc64897a163,a7b0fa79b637,55813604.0,55813604.0,,2287.9988,0.016511760652065277,3.7161190509796143,0.0,0.0,kilat,108,False,True,True,0.0,False
64ae011ba7a9,2620c4170473,149917520.0,242522400.0,26111.27,20622.629,0.4146183282136917,1.8206334114074707,0.014026866294443607,0.0,campuran,108,False,True,True,0.018878794740885496,False
06aebd581eaf,af239ca5243b,57666440.0,208185280.0,574.84595,575.2949,0.42448972165584564,3.9640835523605347,0.0,0.0,kilat,114,False,True,True,0.0,False
2cae6c759552,12d0bca45ee7,71721656.0,71721656.0,1646.4952,1724.0181,0.33791472017765045,3.5574084520339966,0.0,0.0,campuran,105,False,True,True,0.0,False
081e04819c24,4592d33ebb6d,119152696.0,203485870.0,20.905588,24.423853,0.9068885445594788,0.9171518683433533,0.6657845377922058,1.0,airtanah,109,False,True,True,0.0,False
9a503e27c767,d4b471b36960,111460420.0,111460420.0,933.07196,1020.30133,0.5288731455802917,3.79794704914093,0.008124943589791656,1.0,campuran,111,False,True,True,0.0,False
dec4f001fb2a,b4b15292ee61,163345000.0,889356600.0,144.17892,143.03395,0.9931654334068298,2.006262719631195,0.0002706104423850775,0.5,airtanah,113,False,True,True,0.0,False
efacbb1c2df0,db5b4ed64d08,53925260.0,53925260.0,1018.5688,,0.9806912243366241,2.233900785446167,0.0,0.0,airtanah,104,False,True,True,0.0,False
d4b471b36960,405373177576,84216744.0,554901000.0,1096.9708,1080.1222,0.558745726943016,3.5578707456588745,0.006002078065648675,0.8330126106739044,campuran,111,False,True,True,0.0003304860438220203,False
a372be302274,fe1dfd151c08,91729960.0,91729960.0,1176.3723,1103.3608,0.05434868857264519,5.317105054855347,0.0,0.0,kilat,115,False,True,True,0.0,False
d7bc372a7578,eaee84b5a4c4,54193308.0,54193308.0,13.8478565,15.114146,0.8766253590583801,1.6970250606536865,0.0,0.0,airtanah,109,False,True,True,0.0,False
a648d20c0851,f064d251a172,40799164.0,40799164.0,6546.921,5470.7783,0.35229073464870453,2.135769844055176,0.033966707065701485,0.0,campuran,108,False,True,True,0.05031008739024401,False
c0a7df23e797,a4a6979c4ff6,108537784.0,811287700.0,830.31323,777.4925,0.11962056159973145,3.5842647552490234,0.000764561933465302,0.0,kilat,106,False,True,True,0.0006798388785682619,False
eab1235c1921,5e286e57d269,75444520.0,4051701500.0,2839.377,2615.488,0.3345460146665573,3.1672158241271973,0.0005204672343097627,0.0,campuran,105,False,True,True,9.894797403831035e-05,False
62dda12694c2,c6addf56e79e,54061332.0,219805010.0,9938.405,11107.065,0.06791452318429947,2.936119556427002,0.007209926610812545,0.0,campuran,115,False,True,True,0.020199905382469296,False
0f1a48334ffe,62af82588632,126727384.0,337755040.0,1678.0137,1785.8695,0.9649963676929474,0.8787252604961395,0.0141027825884521,0.05239333584904671,airtanah,116,False,True,True,0.014254217967391014,False
10e693361ba6,d73454302d1d,105922110.0,222921940.0,35.844044,34.063236,0.5097005367279053,3.8101006746292114,0.0372733399271965,0.5,campuran,117,False,True,True,0.013495179591700435,False
53ac93eec755,d0ed98d8bb61,97901390.0,97901390.0,821.20404,,0.18764255195856094,3.085029363632202,0.0,0.0,campuran,105,False,True,True,0.0,False
ee17e2994d22,OUTLET,170322640.0,7221479000.0,157.83916,153.2037,0.9613114595413208,1.503616988658905,0.003778882324695587,0.9575764536857605,airtanah,113,False,True,True,0.00023488754231948406,False
ba4a299d7733,484e123bd4d2,,15513461000.0,180.66751,201.4182,0.13554244488477707,1.924805998802185,0.0,0.0,campuran,118,False,True,True,0.0,False
c9f3fd95b78f,a4a6979c4ff6,62211420.0,283198050.0,378.8835,350.33127,0.0724182203412056,4.411080598831177,0.0,0.0,kilat,106,False,True,True,0.0,False
d9d6b32174ce,bd68db58d274,89415390.0,89415390.0,574.8197,526.97253,0.9366734027862549,0.36366668343544006,0.17246459424495697,0.9998702704906464,airtanah,112,False,True,True,3.743257911992259e-05,False
2b36a9b3903d,eab1235c1921,94223480.0,965639500.0,1778.2378,1652.2335,0.2530199885368347,3.8747674226760864,0.000924765772651881,0.0,kilat,105,False,True,True,0.0006782324198866263,False
c287ec3525f1,bd68db58d274,41537436.0,382122530.0,266.22827,262.65054,0.9078983664512634,0.4407455623149872,0.01720624417066574,1.0,airtanah,112,False,True,True,0.0,False
477eaaa4f5cf,ed1d43d68375,132484136.0,132484136.0,107.06188,113.54489,0.461079403758049,4.29711389541626,0.0,0.0,kilat,119,False,True,True,0.0,False
3e9019eef023,2a92e2b7df0a,46622424.0,46622424.0,1721.4526,1571.6464,0.5462085604667664,2.623741030693054,0.009157282300293446,0.0,campuran,103,False,True,True,0.008742235833778977,False
a26c903a938a,7b3d79267e1e,80923040.0,80923040.0,1156.0863,1200.7249,0.20443903654813766,5.68024468421936,0.004203213611617684,0.0,kilat,114,False,True,True,0.036855490994639695,False
41366d8866e3,OUTLET,94616810.0,94616810.0,751.5419,904.5848,0.9565914869308472,1.4400165677070618,0.0,0.0,airtanah,120,False,True,True,0.0,False
fbd0e8d92ea9,06b50bfd9708,75945544.0,628152960.0,5563.8877,6435.2944,0.6287862956523895,2.5416115522384644,0.09294449165463448,0.7851738631725311,campuran,111,False,True,True,0.03274090588092804,False
fa7191e59674,8ffb15b7248d,90049650.0,90049650.0,,449.63306,0.1910107508301735,3.572671055793762,0.0,0.0,campuran,105,False,True,True,0.0,False
12d0bca45ee7,15c10557e190,122003920.0,196599550.0,5479.628,5549.231,0.3405226767063141,3.4650158882141113,0.0062935128808021545,0.0,campuran,105,False,True,True,0.005760298692621291,False
8b2aa95be23f,ed9a2c12b860,62334024.0,62334024.0,2.552754,7.0510197,0.9156315624713898,4.800410509109497,0.0,0.0,kilat,121,False,True,True,0.0,False
44fb5a164d53,8b59c4c0a4bf,75972600.0,75972600.0,180.52687,291.05063,0.2341630682349205,4.596297264099121,0.0,0.0,kilat,114,False,True,True,0.0,False
acff8337f6bd,98e42784da0d,42614930.0,42614930.0,284.0778,280.51172,0.3346746563911438,4.534793138504028,0.11588696017861366,1.0,kilat,115,False,True,True,0.0,False
cf02dba6c7c7,adcc508491e1,89995490.0,707075300.0,1167.1345,1180.6104,0.20873187482357025,3.4886292219161987,0.0007100958318915218,0.30607882142066956,campuran,115,False,True,True,0.0011816701298812404,False
be8fab88bd67,ee17e2994d22,55620148.0,55620148.0,48.886887,52.586414,0.9749025702476501,3.9095300436019897,0.01792125776410103,1.0,airtanah,113,False,True,True,0.0,False
5842988e4e1d,485cb1fc9ca6,97205224.0,199811340.0,4070.915,4245.051,0.840784877538681,2.4297268390655518,0.009650703752413392,0.004852871177718043,airtanah,116,False,True,True,0.010925590991973877,False
6e7af3c2eb45,2b36a9b3903d,80545944.0,840755400.0,1633.7985,1557.8165,0.2483648881316185,4.165925979614258,0.0,0.0,kilat,105,False,True,True,0.0,False
b55f07476de7,cdd2f1026160,70238820.0,70238820.0,12.634109,15.206557,0.7984233498573303,2.1317968368530273,0.0,0.0,airtanah,109,False,True,True,0.0,False
f83434901f82,1caf0ef57641,82490920.0,691625150.0,534.8371,544.3252,0.0688295029103756,4.107603311538696,0.00020540399418678135,1.0,kilat,114,False,True,True,0.0,False
e0aa52dda08f,dfacbefbf99a,107092260.0,107092260.0,41.41433,38.883583,0.22274158895015717,3.1399065256118774,0.0,0.0,campuran,107,False,True,True,0.0,False
a2ab02e1d8ad,OUTLET,124998984.0,1886218400.0,239.20561,239.10689,0.3552262783050537,2.7817323207855225,0.0,0.0,campuran,104,False,True,True,0.0,False
2c6299d9bfb6,80a8299fef9b,58301680.0,58301680.0,624.9816,697.2891,0.0876062735915184,3.7447959184646606,0.014810118824243546,0.0,kilat,106,False,True,True,0.01988602615892887,False
550d73fa41b8,f7603fd0b0ba,73366430.0,5389401000.0,1972.2112,2009.3932,0.4517340362071991,1.9680768847465515,0.00039250252302736044,0.7481934428215027,campuran,111,False,True,True,8.316858657053672e-05,False
58e7ee7f4650,3729c5763d81,105299400.0,105299400.0,39.001328,39.830376,0.952107846736908,2.422738552093506,0.0,0.0,airtanah,110,False,True,True,0.0,False
ad1439f38318,6215613b2b24,96883170.0,96883170.0,19159.139,18298.627,0.43155744671821594,2.079920172691345,0.20732448250055313,0.16333872824907303,campuran,101,False,True,True,0.2924337089061737,False
e51bd8774265,1cfe25e5b9de,91661530.0,91661530.0,80.63521,77.842285,0.964366614818573,2.8187220096588135,0.0,0.0,airtanah,119,False,True,True,0.0,False
dac220b341e0,91ac681556e9,140537890.0,188012030.0,101.92937,84.49601,0.949942946434021,2.165470838546753,0.0,0.0,airtanah,122,False,True,True,0.0,False
87a9f527272f,OUTLET,43683348.0,43683348.0,30.433044,32.158672,0.9823545813560486,6.567506790161133,0.0,0.0,kilat,123,False,True,True,0.0,False
b8f90667b51c,7d9a8b5e40f5,89688456.0,807412200.0,593.57916,629.6041,0.11123890429735184,3.4412198066711426,0.007878244388848543,0.9824060499668121,campuran,115,False,True,True,0.0007509790848416742,False
69d5e1982e81,58a04740bac9,63258120.0,63258120.0,25.864697,25.707775,0.3636903166770935,2.9780571460723877,0.0,0.0,campuran,107,False,True,True,0.0,False
1aca96cba232,26d99efe883e,50056036.0,9785737000.0,2726.0017,2835.9348,0.3119731545448303,2.5202783346176147,5.130925728735747e-06,0.0,campuran,108,False,True,True,6.4525420384597965e-06,False
30bbacdb3a84,f4703395d63b,121639270.0,171203440.0,670.25323,854.5377,0.758223831653595,3.470826268196106,0.0,0.0,airtanah,116,False,True,True,0.0,False
262123dfedab,7276ab31062a,92152470.0,92152470.0,2071.1223,2114.4246,0.3279386907815933,2.259975552558899,0.0,0.0,campuran,108,False,True,True,0.0,False
a86b55c6442d,0c77e8c5f388,57225428.0,3804803600.0,2917.8435,3384.4146,0.013925470877438784,3.397121548652649,0.00039202153857331723,0.0,campuran,115,False,True,True,0.0008483935089316219,False
782b43035722,35658ad49bf7,153459550.0,382759870.0,15226.101,16715.863,0.7830209732055664,1.54097518324852,0.2687958851456642,0.004579098429530859,airtanah,113,False,True,True,0.29932694137096405,False
ea3ba954082e,bcdc161d82e6,155979550.0,601575700.0,4893.1924,4217.245,0.19956041127443314,3.3144668340682983,0.002317290287464857,0.0,campuran,105,False,True,True,0.00047428367543034256,False
64ccb0e1483b,81360bdbc56a,122673330.0,10671924000.0,75.273834,76.71304,0.7955538034439087,1.6937572956085205,0.0,0.0,airtanah,118,False,True,True,0.0,False
9b2e92861038,c9f3fd95b78f,101762270.0,101762270.0,6235.889,6688.2876,0.06008541025221348,3.779451370239258,0.033460285514593124,0.0,kilat,106,False,True,True,0.034449498169124126,False
94fd3a233c3c,f359c4ade800,62884376.0,185880100.0,760.43756,767.53735,0.2858271598815918,2.832951068878174,5.384773794503417e-05,0.0,campuran,114,False,True,True,0.0001712098382995464,False
0e8c1d596f56,7260514b4687,170140960.0,459336830.0,583.27936,546.1287,0.988497793674469,2.2023462057113647,0.00037927867379039526,0.0,airtanah,116,False,True,True,0.0003971749683842063,False
1922c02748a5,4ac73a6c56de,133556600.0,133556600.0,53.79504,56.944252,0.6732286512851715,1.7188869714736938,0.0,0.0,airtanah,107,False,True,True,0.0,False
d64a0320e408,98f09001ffa0,42749456.0,42749456.0,1193.6058,1376.6675,0.07536806911230087,2.8872604370117188,0.04498852975666523,0.0,campuran,106,False,True,True,0.13526764512062073,False
78f6ce1d2494,8bd15f62decd,49556020.0,187721330.0,2917.6548,2161.3154,0.9801436960697174,1.9410008788108826,0.14444628730416298,0.0,airtanah,118,False,True,True,0.1253725364804268,False
f1b744a99bcb,db308889ef00,76043640.0,76043640.0,8.23023,9.425062,0.49884048104286194,3.785857081413269,0.0,0.0,campuran,117,False,True,True,0.0,False
a4f4df593766,4ac73a6c56de,105391540.0,105391540.0,39.314945,41.996567,0.7585107982158661,1.8464415669441223,0.0,0.0,airtanah,107,False,True,True,0.0,False
d04a6bcfa137,4592d33ebb6d,87095290.0,549456700.0,66.25204,72.810646,0.5387007743120193,3.3728264570236206,0.32134978473186493,1.0,campuran,109,False,True,True,0.0,False
a499a7afc087,34dce144b541,76843320.0,76843320.0,9.126951,10.5913,0.9485037624835968,2.450526177883148,0.0,0.0,airtanah,118,False,True,True,0.0,False
bb795f9be663,405373177576,61887904.0,5946094600.0,1830.6287,1628.852,0.3718340992927551,2.0066770911216736,0.00029035480110906065,0.48700907826423645,campuran,111,False,True,True,0.00012501612582127564,False
f359c4ade800,48e103f364a4,73225030.0,518455700.0,542.5016,609.09534,0.19644933938980103,3.6819978952407837,0.00038589921314269304,0.0,kilat,114,False,True,True,0.001656370295677334,False
c5db02e36e77,4ec315cde382,75996630.0,75996630.0,288.34726,329.13574,0.9586061835289001,0.8608654737472534,0.00015037995763123035,0.5,airtanah,112,False,True,True,0.0,False
f9908379dff2,32747d2125f9,73762000.0,5428776000.0,892.4634,1054.9711,0.8383784592151642,1.0157950818538666,0.0019431813852861524,0.7166319787502289,airtanah,112,False,True,True,0.0005180722218938172,False
b99271c64d71,ea3ba954082e,140031900.0,270956130.0,5057.192,5454.591,0.10087152570486069,3.5414260625839233,0.001681644527707249,0.0,kilat,105,False,True,True,0.0006619245395995677,False
4a952931dbac,OUTLET,93034290.0,3001580800.0,7.7676716,6.7586746,0.04684256203472614,6.4780895709991455,0.0,0.0,kilat,124,False,True,True,0.0,False
fbb9fd61cede,c740ab718448,44436948.0,480896830.0,1684.4384,1872.82,0.02561171166598797,3.8432118892669678,0.0,0.0,kilat,108,False,True,True,0.0,False
8292eb98f51d,97a1c6f3127d,38467452.0,564810240.0,291.43423,292.9085,0.06821456924080849,3.9650243520736694,0.012921672780066729,1.0,kilat,115,False,True,True,0.0,False
9e3e64071560,26d99efe883e,61256120.0,530030800.0,1659.7,1849.1824,0.5460931807756424,2.8818047046661377,0.0,0.0,campuran,108,False,True,True,0.0,False
484e123bd4d2,e9443d450efb,109434090.0,14082843000.0,185.53511,220.93282,0.04536032024770975,1.9255446195602417,0.0,0.0,campuran,118,False,True,True,0.0,False
027bb5a9b287,8bd15f62decd,56398524.0,56398524.0,371.77368,384.4387,0.9132896661758423,2.138330399990082,0.000247396164922975,0.0,airtanah,118,False,True,True,0.0003137896419502795,False
406f05ba3952,884e38a5472f,56861750.0,56861750.0,437.685,430.51938,0.8119463920593262,1.5466583967208862,0.004852125653997064,0.8424172699451447,airtanah,112,False,True,True,0.0010228768514934927,False
880583a183bc,79b839d4ced7,83541570.0,83541570.0,97.25826,94.33035,0.41948437690734863,5.139871120452881,0.0,0.0,kilat,119,False,True,True,0.0,False
ee7197bb48c4,5072fbf1e3cc,67117690.0,67117690.0,349.9485,471.0818,0.7265672981739044,3.309774398803711,0.0,0.0,airtanah,116,False,True,True,0.0,False
7860e983fd28,968976ed5b91,87068750.0,87068750.0,74.85507,82.21202,0.4194987714290619,5.808122158050537,0.1262398473918438,1.0,kilat,119,False,True,True,0.0,False
6b7678c1fe8a,2ac042e39686,180779140.0,383090560.0,423.96896,350.74274,0.35711365938186646,3.7579201459884644,0.570561021566391,1.0,kilat,104,False,True,True,0.0,False
765c9007405f,9408c44257fb,92155810.0,1355870200.0,189.9708,169.84036,0.4140159487724304,4.631341934204102,0.0,0.0,kilat,118,False,True,True,0.0,False
6880583e3282,0f1a48334ffe,86846984.0,216664580.0,330.49622,272.79636,0.935412734746933,0.8464727401733398,0.0,0.0,airtanah,116,False,True,True,0.0,False
56a8e932a764,91ac681556e9,49005908.0,49005908.0,35.247215,26.499405,0.9151075184345245,2.1702356934547424,0.0,0.0,airtanah,122,False,True,True,0.0,False
22cf7997ab8f,ee17e2994d22,97140580.0,,110.38956,117.94666,0.9532943964004517,1.423900306224823,0.004764687444549054,1.0,airtanah,113,False,True,True,0.0,False
bb675fed37cc,d04a6bcfa137,83935650.0,429251140.0,51.93972,50.83141,0.7090955972671509,1.8391445875167847,0.3575057089328766,1.0,airtanah,109,False,True,True,0.0,False
5aaa5a9589d7,c392e93aa1e2,74888820.0,3110260200.0,49.97437,48.76484,0.13399216160178185,2.2409767508506775,0.04258132539689541,1.0,campuran,110,False,True,True,0.01528236543708772,False
e438bdce6fad,f359c4ade800,127147910.0,251774350.0,1023.9563,1105.0839,0.12549461424350739,4.892375230789185,0.0,0.0,kilat,114,False,True,True,0.0,False
c5ece0f4cce5,c8fb6a5ad333,166299310.0,166299310.0,88.56589,94.512665,0.6848188042640686,3.7273671627044678,0.0,0.0,campuran,110,False,True,True,0.0,False
f2e094812c5a,c03803d2f529,71815760.0,71815760.0,295.95798,287.9548,0.9619437158107758,1.1298133730888367,0.0,0.0,airtanah,116,False,True,True,0.0,False
af239ca5243b,5f5694591dbb,104910280.0,741657540.0,1828.0277,,0.2565920054912567,4.108889698982239,0.001024543889798224,0.0,kilat,114,False,True,True,0.010307864286005497,False
6bb2d5f6d34b,696550a37fc3,84762190.0,153874660.0,721.2563,-705.7763,0.2700897455215454,3.5483500957489014,0.0,0.0,campuran,114,False,True,True,0.0,False
1cfe25e5b9de,ed1d43d68375,90326904.0,183967410.0,73.89639,75.91764,0.7526724636554718,2.5572572350502014,0.0,0.0,airtanah,119,False,True,True,0.0,False
8abcb7d7efee,2ac042e39686,60363136.0,60363136.0,164.40099,153.77086,0.09611544385552406,5.754183530807495,0.41565193235874176,1.0,kilat,104,False,True,True,0.0,False
2020af19cdd0,1aca96cba232,62728176.0,62728176.0,1296.2197,1238.2379,0.3342559188604355,3.2271149158477783,0.0028418306028470397,0.0,campuran,108,False,True,True,0.006603710586205125,False
edba35f4c3da,OUTLET,358848030.0,358848030.0,235.34187,187.24036,0.7750094830989838,2.1326226592063904,0.0,0.0,airtanah,125,False,True,True,0.0,False
337bedc9fb97,6c4181107e36,90772140.0,13629872000.0,23.715796,25.708984,0.8589726984500885,1.9121661186218262,0.00011225631169509143,0.0,airtanah,118,False,True,True,8.027067087823525e-05,False
fcf19347666c,299fb1f385d3,37987956.0,163824900.0,125.95324,123.07927,0.11576005071401596,4.81420373916626,0.43004296720027924,0.9751095175743103,kilat,104,False,True,True,0.12843225337564945,False
b246b35d8145,759915858655,108570360.0,108570360.0,654.4931,781.7385,0.7932241559028625,4.938180446624756,0.0,0.0,kilat,116,False,True,True,0.0,False
9e026aae1773,OUTLET,237838780.0,237838780.0,186.0751,186.84227,0.5208843499422073,1.7343164086341858,0.0,0.0,campuran,126,False,True,True,0.0,False
4b2a56583dfb,010165b0919c,153297650.0,539293250.0,64.08518,63.12264,0.9317762851715088,2.819696545600891,0.0,0.0,airtanah,110,False,True,True,0.0,False
fc0e6478f483,d26b4d580d72,161713650.0,161713650.0,86.08017,86.78197,0.9942592680454254,1.5930348634719849,0.024320993572473526,0.5,airtanah,113,False,True,True,0.0,False
d903de65530c,d78b5de61a86,140511090.0,140511090.0,1979.894,1917.306,0.2566903308033943,3.492925763130188,0.0,0.0,campuran,108,False,True,True,0.0,False
fdcf5e156e77,f3cf82f76d4c,38614580.0,153107100.0,410936.66,381358.03,0.28140173852443695,1.5078192353248596,0.48630017042160034,0.0,campuran,127,False,True,True,0.7573434710502625,True
6b81023eb753,c7b3e03e2890,119728590.0,903581950.0,,119.82003,0.6742637157440186,0.5376757979393005,0.0,0.0,airtanah,113,False,True,True,0.0,False
505570e8b3b7,cf02dba6c7c7,53732316.0,323021150.0,343.1183,387.4455,0.23360468447208405,4.129244804382324,0.012404135894030333,0.9835293889045715,kilat,115,False,True,True,2.9428918423946016e-05,False
a0224400335a,fbd0e8d92ea9,65022744.0,517648450.0,8271.168,7580.3506,0.6923413276672363,2.504173159599304,0.08560965768992901,0.7692613303661346,airtanah,111,False,True,True,0.028350260108709335,False
9d22548d89c6,39a3de3b9a8a,105787816.0,552790000.0,13.488136,14.318494,0.8987394273281097,4.338138222694397,0.0,0.0,airtanah,118,False,True,True,0.0,False
da9518d6c1af,91ac681556e9,120893840.0,120893840.0,91.772896,96.63553,0.9257613122463226,2.152557075023651,0.0,0.0,airtanah,122,False,True,True,0.0,False
34aa3c590487,bb675fed37cc,119617250.0,119617250.0,21.041058,20.498695,0.8578154742717743,2.31808602809906,0.0,0.0,airtanah,109,False,True,True,0.0,False
862990c60848,884e38a5472f,81532290.0,859802500.0,5954.4087,5336.715,0.8391623795032501,1.7244896292686462,0.004501650342717767,0.16607514768838882,airtanah,112,False,True,True,0.004900002386420965,False
20707cdd4cef,d828273cda71,63207836.0,299935700.0,270.05573,0.0,0.975654125213623,0.9970678389072418,0.006320994347333908,1.0,airtanah,112,False,True,True,0.0,False
416d3518b78d,485cb1fc9ca6,138896050.0,1453293400.0,1032551.9,15282.671,0.794902503490448,1.4186148643493652,0.0511382557451725,0.03580882214009762,airtanah,116,False,True,True,0.05940498039126396,False
cf9bf7e49900,cf02dba6c7c7,81284744.0,327685340.0,,520.45325,0.18173924088478088,3.3896806240081787,0.04502752050757408,0.9128142893314362,campuran,115,False,True,True,0.010126233974006027,False
6d466fd608ea,563cdd680189,139096080.0,717468740.0,93.058426,110.86335,0.8748866021633148,0.9505987763404846,0.0,0.0,airtanah,113,False,True,True,0.0,False
9e5f4166e9f8,831bd1fdda4d,71641416.0,71641416.0,339.48807,301.7746,0.2349853441119194,4.092271566390991,0.0018420916167087853,0.0,kilat,115,False,True,True,0.0009271192247979343,False
b904e62ee4d4,1b01b8915bd9,66591810.0,759413400.0,29.509468,25.767246,0.4982476234436035,1.9183836579322815,0.0,0.0,campuran,107,False,True,True,0.0,False
c49073b174cb,b0a96355962a,56347650.0,430194800.0,233.387,264.46176,0.9603626132011414,0.9289857149124146,0.0,0.0,airtanah,112,False,True,True,0.0,False
2389f92c36fb,58a04740bac9,44047316.0,44047316.0,17.442427,16.278296,0.5564817786216736,2.174651026725769,0.0,0.0,campuran,107,False,True,True,0.0,False
8bf5b01cbe24,a4a6979c4ff6,55206424.0,55206424.0,371.07324,368.9416,0.10779962688684464,3.3646602630615234,0.0005509874026756734,0.0,campuran,106,False,True,True,0.0028036804869771004,False
b98d21777abc,91ac681556e9,122363390.0,122363390.0,84.415184,71.44411,0.7572111785411835,3.3420923948287964,0.002408886677585542,0.0,airtanah,122,False,True,True,0.0025423169136047363,False
00bf842118a5,c9f3fd95b78f,126220570.0,126220570.0,1424.1052,1516.0455,0.06391282752156258,4.17096209526062,3.52703809767263e-05,0.0,kilat,106,False,True,True,1.8104670743923634e-05,False
f293324e482f,afa249bc39ef,66734710.0,66734710.0,744.38226,829.5217,0.19543997943401337,3.0226486921310425,0.0,0.0,campuran,106,False,True,True,0.0,False
aca29740fe1a,1227b1551717,119533050.0,14578811000.0,16568.05,17350.24,0.29219475388526917,3.874293327331543,8.94277782208519e-05,0.0,kilat,108,False,True,True,0.0003277783252997324,False
d141476b7fd5,dec4f001fb2a,138338980.0,138338980.0,107.70286,104.21498,0.9993368983268738,5.171544790267944,0.014427166432142258,1.0,kilat,113,False,True,True,0.0,False
0e40b449a782,337bedc9fb97,61173972.0,191614580.0,13.722899,16.636553,0.7236719727516174,1.7613667249679565,0.000642104001599364,0.0,airtanah,118,False,True,True,0.0005171631346456707,False
9c6ff14fd7f5,7c1736203277,42309330.0,588863600.0,500.7531,421.47235,0.9033276736736298,0.5312743782997131,0.015139457769691944,1.0,airtanah,112,False,True,True,0.0,False
aa7204a3e5d4,2b2ad904b460,76371870.0,76371870.0,14.143,16.202084,0.18691376596689224,5.361229181289673,0.0,0.0,kilat,109,False,True,True,0.0,False
44f92bbbc66b,5e286e57d269,143258270.0,334710980.0,3953.8594,3880.2769,0.34582893550395966,3.9307920932769775,0.0,0.0,kilat,105,False,True,True,0.0,False
c2fbc991640e,ba310b09d235,67162060.0,67162060.0,5206.2227,4790.4355,0.6336979866027832,2.035102128982544,1.211666464805603,0.0,airtanah,118,False,True,True,2.3805571794509888,True
62af82588632,416d3518b78d,121813350.0,1226780300.0,10156.793,10170.909,0.8330503404140472,4.808523893356323,0.02065351791679859,0.0,kilat,116,False,True,True,0.03931074216961861,False
8c998ccc0b3a,OUTLET,91385000.0,137474000.0,79.041,98.16983,0.7107738554477692,6.400217771530151,0.0,0.0,kilat,128,False,True,True,0.0,False
c61543a42da5,661e2849e936,78036400.0,78036400.0,61.31261,63.9548,0.47184233367443085,2.7044568061828613,0.0,0.0,campuran,113,False,True,True,0.0,False
87d0d694345b,eaee84b5a4c4,65242972.0,65242972.0,12.995181,15.171,0.8926084935665131,1.6834951639175415,0.0,0.0,airtanah,109,False,True,True,0.0,False
4eef73f23b9b,37802d7f432d,52763932.0,52763932.0,47.322865,41.793034,0.40469786524772644,6.263373136520386,0.9950994551181793,1.0,kilat,119,False,True,True,3.2291135042905807,True
afee8f97daa9,cd51fed6d742,53706584.0,53706584.0,11624.729,9828.2705,0.2372036576271057,3.115812659263611,0.06417759880423546,0.0,campuran,102,False,True,True,0.050486255437135696,False
9a28d893c0e3,5072fbf1e3cc,103697470.0,103697470.0,585.3729,754.6143,0.7296517789363861,3.09608256816864,0.0004464851808734238,0.0,airtanah,116,False,True,True,0.001301396929193288,False
5db73d7ee0e9,b17080dedbae,66042664.0,3470102800.0,5465.2085,4632.803,0.4877949059009552,2.481311798095703,0.0007054056040942669,0.0,campuran,116,False,True,True,0.0011757140746340156,False
815775b18861,c287ec3525f1,56312884.0,205836850.0,430.94263,434.14557,0.8935660421848297,0.6304983794689178,0.0832948163151741,1.0,airtanah,112,False,True,True,0.0,False
48e103f364a4,d8d168e9ac0f,81550200.0,1550988000.0,385.46164,376.1621,0.5391168296337128,3.849892735481262,0.0,0.0,campuran,114,False,True,True,0.0,False
c6cbc83e2fcf,6215613b2b24,385304160.0,6584460300.0,14716.465,13814.544,0.4258444756269455,1.6658981442451477,0.0034193495521321893,0.9031396210193634,campuran,101,False,True,True,0.00038096302887424827,False
afa249bc39ef,e497669122fb,58137960.0,237662430.0,472.18738,460.4223,0.23565024882555008,3.0664281845092773,0.003689844044856727,0.0,campuran,106,False,True,True,0.009791668155230582,False
24562fd6828b,ec5402b29888,43893520.0,43893520.0,1073.9528,1080.967,0.12319347262382507,6.169980049133301,0.0,0.0,kilat,103,False,True,True,0.0,False
a06a01373549,b4b15292ee61,124438690.0,231301680.0,117.28712,110.878494,0.9822105467319489,1.1885564923286438,0.0,0.0,airtanah,113,False,True,True,0.0,False
486fc37afa42,6880583e3282,129633650.0,129633650.0,471.47403,438.88684,0.9420611560344696,0.8818168342113495,0.0,0.0,airtanah,116,False,True,True,0.0,False
82945f81a705,db5b4ed64d08,123290776.0,845245760.0,1097.809,1381.9114,0.9912379682064056,3.180395722389221,0.03520768694579601,1.0,airtanah,104,False,True,True,0.0,False
156653992091,00f1c0e1e810,149921300.0,1472098200.0,4588.28,4570.757,0.20528709143400192,3.7641087770462036,0.0,0.0,kilat,102,False,True,True,0.0,False
fe324289c535,OUTLET,78631510.0,78631510.0,86.67976,88.16377,0.6368312537670135,4.162256419658661,8.456947034574114e-05,1.0,kilat,129,False,True,True,0.0,False
ff43d2c0ccbd,5a89d869d304,98747170.0,156391870.0,5770.644,5972.784,0.08585457876324654,3.5894089937210083,0.039306240156292915,0.8488341867923737,kilat,115,False,True,True,0.02035544440150261,False
0ce1d55c2fdd,0d1c788301c7,86362230.0,86362230.0,5616.3286,5507.72,0.6588094532489777,1.7404339909553528,0.8463756144046783,0.8703640699386597,airtanah,101,False,True,True,0.15447357296943665,False
cf2495a36a2c,98f09001ffa0,125764310.0,125764310.0,635.21454,604.4072,0.16772198677062988,2.850320339202881,0.0,0.0,campuran,106,False,True,True,0.0,False
d5300747f295,4b2a56583dfb,124767240.0,124767240.0,28.689756,22.87702,0.8658866882324219,3.75900661945343,0.0,0.0,airtanah,110,False,True,True,0.0,False
844684565e22,9b06ffb61f82,37014930.0,834881200.0,608.34875,707.7029,0.42576082050800323,2.76001513004303,0.00023288585362024605,0.0,campuran,103,False,True,True,0.00027055342798121274,False
38b30898e3f4,661e2849e936,118636230.0,4343627300.0,107.48142,113.33395,0.3271992951631546,1.518631935119629,0.0012717537465505302,0.0,campuran,113,False,True,True,0.001897553214803338,False
ffbddb117042,9cdf5c948f5e,65850732.0,226515540.0,261.10715,322.37213,0.3056565225124359,3.251554250717163,0.0014769393601454794,0.6187000870704651,campuran,115,False,True,True,0.00018163907225243747,False
0dc13545b544,550d73fa41b8,73076744.0,5295044000.0,1751.5637,1774.0835,0.46737366914749146,1.958314836025238,0.0012572415871545672,0.9953847527503967,campuran,111,False,True,True,5.839988489242387e-06,False
155855743ed0,a4a6979c4ff6,106809864.0,106809864.0,831.7339,862.3354,0.0858621820807457,2.9209280014038086,0.007535935379564762,0.0,campuran,106,False,True,True,0.01864417572505772,False
1210667d9694,38b30898e3f4,,679256200.0,156.35144,169.99089,0.9617207944393158,1.3005189299583435,0.0,0.0,airtanah,113,False,True,True,0.0,False
41db982096b1,OUTLET,112292100.0,163778940.0,2815.3354,2613.7378,0.1546982228755951,5.946135997772217,0.0424380162730813,0.31980808079242706,kilat,130,False,True,True,0.06495244801044464,False
7b49097e8907,375636b1895c,125561544.0,125561544.0,799.43713,1090.5427,0.2719474583864212,3.3407371044158936,0.0,0.0,campuran,105,False,True,True,0.0,False
4c566090a7d0,c287ec3525f1,75251560.0,,501.1882,452.627,0.9445258677005768,0.34747612476348877,0.0849660076200962,1.0,airtanah,112,False,True,True,0.0,False
d26e4b82f926,01dda3e06fe5,89443860.0,89443860.0,140.018,124.59879,0.003959574270993471,7.0,0.6226333379745483,1.0,kilat,109,False,True,True,0.0,False
ec5402b29888,c70dd7b9f234,90746550.0,1109654500.0,3395.3057,3415.2249,0.1859554946422577,2.5159995555877686,0.0043152382131665945,0.0,campuran,103,False,True,True,0.005181986605748534,False
1e12082f8c79,87c8a8c5a7ba,166252020.0,166252020.0,2105.0198,1652.693,0.34900064766407013,3.239117383956909,0.0041862024227157235,0.0,campuran,105,False,True,True,0.004063648812007159,False
d9aec32c6fef,4b2a56583dfb,77307410.0,77307410.0,44.5002,48.861427,0.4735328108072281,2.3417858481407166,0.0,0.0,campuran,110,False,True,True,0.0,False
a6941b322202,c82b40597cd5,81918040.0,81918040.0,691.967,556.1746,0.9854616522789001,1.8742151260375977,0.0845806710422039,1.0,airtanah,101,False,True,True,0.0,False
66176da69452,6b7678c1fe8a,102546040.0,102546040.0,144.1294,130.59258,0.08886906877160072,4.526197195053101,0.005926946876570582,1.0,kilat,104,False,True,True,0.0,False
7260514b4687,7adff310dd0b,58960110.0,479901060.0,238.80077,201.88048,0.992875725030899,1.0078584253787994,0.00018847317551262677,0.0,airtanah,116,False,True,True,0.00017260506137972698,False
80a8299fef9b,6a7918560de6,56389452.0,117197670.0,403.0419,404.02823,0.13354161754250526,3.4174622297286987,0.0,0.0,campuran,106,False,True,True,0.0,False
00216ac62cb7,bd68db58d274,,51199124.0,322.71988,291.1483,0.9358763098716736,0.28702859580516815,0.006472098873928189,1.0,airtanah,112,False,True,True,0.0,False
6d973bd13103,OUTLET,98827380.0,772785700.0,2594.4976,2758.3406,0.7681460976600647,2.930041790008545,1.3831199407577515,0.8711423575878143,airtanah,131,False,True,True,4.083325386047363,True
b5ce83c33e19,c392e93aa1e2,163312580.0,557914050.0,115.56351,105.08289,0.9662390947341919,2.674827456474304,0.060284025967121124,1.0,airtanah,110,False,True,True,0.024119220674037933,False
199ecfa389b7,a4a6979c4ff6,106179600.0,106179600.0,2447.6318,2240.2114,0.18096815049648285,3.0654478073120117,0.007262335857376456,0.0,campuran,106,False,True,True,0.018826518673449755,False
7a2379b4b5ed,2e520fe31519,127203750.0,348740130.0,24.426899,19.249748,0.9954479932785034,2.559464931488037,0.0,0.0,airtanah,110,False,True,True,0.0,False
58706458da6f,85f2c999204a,66656584.0,66656584.0,408.73853,358.5238,0.21145735681056976,2.5217173099517822,0.0026485397247597575,0.0,campuran,106,False,True,True,0.0046570636332035065,False
a1c8cdadbebe,abb0bf0a47df,55784140.0,171113920.0,777.73663,846.0237,0.25243134051561356,2.878964424133301,0.0,0.0,campuran,102,False,True,True,0.0,False
207f4de6f0db,4952cd8358af,95124610.0,161087800.0,684.20044,698.98474,0.46117694675922394,3.7622323036193848,0.0,0.0,campuran,111,False,True,True,0.0,False
b953bf8dfe46,d29606bcf256,120839180.0,120839180.0,48.265316,53.146065,0.5191154778003693,1.9566068649291992,0.0,0.0,campuran,107,False,True,True,0.0,False
3230abc2758e,16ca3d9eaf74,114238660.0,114238660.0,24.006535,19.929874,0.9181640148162842,1.666630208492279,0.0,0.0,airtanah,110,False,True,True,0.0,False
90c38b543607,782b43035722,66260360.0,66260360.0,803.1965,921.51245,0.8151931762695312,1.4073389768600464,0.0,0.0,airtanah,113,False,True,True,0.0,False
94de15794020,OUTLET,101637336.0,101637336.0,22.722563,25.783394,0.5853189826011658,1.9148811101913452,0.0,0.0,airtanah,132,False,True,True,0.0,False
a54f5a067d94,010165b0919c,64707656.0,1897580500.0,26.366354,29.147314,0.8417633175849915,2.1257855892181396,0.0,0.0,airtanah,110,False,True,True,0.0,False
97bca5c1b214,4efad9c59466,135837680.0,579106750.0,1922.4097,1809.8771,0.8737397491931915,1.355041265487671,0.9404959082603455,0.8987325131893158,airtanah,101,False,True,True,0.12110204994678497,False
c3d213366d79,81eacd325e47,45773620.0,45773620.0,210.26636,204.81104,0.9387082457542419,7.0,0.0,0.0,kilat,133,False,True,True,0.0,False
fed2a02257fe,00c03a04f96b,51299630.0,51299630.0,106.73831,93.65223,0.8936925232410431,2.0364507138729095,0.0,0.0,airtanah,118,False,True,True,0.0,False
f3cf82f76d4c,OUTLET,88387850.0,329204600.0,924786.7,837205.8,0.4746445417404175,1.2168955206871033,0.4586131274700165,0.0,campuran,127,False,True,True,0.7128761112689972,True
0437757a67fe,26871140b63f,102240584.0,102240584.0,17.610191,19.170662,0.9194482266902924,1.5656996369361877,0.0,0.0,airtanah,109,False,True,True,0.0,False
549ae1e0b2ef,ed9a2c12b860,69678730.0,69678730.0,2.9974687,7.958032,0.8977954685688019,2.425567626953125,0.0,0.0,airtanah,121,False,True,True,0.0,False
8f63b5839fd3,e2a999182f00,132324824.0,132324824.0,134.82977,133.90462,0.44842709600925446,3.5026477575302124,0.0,0.0,campuran,119,False,True,True,0.0,False
a601b5edb263,fbd0e8d92ea9,57174704.0,57174704.0,1537.3191,1476.1755,0.5511692762374878,3.0243946313858032,0.12430713698267937,0.5134255439043045,campuran,111,False,True,True,0.12072353065013885,False
27bb2c72646b,a0236ca65709,74358180.0,127347750.0,13.814875,15.721434,0.9683940708637238,1.2790209650993347,0.0,0.0,airtanah,109,False,True,True,0.0,False
abc451c92c9c,OUTLET,55753050.0,190174880.0,80.95808,92.91007,0.0,0.5218945406377316,0.0,0.0,campuran,134,False,True,True,0.0,False
cd51fed6d742,24e67deab113,60351356.0,193156660.0,2192.8787,2674.379,0.2364126816391945,4.298629641532898,0.0014067125739529729,0.0,kilat,102,False,True,True,0.000916415941901505,False
35e23d84faca,41db982096b1,,50256988.0,744.814,712.778,0.18567636609077454,6.3538877964019775,0.050817957147955894,0.9082863926887512,kilat,130,False,True,True,0.033531139604747295,False
c812122ef792,c7b3e03e2890,183641220.0,183641220.0,98.84082,129.58661,0.9572251737117767,1.8890491724014282,0.0,0.0,airtanah,113,False,True,True,0.0,False
7c0b496157bb,feddeb35eb1c,66504500.0,66504500.0,26062.682,21971.805,0.44252970814704895,1.5415881276130676,0.18244388699531555,0.0,campuran,108,False,True,True,0.21820706501603127,False
c6addf56e79e,b833eafdcdd2,92405350.0,694637900.0,13037.368,13502.175,0.08997763693332672,3.1432411670684814,0.006365640787407756,0.0,campuran,115,False,True,True,0.017191066639497876,False
d2a8e18a11f5,bcdc161d82e6,120092210.0,358867360.0,3646.0938,3943.9414,0.20673998445272446,2.9013673067092896,0.0009829818736761808,0.0,campuran,105,False,True,True,0.0014900577953085303,False
c7dc744d3f81,98f09001ffa0,94501320.0,257874290.0,404.34924,432.28354,0.10793398320674896,2.7468743324279785,0.0001278730997000821,0.0,campuran,106,False,True,True,0.00029889561847085133,False
2d47b528af92,OUTLET,61414540.0,2850527200.0,421.42017,391.62686,0.6746385395526886,3.763060212135315,0.0,0.0,campuran,114,False,True,True,0.0,False
a038b3bf33a2,5fd5bd0ce26e,147185020.0,457150850.0,8889.731,9351.159,0.4351774752140045,2.2132160663604736,0.0,0.0,campuran,108,False,True,True,0.0,False
884e38a5472f,OUTLET,44899370.0,8839514000.0,1128.0509,1166.9027,0.7590408623218536,1.1460371613502502,3.0488135962514207e-06,0.0,airtanah,112,False,True,True,2.2857468593429076e-06,False
b4c3809beee0,3729c5763d81,,122908100.0,41.407223,49.699764,0.9865413904190063,4.981643199920654,0.0,0.0,kilat,110,False,True,True,0.0,False
83f17844e37f,39a3de3b9a8a,79905950.0,255956160.0,138.18697,123.03448,0.9000364542007446,1.664455771446228,0.0,0.0,airtanah,118,False,True,True,0.0,False
6421a0d1bdc9,7d9a8b5e40f5,48222452.0,48222452.0,395.32095,356.22626,0.18994386494159698,5.335146427154541,0.10922880098223686,1.0,kilat,115,False,True,True,0.0,False
3c2c88622269,a038b3bf33a2,100946200.0,291550200.0,13658.219,13754.19,0.3320648670196533,1.9996091723442078,0.0027708488050848246,0.0,campuran,108,False,True,True,0.004206608631648123,False
696550a37fc3,af239ca5243b,73475800.0,225992030.0,432.20804,418.63736,0.28419581055641174,3.6129170656204224,0.0,0.0,campuran,114,False,True,True,0.0,False
99cf1865dcd6,a06a01373549,105063310.0,105063310.0,92.82925,-84.638145,0.9829046130180359,1.2515047788619995,0.0,0.0,airtanah,113,False,True,True,0.0,False
97a1c6f3127d,b8f90667b51c,87774104.0,672613300.0,798.5323,946.545,0.1443578228354454,3.547641634941101,0.015786501113325357,0.944010317325592,campuran,115,False,True,True,0.003126827665255405,False
81eacd325e47,OUTLET,52983024.0,139732700.0,9.501051,8.767588,0.0,5.3426573276519775,0.0,0.0,kilat,133,False,True,True,0.0,False
16ae3c01d01f,633cb63bccdb,103961180.0,12428676000.0,29.178017,32.71855,0.6941016912460327,1.9124844074249268,3.7175316720095e-05,0.0,airtanah,118,False,True,True,4.264311701263068e-05,False
3a250ba91f19,afa249bc39ef,68960070.0,111822290.0,455.27304,455.57608,0.2884932905435562,3.3050349950790405,0.0,0.0,campuran,106,False,True,True,0.0,False
c4510cecb10a,2a3bcbe7b11f,76019960.0,76019960.0,51.249805,53.278553,0.9004052877426147,1.18570476770401,0.5606429576873779,1.0,airtanah,101,False,True,True,0.0,False
6dfb93298a61,d222c5868f76,50382988.0,1014527900.0,348.57663,,0.2571433484554291,2.743113398551941,0.0009049400105141103,0.0,campuran,106,False,True,True,0.0009034616523422301,False
32970d61db83,ed1d43d68375,149149140.0,239834450.0,129.7824,129.13988,0.8833847045898438,3.078646421432495,0.0,0.0,airtanah,119,False,True,True,0.0,False
4abac54add20,a1a88e1c6321,147686020.0,147686020.0,10774.214,8747.514,0.28877416253089905,2.916966676712036,0.013114992994815111,0.0,campuran,105,False,True,True,0.011538250837475061,False
3e3177bbe3ff,9cdf5c948f5e,139683400.0,139683400.0,2607.186,2760.6885,0.2223798781633377,3.9068288803100586,0.022816547192633152,0.4839394688606262,kilat,115,False,True,True,0.04022706300020218,False
968976ed5b91,e2a999182f00,118146024.0,1738612200.0,134.93254,138.76927,0.4195050001144409,2.201018989086151,0.0,0.0,campuran,119,False,True,True,0.0,False
5f8cdbd400e9,3c2c88622269,50551932.0,50551932.0,37958.176,39790.277,0.24512223899364471,1.8143154978752136,0.2191597744822502,0.0,campuran,108,False,True,True,0.31459666788578033,True
f43ff477f881,b4b15292ee61,170154160.0,170154160.0,149.52628,157.26195,0.8410200476646423,1.1286455392837524,0.0,0.0,airtanah,113,False,True,True,0.0,False
4a662160e572,91ac681556e9,70049800.0,70049800.0,44.14983,37.390705,0.9872276484966278,2.1833452582359314,0.0,0.0,airtanah,122,False,True,True,0.0,False
4952cd8358af,d4b471b36960,97416520.0,384381250.0,1057.6553,1112.5857,0.4699612557888031,3.5067667961120605,0.0011833106400445104,0.5,campuran,111,False,True,True,0.0,False
99abdc60cd9e,cdd2f1026160,51746580.0,51746580.0,8.96518,9.935396,0.9350889921188354,2.518119215965271,0.0,0.0,airtanah,109,False,True,True,0.0,False
5469ea12e914,21b1fc1566f6,129690720.0,852361340.0,281.15857,232.53987,0.011347470339387655,3.6610037088394165,0.0,0.0,kilat,118,False,True,True,0.0,False
e01980a1000f,dec4f001fb2a,140178300.0,454322340.0,143.1113,165.53699,0.9992537498474121,1.8391590118408203,0.0,0.0,airtanah,113,False,True,True,0.0,False
71f0bceda82f,4ac73a6c56de,,735666240.0,631.62354,604.12976,0.8016982674598694,1.475386142730713,0.06016559526324272,1.0,airtanah,107,False,True,True,0.05618217587471008,False
85f2c999204a,23a35fa04ed0,92702750.0,342713020.0,533.10724,506.9173,0.10614224895834923,2.934061050415039,0.0,0.0,campuran,106,False,True,True,0.0,False
fd35dc1d74b4,4b2a56583dfb,81403460.0,81403460.0,16.74527,16.88759,0.9581475555896759,2.6292083263397217,0.0,0.0,airtanah,110,False,True,True,0.0,False
925b546f8d2c,cc917904ca75,106996400.0,106996400.0,1894.2322,1854.8151,0.29309961199760437,3.720470428466797,0.031221572309732437,1.0,kilat,103,False,True,True,0.0,False
cb226a8e33ba,416d3518b78d,62968744.0,62968744.0,5427.278,3694.3906,0.7975215017795563,2.4481236934661865,0.2153874635696411,0.0,airtanah,116,False,True,True,0.583731472492218,True
d26b4d580d72,fcbd6f4dd851,167888980.0,329897540.0,107.42858,0.0,0.9935189783573151,1.2452515959739685,0.00035791247501038015,0.5,airtanah,113,False,True,True,0.0,False
a59c6ae39ca3,1b01b8915bd9,46707852.0,46707852.0,18.891188,20.069466,0.3679971992969513,2.395018458366394,0.0,0.0,campuran,107,False,True,True,0.0,False
534ba0dec729,26d99efe883e,38583400.0,38583400.0,2140.4673,2596.0244,0.43798188865184784,2.6817214488983154,0.036403482779860497,0.0,campuran,108,False,True,True,0.06755292229354382,False
4921aeed8923,07b7cb45b3bf,50059184.0,50059184.0,286.79593,265.78937,0.9036292135715485,1.5755977034568787,0.000310811068629846,1.0,airtanah,112,False,True,True,0.0,False
0adc874c6291,8292eb98f51d,50004736.0,-9999.0,265.43597,302.18976,0.026603320613503456,5.03016471862793,0.07222171500325203,1.0,kilat,115,False,True,True,0.0,False
21465b235f51,5a89d869d304,116805200.0,116805200.0,1224.0184,1438.528,0.0469294935464859,5.335413694381714,0.020203493535518646,0.8946368992328644,kilat,115,False,True,True,0.06831987202167511,False
048f19a89e65,8500a6275e01,110149576.0,110149576.0,1122.1875,1323.7827,0.43039660155773163,3.223081588745117,0.0,0.0,campuran,105,False,True,True,0.0,False
5d90f9eb2880,5872b7434c8a,66210370.0,66210370.0,815.683,810.8704,0.8488401174545288,3.1179747581481934,0.0019862597400788218,0.4943265914916992,airtanah,116,False,True,True,0.00021538022701861337,False
77dd5950a685,9d28ea4ae5ce,43351160.0,264357280.0,635.43756,659.2793,0.16400834918022156,2.655386805534363,5.179187064641155e-05,0.0,campuran,103,False,True,True,4.108392204216216e-05,False
8b86a5b47176,94fd3a233c3c,79708590.0,79708590.0,,2136.3936,0.320576936006546,2.575076103210449,0.0,0.0,campuran,114,False,True,True,0.0,False
4403378206ba,147a3eeff0cf,79116584.0,79116584.0,1720.7346,1912.7078,0.3409179598093033,4.740615129470825,0.0,0.0,kilat,105,False,True,True,0.0,False
87c8a8c5a7ba,d2a8e18a11f5,92663050.0,,3209.9487,2682.9458,0.4110780209302902,2.8393802642822266,0.007621746510267258,0.0,campuran,105,False,True,True,0.007212323020212352,False
ba7982d88e17,44f92bbbc66b,185434290.0,185434290.0,2670.3384,2490.9983,0.23874767124652863,5.49223530292511,0.0,0.0,kilat,105,False,True,True,0.0,False
36465b348ae6,864c23be6f27,79327380.0,156408590.0,1258.4817,1256.6653,0.14776082336902618,2.257797956466675,0.0,0.0,campuran,106,False,True,True,0.0,False
42d8c874e49a,OUTLET,49253092.0,15123737000.0,2765.4946,2740.4949,0.25665172934532166,2.2826894521713257,0.0,0.0,campuran,108,False,True,True,0.0,False
a4eded2b320d,4ac73a6c56de,104560776.0,104560776.0,44.733585,42.104202,0.7699775099754333,1.4142570495605469,0.04910045489668846,1.0,airtanah,107,False,True,True,0.020486310124397278,False
8f4521c25005,32747d2125f9,141562060.0,141562060.0,840.72516,868.1156,0.7469020783901215,1.7283507585525513,0.00037569332926068455,0.9386865198612213,airtanah,112,False,True,True,4.1423756556469016e-05,False
e9db26bc9564,acecd9c06ae1,62420324.0,62420324.0,394.29224,397.42102,0.8293570280075073,1.6108765006065369,0.006181220291182399,1.0,airtanah,112,False,True,True,0.0,False
299fb1f385d3,82945f81a705,83802780.0,685181440.0,307.71927,281.73495,0.8198421895503998,3.471683144569397,0.039412603713572025,1.0,airtanah,104,False,True,True,0.0,False
04712b9c99c2,OUTLET,182423940.0,182423940.0,273.69476,299.74225,5.471644590215874e-05,7.0,1.4791516661643982,1.0,kilat,135,False,True,True,0.0,False
59e48f3ca61e,a77ed0ad2618,72716856.0,72716856.0,234.42262,,0.9664199352264404,2.9373589754104614,0.1072385273873806,0.8107234835624695,airtanah,104,False,True,True,0.08164204563945532,False
4dd3d4beb505,b9c72b481ae4,102349840.0,102349840.0,29.553148,36.325077,0.9947335124015808,2.891212821006775,0.0,0.0,airtanah,110,False,True,True,0.0,False
b833eafdcdd2,d9773e9c5b79,82170440.0,768361340.0,2350.949,2363.289,0.10793383046984673,3.233069658279419,0.0024154249113053083,0.0,campuran,115,False,True,True,0.006546150252688676,False
ccebb06f980e,e438bdce6fad,51985204.0,51985204.0,624.26184,534.50616,0.07325305044651031,4.865689754486084,0.0,0.0,kilat,114,False,True,True,0.0,False
abdf4c8971fc,aca29740fe1a,48130428.0,48130428.0,1212.255,1330.0527,0.35227520763874054,2.4487056732177734,0.001980348606593907,0.0,campuran,108,False,True,True,0.003333793953061104,False
46a26ebadd8d,e438bdce6fad,72973896.0,72973896.0,1807.7789,1643.8536,0.15212414413690567,4.572097063064575,0.0038092242320999503,0.0,kilat,114,False,True,True,0.04188928403891623,False
9b1627f79b53,a0236ca65709,44114796.0,132180540.0,8.391815,8.587793,0.9654832184314728,1.4743247032165527,0.014598960056900978,1.0,airtanah,109,False,True,True,0.0,False
24e67deab113,156653992091,97819890.0,297780320.0,2130.0454,2168.5913,0.23377101868391037,3.9625853300094604,0.0,0.0,kilat,102,False,True,True,0.0,False
1d1f40420b5a,3980a5764165,132584456.0,132584456.0,142.73926,150.62392,0.9882176220417023,2.988646626472473,0.0,0.0,airtanah,113,False,True,True,0.0,False
3d938ed97e78,83dab4f41356,122674640.0,122674640.0,836.4177,781.50543,0.97004035115242,0.5863380283117294,0.012450218666344881,1.0,airtanah,112,False,True,True,0.0,False
e725eb48aa3c,e808edd9b03f,117626100.0,117626100.0,138.43155,141.62187,0.49592556059360504,5.895113945007324,3.659276604652405,0.9625155031681061,irigasi,131,False,True,True,34.63589572906494,True
33a1e3b3da19,9b1627f79b53,76766040.0,76766040.0,14.63296,15.070737,0.9504439234733582,1.4963246583938599,0.0,0.0,airtanah,109,False,True,True,0.0,False
15607027d781,a491809e89b7,84910490.0,171948770.0,2651.9297,2889.9146,0.15858642011880875,3.5746142864227295,0.03679664433002472,0.9291922152042389,kilat,115,False,True,True,0.006321584980469197,False
f5e0af5dfd68,37aa42802adb,74534696.0,1133700900.0,681.04553,693.9508,0.09817163646221161,3.1437392234802246,0.0,0.0,campuran,106,False,True,True,0.0,False
d73454302d1d,OUTLET,145274510.0,815951800.0,54.158726,49.47216,0.5891427397727966,3.5538835525512695,0.0025451136752963066,0.5,campuran,117,False,True,True,0.0,False
3cb4832bbc96,4d4cfb47dbe6,56118176.0,56118176.0,914.7138,978.1272,0.11346101015806198,3.6907496452331543,0.00037107543903402984,0.0,kilat,103,False,True,True,0.001294419533223845,False
71ef388d4977,OUTLET,169298380.0,466664260.0,464.6469,531.05255,0.38349775969982147,2.032714605331421,0.0,0.0,campuran,136,False,True,True,0.0,False
dedd90fd91d6,29cffe1a9de9,114342180.0,114342180.0,876.1723,828.4962,0.9228582680225372,1.963962197303772,0.004706906620413065,0.0,airtanah,112,False,True,True,0.0035119103267788887,False
f20a9ed66c1a,6a7918560de6,42452180.0,42452180.0,238.9495,256.4203,0.36333660781383514,2.0100019574165344,0.0,0.0,campuran,106,False,True,True,0.0,False
80c8535a56eb,fb0462d61a4e,65881188.0,148510270.0,227.11743,283.1858,0.9481889307498932,1.0822466611862183,0.0,0.0,airtanah,137,False,True,True,0.0,False
1caf0ef57641,48e103f364a4,80299150.0,952317500.0,518.5846,536.4113,0.15245350450277328,4.2048197984695435,8.404772597714327e-05,1.0,kilat,114,False,True,True,0.0,False
ed342e328803,151a9f775ac2,124722104.0,3080317200.0,2924.7725,2953.0706,0.6569967269897461,2.2727192640304565,0.0,0.0,airtanah,116,False,True,True,0.0,False
54ba96357a01,22cf7997ab8f,123163120.0,123163120.0,91.97072,108.04983,0.9941764175891876,2.6546727418899536,0.00021896991893299855,1.0,airtanah,113,False,True,True,0.0,False
0be28ddeacea,5f9779c68682,59312732.0,59312732.0,868.8262,962.55695,0.22842010110616684,2.723271608352661,0.0,0.0,campuran,108,False,True,True,0.0,False
d79565d8d06b,34dce144b541,154019840.0,154019840.0,16.691433,20.658335,0.39932143688201904,4.594862937927246,0.0,0.0,kilat,118,False,True,True,0.0,False
661e2849e936,b4b15292ee61,87631816.0,5287154000.0,77.572754,68.5321,0.3048631101846695,1.471462070941925,0.00037464794877450913,0.0,campuran,113,False,True,True,0.0004787637881236151,False
8ef76b8cd9ee,c7b3e03e2890,125737730.0,250126580.0,90.42331,97.73911,0.9652534425258636,2.4841299057006836,0.0,0.0,airtanah,113,False,True,True,0.0,False
714d329f6f4a,bb795f9be663,66879480.0,66879480.0,1104.1301,959.23517,0.3576541393995285,3.788001537322998,0.017763066571205854,0.54903244972229,kilat,111,False,True,True,0.018362656701356173,False
d23868a01afd,1c1fe639d840,100911940.0,100911940.0,,3565.9749,0.12456686794757843,3.601170063018799,0.0,0.0,kilat,108,False,True,True,0.0,False
eaf030943893,ca7b279480ed,89899576.0,1098858500.0,669.7776,673.2735,0.16129091382026672,3.7513867616653442,0.0,0.0,kilat,115,False,True,True,0.0,False
ad010302d8a5,OUTLET,77463140.0,77463140.0,96.065834,84.6024,0.8946054875850677,1.7880252599716187,0.0894290842115879,0.0,airtanah,138,False,True,True,0.12590859457850456,False
1f8c96b9a7e8,30bbacdb3a84,48736396.0,48736396.0,306.141,358.62524,0.8264721035957336,3.8496479988098145,0.0,0.0,airtanah,116,False,True,True,0.0,False
5872b7434c8a,759915858655,121503370.0,187663940.0,1294.8727,1311.0206,0.8474400043487549,3.2081055641174316,0.014792826492339373,0.6829816997051239,airtanah,116,False,True,True,0.02470510359853506,False
7f40f62ce700,dfacbefbf99a,69837380.0,69837380.0,31.548895,31.893074,0.5172504782676697,2.5721447467803955,0.0,0.0,campuran,107,False,True,True,0.0,False
305fa84fd1e4,a0224400335a,60387584.0,60387584.0,2966.0544,3100.2512,0.5005723685026169,1.9444251656532288,0.049507103860378265,0.004038782324641943,campuran,111,False,True,True,0.059121256694197655,False
2620c4170473,6ec725c5598f,158875260.0,711467970.0,32945.29,33050.258,0.41574712097644806,1.674526035785675,0.010857864283025265,0.0,campuran,108,False,True,True,0.018941573798656464,False
016e92f7704e,c6cbc83e2fcf,103500600.0,177508580.0,18484.395,15919.736,0.7576441466808319,2.4506137371063232,0.7945607602596283,0.3218076080083847,airtanah,101,False,True,True,0.7381739914417267,True
a9a405bff42a,36465b348ae6,79022160.0,79022160.0,7060.5366,230767.47,0.3198951333761215,2.16335129737854,0.02116474974900484,0.0,campuran,106,False,True,True,0.018634699285030365,False
92edb991a050,OUTLET,121874830.0,5272254000.0,2944.1028,3056.2478,0.180808387696743,3.1471363306045532,0.00030480988789349794,0.0,campuran,106,False,True,True,0.00044657167745754123,False
d53a4ceb6bea,633cb63bccdb,40618700.0,40618700.0,9.892156,11.281952,0.5797372907400131,2.998428702354431,0.0,0.0,campuran,118,False,True,True,0.0,False
4ac73a6c56de,OUTLET,63522720.0,2435459300.0,26.130236,26.756382,0.7252057492733002,1.8488218784332275,0.0,0.0,airtanah,107,False,True,True,0.0,False
02ee0e52591c,7eb5904e092c,84848940.0,84848940.0,7389.388,7244.856,0.32116036117076874,1.8315415978431702,0.0548217985779047,0.0,campuran,108,False,True,True,0.08588042110204697,False
b48ff8c52473,d9636495c19c,103039080.0,5139463700.0,1726.9509,1688.0619,0.22335615754127502,3.1549233198165894,0.0,0.0,campuran,105,False,True,True,0.0,False
215649453b66,081e04819c24,89883680.0,89883680.0,14.434916,18.638298,0.9253864586353302,1.0188847780227661,0.0,0.0,airtanah,109,False,True,True,0.0,False
5034cb4eb754,6d8d86e438a0,44228292.0,44228292.0,524.88226,557.74365,0.14734075218439102,3.250179409980774,0.0005618684517685324,0.0,campuran,114,False,True,True,0.0026279508019797504,False
fbd30077e15c,f83434901f82,106295610.0,106295610.0,1529.4274,1421.134,0.13595667853951454,5.49100399017334,0.002842324902303517,0.0,kilat,114,False,True,True,0.04709529643878341,False
b578f73ef3fb,c7b7b0d4c204,46687976.0,46687976.0,2019.4303,1800.9302,0.3170335441827774,2.2391234636306763,0.0016325237811543047,0.0,campuran,108,False,True,True,0.00218377448618412,False
9fc1a24e85a6,22b79af7bde4,106184490.0,4483307500.0,460.8159,557.64764,0.10466698184609413,2.614555835723877,1.5557275673927506e-05,0.0,campuran,106,False,True,True,1.9491463262966136e-05,False
db5b4ed64d08,80da1a1861e3,77934050.0,973699650.0,554.72687,702.6784,0.9847474992275238,2.956640839576721,0.0,0.0,airtanah,104,False,True,True,0.0,False
da64f9e4758d,OUTLET,125628000.0,6217129500.0,46219.184,,0.7169492244720459,4.612053871154785,0.003885009093210101,0.33635441958904266,kilat,111,False,True,True,0.0020883027464151382,False
0c8eca7a9f23,6e559eb45605,73967220.0,73967220.0,28.534506,32.043026,0.1529292445629835,4.149487495422363,0.0,0.0,kilat,118,False,True,True,0.0,False
36f5963f6f85,b65909dc0ac9,138301150.0,138301150.0,2214.4019,2380.2375,0.7663222253322601,2.642881155014038,0.006894278805702925,0.7689178287982941,airtanah,116,False,True,True,0.014270849525928497,False
831bd1fdda4d,ffbddb117042,96398370.0,176712400.0,406.03006,376.1298,0.29089783132076263,6.048535346984863,0.00044702377635985613,0.0,kilat,115,False,True,True,0.0010469961853232235,False
54352cb0a7c9,4ac73a6c56de,78702420.0,78702420.0,32.229286,31.327602,0.928656131029129,0.9912778735160828,0.0,0.0,airtanah,107,False,True,True,0.0,False
8fec123f19b3,649ab1e42ace,70806136.0,1219678200.0,862.34204,882.85767,0.04360441863536835,3.6005765199661255,0.0,0.0,kilat,115,False,True,True,0.0,False
9104fa5e5043,d8b3ec949b4c,83355150.0,936572100.0,9564.821,10503.336,0.7079688906669617,4.9006898403167725,0.06894520670175552,0.8893439173698425,kilat,111,False,True,True,0.014315530192106962,False
7c1736203277,bd68db58d274,73058340.0,1447218200.0,531.07776,488.2214,0.8992700278759003,0.5695197284221649,0.0532639492303133,1.0,airtanah,112,False,True,True,0.0,False
49ea4449ab1b,9408c44257fb,48221716.0,48221716.0,90.310936,81.50129,0.01325457263737917,5.910919427871704,0.0,0.0,kilat,118,False,True,True,0.0,False
289cd1216d1d,3e044bea2c03,75734890.0,75734890.0,2846.609,-9999.0,0.37710051238536835,3.1048258543014526,0.03209809213876724,0.9986829161643982,campuran,103,False,True,True,3.863502570311539e-05,False
c8d939e96ffd,e01980a1000f,155193340.0,155193340.0,129.40266,149.51266,0.9963077902793884,2.4895617961883545,0.0,0.0,airtanah,113,False,True,True,0.0,False
295e985c4966,c71c601c359e,127451190.0,264554320.0,70.18952,71.35585,0.9651273488998413,1.0766430795192719,0.0,0.0,airtanah,113,False,True,True,0.0,False
c8fb6a5ad333,b5ce83c33e19,133420830.0,380063070.0,77.01648,90.2646,0.0,2.4180355072021484,0.8743412792682648,1.0,campuran,110,False,True,True,1.0811262130737305,True
6215613b2b24,OUTLET,164958530.0,7349551600.0,128435.26,114497.09,0.8401707112789154,1.6263145208358765,0.046794721856713295,0.34759435057640076,airtanah,101,False,True,True,0.05139624513685703,False
60bba4e8ee6d,abc451c92c9c,94387390.0,94387390.0,770.928,871.3942,0.8310708701610565,5.439014911651611,0.0,0.0,kilat,134,False,True,True,0.0,False
3e2b2a482d9e,64c6593beb99,61457464.0,256637580.0,922.73047,802.51117,0.14539215713739395,2.487093448638916,0.0,0.0,campuran,106,False,True,True,0.0,False
1d37f3f97c1c,27bb2c72646b,55790050.0,55790050.0,8.8520975,9.997247,0.9659000933170319,1.5342809557914734,0.0,0.0,airtanah,109,False,True,True,0.0,False
405373177576,da64f9e4758d,83107270.0,6048543000.0,2457.259,2553.8171,0.5813835561275482,2.1370067596435547,2.9349471333262045e-05,0.0,campuran,111,False,True,True,2.575795770098921e-05,False
6d8d86e438a0,f83434901f82,104661656.0,491416640.0,644.4354,637.287,0.13487903028726578,3.946599006652832,0.0,0.0,kilat,114,False,True,True,0.0,False
2b2ad904b460,9a2e781f4207,73743090.0,157104830.0,48.33372,52.783596,0.0,5.5311689376831055,0.0,0.0,kilat,109,False,True,True,0.0,False
72ef13f42281,d9636495c19c,123612020.0,737166400.0,3429.9124,3008.0906,0.16637996584177017,3.0004711151123047,0.0,0.0,campuran,105,False,True,True,0.0,False
6e559eb45605,484e123bd4d2,120406900.0,246039000.0,123.796425,145.34077,0.44463083148002625,3.76032292842865,0.0,0.0,campuran,118,False,True,True,0.0,False
95611c09e674,81360bdbc56a,124775800.0,124775800.0,145.33026,135.2807,0.8088184893131256,3.4122350215911865,0.0,0.0,airtanah,118,False,True,True,0.0,False
e8ff3833ae27,b48ff8c52473,103648920.0,103648920.0,1410.0623,1660.3783,0.24458076059818268,4.467221736907959,0.0,0.0,kilat,105,False,True,True,0.0,False
8824652b46db,91ac681556e9,194722180.0,294032860.0,105.81211,89.70909,0.9827273488044739,3.668392300605774,0.0,0.0,airtanah,122,False,True,True,0.0,False
3729c5763d81,16ca3d9eaf74,14513330000.0,417325820.0,45.924126,49.533066,0.9825582206249237,2.2266409397125244,0.0,0.0,airtanah,110,False,True,True,0.0,False
772efc8fe4de,b99271c64d71,132130360.0,132130360.0,1200.8324,1164.3849,0.09622140228748322,3.56723153591156,0.0,0.0,kilat,105,False,True,True,0.0,False
6ec725c5598f,0cda552acfee,111582410.0,1254111900.0,10778.658,11392.684,0.422139510512352,2.0183039903640747,0.0025034465361386538,0.0,campuran,108,False,True,True,0.0031602891394868493,False
b91f3f7a6607,862990c60848,109359180.0,784807500.0,3075.111,2560.8816,0.653733491897583,1.6922388672828674,0.0,0.0,airtanah,112,False,True,True,0.0,False
2a3bcbe7b11f,97bca5c1b214,63344470.0,437903520.0,3246.934,2956.2,0.9819182455539703,1.4605382084846497,1.0501963198184967,0.8514426052570343,airtanah,101,False,True,True,0.29795199632644653,False
8c0fef4aca08,2e520fe31519,125864680.0,125864680.0,23.653303,19.517963,0.8623325526714325,4.193905234336853,0.0,0.0,airtanah,110,False,True,True,0.0,False
7c937df39772,91ac681556e9,119225740.0,348482780.0,94.12395,82.98116,0.8038404583930969,3.3480900526046753,0.0,0.0,airtanah,122,False,True,True,0.0,False
cc1391c81529,00f1c0e1e810,127292610.0,238806800.0,1634.8385,1775.173,0.13703742623329163,5.435459136962891,0.0,0.0,kilat,102,False,True,True,0.0,False
c70dd7b9f234,9d28ea4ae5ce,64582052.0,1386481900.0,1658.0734,1647.4276,0.19822540134191513,2.533370614051819,0.0003085192875005305,0.07130836322903633,campuran,103,False,True,True,0.0005587224441114813,False
c7b3e03e2890,563cdd680189,151599070.0,1538958100.0,85.341125,111.666855,0.9605115056037903,0.8788482248783112,0.0,0.0,airtanah,113,False,True,True,0.0,False
e73d3f277fe7,cb851f7764ba,53660532.0,53660532.0,206.46085,223.29576,0.14186997711658478,3.369308829307556,0.0003355416556587443,0.0,campuran,106,False,True,True,0.0020379401103127748,False
f0d10b2b438e,a0224400335a,47791536.0,378493020.0,14609.814,13773.278,0.7052220404148102,2.711813807487488,0.1224234513938427,0.3665022999048233,airtanah,111,False,True,True,0.09879429638385773,False
ac6767521eed,2a3bcbe7b11f,68516920.0,68516920.0,1681.3646,1625.4752,0.9652373790740967,0.5526466518640518,2.170148253440857,0.8959724605083466,airtanah,101,False,True,True,0.7400420010089874,True
09756c3d347e,5382b173cc36,92889980.0,289238500.0,5636.735,5747.459,0.21633324027061462,4.397775411605835,0.004786240868270397,0.0,kilat,102,False,True,True,0.0037143746158108115,False
d113a2779817,42d8c874e49a,51018108.0,51018108.0,5370.562,5669.4756,0.11745255440473557,4.000640869140625,0.0,0.0,kilat,108,False,True,True,0.0,False
4623fb347218,07b7cb45b3bf,141724590.0,141724590.0,890.94586,782.9096,0.9067928194999695,1.9027903079986572,0.006715743220411241,1.0,airtanah,112,False,True,True,0.0,False
0def8d1f8d0f,0c77e8c5f388,41828256.0,41828256.0,1515.7375,1345.508,0.021607068367302418,3.2577435970306396,0.0008532885985914618,0.0,campuran,115,False,True,True,0.004368929687188938,False
c04c86d7bcae,fcf19347666c,134692820.0,134692820.0,421.22147,381.35605,0.12330412864685059,5.213584899902344,0.24257200211286545,1.0,kilat,104,False,True,True,0.0,False
f086032876ac,7eb5904e092c,45704864.0,419526700.0,8586.166,9248.648,0.4823645353317261,1.913534939289093,0.004931609379127622,0.0,campuran,108,False,True,True,0.008096536621451378,False
381e4a70ddc9,26154a067420,102886420.0,102886420.0,386.37994,372.46866,0.8391135931015015,2.1208953857421875,0.04052746930392459,1.0,airtanah,101,False,True,True,0.0,False
88268cccea29,5842988e4e1d,96359250.0,96359250.0,979.7055,966.45123,0.7718618810176849,1.991986870765686,0.0008074033830780536,0.0,airtanah,116,False,True,True,0.0012251947482582182,False
78cb0e5fc4d0,207f4de6f0db,66901244.0,66901244.0,488.23672,470.12607,0.4751199334859848,3.7269222736358643,0.0,0.0,campuran,111,False,True,True,0.0,False
80fd85e14166,58a04740bac9,147804240.0,384548540.0,59.69802,60.674835,0.8928976953029633,1.7770578861236572,0.0,0.0,airtanah,107,False,True,True,0.0,False
98e42784da0d,e125fc3bc5f9,44450490.0,164817390.0,281.34637,306.14838,0.3278977572917938,4.152530670166016,0.0,0.0,kilat,115,False,True,True,0.0,False
a1c5eedaa3aa,32747d2125f9,122908776.0,122908776.0,892.35895,840.3481,0.817589282989502,1.5817149877548218,0.0015278721111826599,1.0,airtanah,112,False,True,True,0.0,False
6150b1e06084,2620c4170473,49597536.0,49597536.0,4601.201,4409.8833,0.3983893245458603,2.568092703819275,0.011471128091216087,0.0,campuran,108,False,True,True,0.013661093078553677,False
c03631df3608,7fd1b05c01a3,64208236.0,169289540.0,486.16214,536.8944,0.21030282229185104,4.213698506355286,0.0,0.0,kilat,105,False,True,True,0.0,False
7d683adacea9,6dfb93298a61,81545704.0,184360860.0,605.72943,590.70374,0.056063903495669365,4.301187992095947,0.0058694640174508095,0.0,kilat,106,False,True,True,0.006376613047905266,False
32b8c0bdd7dd,64ccb0e1483b,148389970.0,275801380.0,35.823345,42.56808,0.9752741158008575,2.4489840865135193,0.0,0.0,airtanah,118,False,True,True,0.0,False
563cdd680189,03b58a37b2c4,137674450.0,2252683300.0,78.62974,96.92456,0.9448747932910919,0.9171382784843445,0.0,0.0,airtanah,113,False,True,True,0.0,False
563899cce738,ed1d43d68375,123410960.0,458634270.0,98.57581,116.6498,0.32241587340831757,2.2496050596237183,0.24400435388088226,1.0,campuran,119,False,True,True,0.16072063334286213,False
0d1c788301c7,c6cbc83e2fcf,129699260.0,219030320.0,1019.44183,815.8233,0.520576149225235,2.09162974357605,1.245089054107666,0.9697686433792114,campuran,101,False,True,True,0.11219267174601555,False
79b839d4ced7,e2a999182f00,109587610.0,189272180.0,497.1743,346.4969,0.49072059988975525,3.9089765548706055,0.0,0.0,kilat,119,False,True,True,0.0,False
cc917904ca75,cc8eb990e0ce,122277880.0,483684200.0,3144.3176,3380.4583,0.21658726036548615,3.2682440280914307,0.014687265735119581,0.8953114748001099,campuran,103,False,True,True,0.0016765446052886546,False
1e646d3eb10a,91ac681556e9,114424830.0,114424830.0,83.06527,65.889755,0.9840444624423981,4.775540351867676,0.0,0.0,airtanah,122,False,True,True,0.0,False
0414dd133a85,f086032876ac,,111184660.0,12652.826,11429.171,0.3848719596862793,2.239673674106598,0.012645434122532606,0.0,campuran,108,False,True,True,0.007559810299426317,False
47605f1afdea,OUTLET,46679984.0,1421203600.0,161.14696,150.64992,1.0,2.273441433906555,0.0,0.0,airtanah,119,False,True,True,0.0,False
c1d40899b862,a004454429db,77776610.0,323990720.0,238.73778,184.76666,0.6815014779567719,2.3051400184631348,0.9332046210765839,1.0,airtanah,119,False,True,True,0.11609751731157303,False
e85a85bd560b,16ca3d9eaf74,58301356.0,381923650.0,11.635019,8.687241,0.7623658180236816,2.754849910736084,0.0,0.0,airtanah,110,False,True,True,0.0,False
4ec315cde382,20707cdd4cef,88502310.0,169939660.0,260.17197,285.283,0.9705988466739655,0.6143289506435394,0.03588234819471836,1.0,airtanah,112,False,True,True,0.0,False
37aa42802adb,64c6593beb99,149631400.0,1737010400.0,1056.5228,954.05664,0.1298162080347538,2.833757162094116,0.00018481662118574604,0.0,campuran,106,False,True,True,0.00018462384832673706,False
9a80b475363a,4952cd8358af,129525704.0,129525704.0,1743.3368,2107.1262,0.48522695899009705,3.4469411373138428,0.0008875103667378426,0.5,campuran,111,False,True,True,0.0,False
a3356a66d394,5aaa5a9589d7,311329820.0,,166.98065,185.32892,0.6699874997138977,2.3989768624305725,0.0005683979106834158,1.0,airtanah,110,False,True,True,0.00011787200492108241,False
185a41ea700c,a004454429db,80624780.0,2183377200.0,353.30557,281.45728,0.43463748693466187,2.4018893241882324,0.07952049747109413,1.0,campuran,119,False,True,True,0.035788509994745255,False
db308889ef00,d73454302d1d,104684410.0,424403300.0,29.795675,28.958452,0.6087619662284851,3.369067072868347,0.04478754475712776,0.5,campuran,117,False,True,True,0.0,False
0c77e8c5f388,OUTLET,69933810.0,3801120800.0,1038.9249,1184.8119,0.026582992635667324,3.394879937171936,0.00038647187466267496,0.7029604613780975,campuran,115,False,True,True,0.000270130462013185,False
453738dc48cc,661e2849e936,152763120.0,299649180.0,135.45285,121.07764,0.9756844341754913,0.7762140035629272,0.0,0.0,airtanah,113,False,True,True,0.0,False
555b1e56bb16,a77ed0ad2618,79452880.0,79452880.0,604.79376,539.18066,0.9115447103977203,2.805565595626831,0.0,0.0,airtanah,104,False,True,True,0.0,False
64d5752889b7,ba4a299d7733,132674984.0,14358212000.0,2970.2402,2799.8857,0.7703991234302521,2.3626248836517334,0.0010278615809511393,0.0,airtanah,118,False,True,True,0.0010146992863155901,False
45daed81fa11,39a3de3b9a8a,106917890.0,106917890.0,17.016481,14.261948,0.2079591378569603,3.9159843921661377,0.0,0.0,kilat,118,False,True,True,0.0,False
15c10557e190,147a3eeff0cf,148702930.0,,5968.934,7041.571,0.25511451810598373,3.1793036460876465,0.00042971559741999954,0.0,campuran,105,False,True,True,0.00029369800904532894,False
eed722c9386d,6d973bd13103,129401576.0,232280850.0,120.39022,157.68845,0.5403470993041992,3.731270909309387,3.6190184354782104,1.0,irigasi,131,False,True,True,24.259443283081055,True
818671452ed7,81eacd325e47,32637408.0,32637408.0,195.63744,170.57024,1.0,2.9133803844451904,0.0,0.0,airtanah,133,False,True,True,0.0,False
6ac1677236a6,e01980a1000f,154316160.0,154316160.0,183.17966,199.13014,0.9959622323513031,1.4546735286712646,0.0,0.0,airtanah,113,False,True,True,0.0,False
07959184b266,7eb5904e092c,83228230.0,83228230.0,7915.222,7566.0034,0.3556390404701233,2.029369831085205,0.05582600086927414,0.0,campuran,108,False,True,True,0.07972428575158119,False
7671cf87f196,af239ca5243b,94825330.0,94825330.0,626.7208,696.5094,0.2574732229113579,3.987922430038452,0.0,0.0,kilat,114,False,True,True,0.0,False
96d9b0ec950c,00c03a04f96b,54246676.0,54246676.0,69.87871,62.6596,0.9718874394893646,1.4123929738998413,0.0,0.0,airtanah,118,False,True,True,0.0,False
85bea2c5c201,85f2c999204a,45315500.0,45315500.0,515.32935,550.1191,0.07550563290715218,4.546380519866943,0.0011721145419869572,0.0,kilat,106,False,True,True,0.0008227069047279656,False
cb0cb31cb487,a1c8cdadbebe,,121876330.0,2030.1327,2252.4172,0.2117338329553604,4.590381622314453,0.0,0.0,kilat,102,False,True,True,0.0,False
ab928ac5f31e,98e42784da0d,75276270.0,75276270.0,483.59616,446.96515,0.3520909547805786,4.165741443634033,0.0,0.0,kilat,115,False,True,True,0.0,False
d011befd59c3,0ae050d1560e,79373100.0,79373100.0,804.7827,770.3957,0.09865670278668404,3.990777611732483,0.08591742068529129,0.9140364527702332,kilat,115,False,True,True,0.04299447312951088,False
17d5b298aaa3,80c8535a56eb,79817170.0,79817170.0,326.41235,337.64932,0.9954909980297089,1.2015836834907532,0.0,0.0,airtanah,137,False,True,True,0.0,False
147a3eeff0cf,8500a6275e01,90412400.0,3170300000.0,889.25824,872.3392,0.46500809490680695,3.067960262298584,0.0,0.0,campuran,105,False,True,True,0.0,False
dccb2ac53fd6,8c998ccc0b3a,89567940.0,89567940.0,165.0017,187.24149,0.5778886079788208,5.769274711608887,0.0,0.0,kilat,128,False,True,True,0.0,False
35658ad49bf7,1210667d9694,149998400.0,554680100.0,184.17242,183.9243,0.7639077603816986,1.0513467192649841,0.014371371828019619,1.0,airtanah,113,False,True,True,0.0,False
e3ff8d907b23,b91f3f7a6607,122834376.0,556711900.0,3914.878,3615.7083,0.7728894352912903,1.7235731482505798,0.0019291510106995702,0.0,airtanah,112,False,True,True,0.0021169642568565905,False
a1a88e1c6321,b24c81bd3a80,118036696.0,261003820.0,3174.4597,3252.5774,0.24996425956487656,3.0310580730438232,9.722139111545403e-06,0.0,campuran,105,False,True,True,7.053148351587879e-06,False
d77b7884aa55,e3ff8d907b23,90902470.0,90902470.0,486.2393,494.56143,0.7033248543739319,1.4111756682395935,0.0,0.0,airtanah,112,False,True,True,0.0,False
fb67428eab94,9c6ff14fd7f5,121334080.0,249769330.0,657.9292,610.6148,0.9736504554748535,0.6761492788791656,0.02644108608365059,0.9558666050434113,airtanah,112,False,True,True,0.001222943828906864,False
d586f39149aa,OUTLET,378718050.0,378718050.0,488.97946,621.50757,0.6550556421279907,1.5062595009803772,0.3926946222782135,0.9956560432910919,airtanah,139,False,True,True,0.004014063160866499,False
f6437a5abe9c,d518123a8cd2,42200428.0,42200428.0,98.99329,163.13213,0.4514807015657425,4.608181715011597,0.0,0.0,kilat,114,False,True,True,0.0,False
6806b0586c84,3c2c88622269,152646450.0,152646450.0,30003.271,28913.232,0.3648332804441452,2.0219568014144897,0.039626434445381165,0.0,campuran,108,False,True,True,0.062064070254564285,False
b2bbd25f1875,db308889ef00,155096350.0,155096350.0,50.525024,43.744034,0.3839307427406311,3.431554436683655,0.0,0.0,campuran,117,False,True,True,0.0,False
20661434c8b4,0e40b449a782,124649224.0,124649224.0,23.963642,25.338657,0.5722849518060684,2.5008891820907593,0.0,0.0,campuran,118,False,True,True,0.0,False
6bb317e0c6da,a86b55c6442d,59736216.0,2644191500.0,3483.423,3640.1404,0.05463819578289986,3.669322967529297,0.0013417883892543614,0.0,kilat,115,False,True,True,0.005594194401055574,False
f60ce3fbba42,e736feed1b67,72931550.0,274082430.0,1907.4369,1985.2843,0.1794937700033188,2.7937813997268677,0.0,0.0,campuran,108,False,True,True,0.0,False
d8d168e9ac0f,ac67e7de0948,117981950.0,1687068300.0,490.39917,350.18527,0.5454470813274384,3.8819457292556763,0.0,0.0,campuran,114,False,True,True,0.0,False
c03803d2f529,0e8c1d596f56,84058970.0,262873550.0,343.02612,320.87946,0.9610266089439392,2.0709477066993713,0.0,0.0,airtanah,116,False,True,True,0.0,False
a8cca86d996d,32b8c0bdd7dd,112424370.0,112424370.0,28.289589,36.084396,0.7319074869155884,3.3510866165161133,0.0,0.0,airtanah,118,False,True,True,0.0,False
c1b229b3c33b,26d99efe883e,161679420.0,303820600.0,1864.1302,1887.573,0.052290262654423714,3.856715202331543,0.00027247544494457543,0.0,kilat,108,False,True,True,0.0005034187342971563,False
4cb28c160290,864c23be6f27,41457784.0,41457784.0,655.3356,618.0936,0.10827591270208359,5.269805669784546,0.0,0.0,kilat,106,False,True,True,0.0,False
6035d17fd780,9104fa5e5043,57991108.0,57991108.0,10759.043,1102631.2,0.779452919960022,2.2327770590782166,0.6061285436153412,0.6101664304733276,airtanah,111,False,True,True,0.40771737694740295,True
098faa77f82f,5fd5bd0ce26e,84156710.0,84156710.0,11033.893,9664.386,0.4346635937690735,2.8390296697616577,0.04726233519613743,0.0,campuran,108,False,True,True,0.13674383237957954,False
e497669122fb,9fc1a24e85a6,57926624.0,4346608600.0,307.1887,308.92096,0.12797598540782928,3.1462011337280273,1.5143089967750711e-05,0.0,campuran,106,False,True,True,2.5126361833827104e-05,False
a4a6979c4ff6,96fb4ad13cf4,141594260.0,3665678600.0,979.7672,856.0468,0.13831722736358643,3.1142024993896484,6.817571738793049e-05,0.0,campuran,106,False,True,True,7.696810826018918e-05,False
5382b173cc36,a2f01643008f,66048096.0,338134080.0,2750.5996,2550.4905,0.22569505125284195,4.1251380443573,0.005052334628999233,0.0,kilat,102,False,True,True,0.0037261242978274822,False
dfacbefbf99a,1b01b8915bd9,46172852.0,207083140.0,20.818317,18.251163,0.24065716564655304,2.8884711265563965,0.0,0.0,campuran,107,False,True,True,0.0,False
705fe3283163,ed342e328803,97344280.0,3024067000.0,4712.4424,5253.25,0.7187232673168182,4.723428130149841,0.00010390561874373816,0.0,kilat,116,False,True,True,0.00024397111701546237,False
39a3de3b9a8a,ba4a299d7733,,1268491600.0,1254.796,1062.7122,0.3607387989759445,4.029375314712524,0.0,0.0,kilat,118,False,True,True,0.0,False
917586e7c2e5,6e559eb45605,52880428.0,52880428.0,42.756546,46.32962,0.8627373576164246,1.3342338800430298,0.0,0.0,airtanah,118,False,True,True,0.0,False
23a35fa04ed0,37aa42802adb,99989256.0,453512540.0,650.1586,619.8422,0.11712761968374252,3.427040219306946,5.4781188737251796e-05,0.0,campuran,106,False,True,True,4.988283853890607e-05,False
2f54bd0f5102,OUTLET,103628790.0,152568140.0,224.52388,263.94308,0.059926657006144524,7.0,0.0003101563379459549,0.4223611652851105,kilat,140,False,True,True,0.007083756683641695,False
ee4af836635b,15c10557e190,118329900.0,2100321000.0,3970.8342,4334.167,0.1079699918627739,3.1700727939605713,0.0010337631974834949,0.0,campuran,105,False,True,True,0.000750573119148612,False
98cb11850529,38b30898e3f4,92183140.0,92183140.0,120.39305,126.01377,0.7811203896999359,2.2901755571365356,0.0,0.0,airtanah,113,False,True,True,0.0,False
1a34c4104353,91ac681556e9,117088500.0,117088500.0,82.15624,62.643234,0.9810962080955505,4.259223699569702,0.0,0.0,airtanah,122,False,True,True,0.0,False
d8b3ec949b4c,0dc13545b544,131784230.0,5299314700.0,25099.455,23913.809,0.7028782665729523,2.2915919423103333,0.007879669778048992,0.7102061212062836,airtanah,111,False,True,True,0.002305449452251196,False
5c37ba060241,2d47b528af92,68373304.0,68373304.0,574.434,621.29486,0.6313646137714386,4.083630323410034,3.262014524807455e-05,0.0,kilat,114,False,True,True,0.00016422827593487455,False
2c2a45030803,c1b229b3c33b,140715280.0,140715280.0,1427.3236,1590.0936,0.026005775667726994,3.7570409774780273,0.0,0.0,kilat,108,False,True,True,0.0,False
5f9779c68682,c930d78374d3,85120260.0,146703260.0,1366.1298,1268.549,0.3338330537080765,2.6655285358428955,0.0005937866517342627,0.0,campuran,108,False,True,True,0.0006560371839441359,False
260101417bcd,91ac681556e9,46575550.0,46575550.0,33.577,,0.881288468837738,2.677110195159912,6.186304744915105e-05,0.0,airtanah,122,False,True,True,7.218307655421086e-05,False
bd68db58d274,07b7cb45b3bf,101537050.0,2131688200.0,654.87085,554.56354,0.9230960607528687,0.4608710706233978,0.001615639601368457,1.0,airtanah,112,False,True,True,0.0,False
489d5d7d2c3e,f0d10b2b438e,73869760.0,168295550.0,586.5916,528.27344,0.5402509570121765,5.245665907859802,0.011064416030421853,1.0,kilat,111,False,True,True,0.002271863631904125,False
572d0f19b127,83f17844e37f,105016856.0,177473900.0,11.695289,13.131547,0.8131880462169647,2.342799425125122,0.0,0.0,airtanah,118,False,True,True,0.0,False
d0ed98d8bb61,ee4af836635b,143335970.0,238913090.0,1606.6891,2034.9646,0.13820508867502213,3.241433262825012,0.0007020055199973285,0.0,campuran,105,False,True,True,0.00045722644426859915,False
8362ba35e334,765c9007405f,83918550.0,83918550.0,15.5233965,14.710623,0.015267656650394201,6.902432441711426,0.0,0.0,kilat,118,False,True,True,0.0,False
d8aaab7d8fe6,c6cbc83e2fcf,66221400.0,66221400.0,94368.81,100044.984,0.8428885340690613,0.9928556084632874,1.4289413094520569,0.055205052718520164,airtanah,101,False,True,True,2.8982925415039062,True
27bef262345f,b24c81bd3a80,111496100.0,111496100.0,1587.1316,2011.6069,0.16357027739286423,3.3572301864624023,0.00029543490381911397,0.0,campuran,105,False,True,True,0.00015607158638886176,False
8422a596e41f,17fb9debc2ba,120381660.0,233801520.0,9682.044,7802.438,0.18293067067861557,4.50040328502655,0.0,0.0,kilat,105,False,True,True,0.0,False
a77ed0ad2618,80da1a1861e3,74499460.0,376844260.0,480.21164,445.456,0.9425515532493591,2.695367932319641,0.008891579695045948,0.0,airtanah,104,False,True,True,0.02513435436412692,False
07b7cb45b3bf,e71ebf38c6d2,128843304.0,2519471400.0,896.5931,854.29755,0.890099287033081,0.5715711712837219,4.137528003411717e-05,1.0,airtanah,112,False,True,True,0.0,False
fc0b00a2fa64,29cffe1a9de9,76606960.0,76606960.0,586.82904,593.40576,0.9193963706493378,1.6593987941741943,0.0,0.0,airtanah,112,False,True,True,0.0,False
9cdf5c948f5e,2e320800ef39,70384580.0,416450850.0,2611.1453,2305.248,0.18495357036590576,3.6084041595458984,0.015690311323851347,0.8484039008617401,kilat,115,False,True,True,0.0039799827500246465,False
c71c601c359e,fcbd6f4dd851,134652580.0,2915861500.0,80.317505,95.09598,0.9803160727024078,0.9978393018245697,0.0,0.0,airtanah,113,False,True,True,0.0,False
b4a8ef479733,b1e407fa88d9,73374170.0,73374170.0,45.451862,0.0,0.4659859836101532,2.8603057861328125,0.0,0.0,campuran,101,False,True,True,0.0,False
b8b61e844912,e3ff8d907b23,146597900.0,146597900.0,1566.0917,1522.8431,0.7591125667095184,1.6811675429344177,0.01370889088138938,0.0,airtanah,112,False,True,True,0.027391739189624786,False
6741408af666,8ef76b8cd9ee,121477530.0,121477530.0,111.23605,121.88222,0.964377373456955,2.5851625204086304,0.22252996265888214,0.0,airtanah,113,False,True,True,0.9022113382816315,True
2e320800ef39,8292eb98f51d,80919976.0,504276000.0,649.61005,709.094,0.34327079355716705,3.8607611656188965,0.023671938106417656,0.9903015196323395,kilat,115,False,True,True,0.0012732147115457337,False
2f732eecb178,6b81023eb753,105327820.0,105327820.0,64.847,88.783516,0.5103903710842133,2.439710855484009,0.0,0.0,campuran,113,False,True,True,0.0,False
d8ca40487e3f,782b43035722,171548900.0,171548900.0,,9453.028,0.26846056431531906,1.9388293027877808,0.7357399165630341,0.0,campuran,113,False,True,True,1.1375800371170044,True
e873ba9c5a26,ddb11764c040,70823256.0,127099140.0,514.4723,609.7374,0.06521670147776604,3.9607129096984863,0.0006714320625178516,0.0,kilat,106,False,True,True,0.0007346821366809309,False
5800ad61ca02,fbb9fd61cede,70570200.0,70570200.0,3736.4402,3230.8484,0.028829488903284073,4.545068383216858,0.0,0.0,kilat,108,False,True,True,0.0,False
31994f27c1f6,80fd85e14166,38650044.0,38650044.0,15.18241,15.148358,0.5116535276174545,2.305063843727112,0.0,0.0,campuran,107,False,True,True,0.0,False
16ca3d9eaf74,b9c72b481ae4,,1105136800.0,30.675106,24.49977,0.9888035356998444,1.6648731231689453,0.0,0.0,airtanah,110,False,True,True,0.0,False
823c84997d33,91ac681556e9,,92118960.0,65.930916,51.961887,0.9870103001594543,2.6181949377059937,0.0,0.0,airtanah,122,False,True,True,0.0,False
56217155fef4,dac220b341e0,48213764.0,48213764.0,38.89029,37.185272,0.8992207050323486,2.2761861085891724,0.0,0.0,airtanah,122,False,True,True,0.0,False
d518123a8cd2,06aebd581eaf,58470404.0,148637760.0,332.3371,400.20303,0.5135563910007477,4.834351062774658,0.0,0.0,kilat,114,False,True,True,0.0,False
2ab4fc0a7a20,81360bdbc56a,63377876.0,63377876.0,111.07795,84.612755,0.6619937717914581,3.6156516075134277,0.0,0.0,campuran,118,False,True,True,0.0,False
d893396a6af1,7e5405240676,107356504.0,107356504.0,12.002395,13.776481,0.007813974982127547,7.0,0.0,0.0,kilat,118,False,True,True,0.0,False
e71ebf38c6d2,f9908379dff2,71728980.0,2851573800.0,542.3561,530.9812,0.9339675903320312,0.6628857553005219,0.001159875886514783,1.0,airtanah,112,False,True,True,0.0,False
0a058998a6c3,OUTLET,62495600.0,212188530.0,29.416718,27.196115,0.10418816655874252,4.137404441833496,0.0,0.0,kilat,141,False,True,True,0.0,False
96fb4ad13cf4,e497669122fb,89436520.0,4015990800.0,421.12604,469.23355,0.07645866274833679,2.653665781021118,0.0,0.0,campuran,106,False,True,True,0.0,False
ac67e7de0948,5f5694591dbb,90258430.0,1795674000.0,381.16934,,0.6737340986728668,4.080056667327881,0.0,0.0,kilat,114,False,True,True,0.0,False
29613c1506e6,0df6caa19487,41114724.0,41114724.0,35.594357,55.513496,0.6858258843421936,6.789839506149292,0.0,0.0,kilat,142,False,True,True,0.0,False
d86979306e94,d78b5de61a86,74152700.0,74152700.0,1757.4874,2055.102,0.3506614565849304,3.2730021476745605,0.0,0.0,campuran,108,False,True,True,0.0,False
ec1293860a56,f60ce3fbba42,108139650.0,108139650.0,2520.3281,0.0,0.10176191851496696,2.9070897102355957,0.0,0.0,campuran,108,False,True,True,0.0,False
485cb1fc9ca6,b65909dc0ac9,46676444.0,1679924900.0,577.6378,616.76154,0.791144460439682,1.650393009185791,0.0025990497088059783,0.6787634789943695,airtanah,116,False,True,True,0.002066567714791745,False
c35cd42182dd,41db982096b1,49660336.0,49660336.0,135.13301,165.12852,0.1769922748208046,6.593817472457886,0.099021777510643,1.0,kilat,130,False,True,True,0.023202667012810707,False
2f0b4529cd6b,0a7420bdcff0,85480530.0,85480530.0,1236.0759,1271.1361,0.2294427901506424,3.3736042976379395,0.017038564663380384,1.0,campuran,103,False,True,True,0.0,False
f3407dba0f10,8ffb15b7248d,118212440.0,118212440.0,876.24896,1142.844,0.20800109952688217,3.654045581817627,0.0,0.0,kilat,105,False,True,True,0.0,False
c930d78374d3,7276ab31062a,133454540.0,289228540.0,3565.078,3706.3574,0.3165718764066696,2.5981359481811523,0.0,0.0,campuran,108,False,True,True,0.0,False
0c480b7a4872,9fa2c0669e0e,48302250.0,165017570.0,1416.9182,1385.9607,0.20323006063699722,3.3452824354171753,4.2522473449935205e-05,0.0,campuran,103,False,True,True,4.3312734305800404e-05,False
8175f5388f45,6b81023eb753,110310970.0,553790660.0,101.9096,112.65811,0.9315853714942932,3.795484244823456,0.0,0.0,airtanah,113,False,True,True,0.0,False
f3e413ca20fa,d0200e843d56,105756104.0,105756104.0,8540.848,8832.262,0.06092504411935806,3.9085235595703125,0.038756560534238815,0.0,kilat,106,False,True,True,0.2324687410145998,False
b029d875dbaa,4b2a56583dfb,91793384.0,91793384.0,17.957346,14.397805,0.8576213419437408,3.4423677921295166,0.0,0.0,airtanah,110,False,True,True,0.0,False
250696a2ae5d,a86b55c6442d,104071180.0,148137630.0,20128.256,21378.469,0.02489121165126562,2.9532859325408936,0.09844353795051575,0.0035567879676818848,campuran,115,False,True,True,0.3737974427640438,True
97b764d78c29,3e2b2a482d9e,55495532.0,55495532.0,3869.0315,3725.217,0.08171704038977623,3.011956214904785,0.05602499842643738,0.0,campuran,106,False,True,True,0.16433881781995296,False
2a92e2b7df0a,0c480b7a4872,75174760.0,125028630.0,2333.0933,2359.477,0.33952461183071136,3.2605563402175903,0.0,0.0,campuran,103,False,True,True,0.0,False
f4703395d63b,6c0447ad34b5,124699750.0,3538344000.0,6584.918,5391.4507,0.5906336009502411,2.3634523153305054,0.00014812743029324338,0.0,campuran,116,False,True,True,0.0002881369728129357,False
61c79cb87ce0,OUTLET,59406590.0,59406590.0,9.856023,10.076771,0.019983813166618347,7.0,0.0,0.0,kilat,143,False,True,True,0.0,False
78623d0d3490,11d90199aff1,121184220.0,214968880.0,1621.8224,1504.4337,0.9075939953327179,1.5705829858779907,0.193380206823349,0.9997448623180389,airtanah,112,False,True,True,0.00011326125240884721,False
a0236ca65709,4592d33ebb6d,124748264.0,820250300.0,19.778584,23.548807,0.8415899574756622,1.70649915933609,0.17427311092615128,1.0,airtanah,109,False,True,True,0.0,False
44e2a4e43553,d518123a8cd2,52990384.0,52990384.0,109.16779,159.68762,0.44680608808994293,4.5009461641311646,0.0,0.0,kilat,114,False,True,True,0.0,False
8b59c4c0a4bf,af239ca5243b,51180164.0,125708410.0,411.12985,498.407,0.22799063473939896,5.8252458572387695,0.0,0.0,kilat,114,False,True,True,0.0,False
6159cb60741f,7d683adacea9,96572430.0,96572430.0,3361.432,3032.8118,0.05684565752744675,5.729900121688843,0.0011399106588214636,0.0,kilat,106,False,True,True,0.0005570708308368921,False
b1e407fa88d9,5b9e3c83d640,73874010.0,147615520.0,2032.558,2127.0974,0.641051858663559,2.517586350440979,0.0,0.0,airtanah,101,False,True,True,0.0,False
cdd2f1026160,df850488db2e,57873904.0,356062500.0,9.921734,10.371844,0.9071396291255951,4.396130621433258,0.0,0.0,airtanah,109,False,True,True,0.0,False
6a7918560de6,6dfb93298a61,83676936.0,238349840.0,542.19696,486.89005,0.3496081680059433,2.4833582639694214,0.0008780972275417298,0.0,campuran,106,False,True,True,0.0009388507460244,False
13bcf99ae9bc,aca29740fe1a,73565060.0,12751978000.0,2979.2583,3260.2156,0.3143943250179291,2.5117517709732056,0.0,0.0,campuran,108,False,True,True,0.0,False
d606826337a6,5072fbf1e3cc,0.0,2635601000.0,4095.4685,4141.7617,0.64609095454216,2.506840229034424,0.0005366347904782742,0.8513156771659851,airtanah,116,False,True,True,4.352774612925714e-05,False
bb5b46cfb322,c6cbc83e2fcf,112198664.0,112198664.0,1077.3873,712.6303,0.4280657470226288,4.066657781600952,2.0872355699539185,1.0,irigasi,101,False,True,True,0.0,False
f6e2101ae211,844684565e22,82604620.0,82604620.0,1548.37,1716.3043,0.24267823994159698,2.5010201930999756,0.022622231394052505,1.0,campuran,103,False,True,True,0.0,False
88739ebdf5b5,505570e8b3b7,79643224.0,79643224.0,524.6857,,0.3154276907444,4.910674095153809,0.00725327362306416,1.0,kilat,115,False,True,True,0.0,False
386e6aeaf5c5,62b47f6d2778,93700160.0,93700160.0,107.45874,115.53999,0.8658753335475922,1.4935008883476257,0.20806333795189857,1.0,airtanah,113,False,True,True,0.0,False
e503c58f7142,9c6ff14fd7f5,177082450.0,294151330.0,1026.3229,1035.4156,0.8933227360248566,0.6333294808864594,0.0603278037160635,0.9965169429779053,airtanah,112,False,True,True,0.0003833809751085937,False
e7353f5b2106,91ac681556e9,65454650.0,65454650.0,42.841427,33.796387,0.6337834298610687,3.054626703262329,0.00025169586660922505,0.0,campuran,122,False,True,True,0.0005053818749729544,False
3e044bea2c03,77dd5950a685,76633450.0,146163200.0,2766.2847,2780.8367,0.17719005048274994,3.9478331804275513,0.002557799918577075,0.1406588088721037,kilat,103,False,True,True,0.0017512585036456585,False
1809bcee73fd,714a2795bf13,152987040.0,152987040.0,366.4181,379.55026,0.7311291396617889,1.3484442830085754,0.2594870626926422,0.5,airtanah,144,False,True,True,0.2506599426269531,False
406e3357a96d,65c086dd4869,144584220.0,144584220.0,311.37848,268.70462,0.049159249290823936,5.752906799316406,0.0,0.0,kilat,118,False,True,True,0.0,False
680acce2d233,65c086dd4869,152020480.0,152020480.0,329.12744,246.60982,0.04643886163830757,6.406785488128662,0.0,0.0,kilat,118,False,True,True,0.0,False
39e41bfcecc1,aca29740fe1a,94032790.0,909395140.0,18748.502,21119.965,0.47158996760845184,2.031766653060913,0.0005945523153059185,0.0,campuran,108,False,True,True,0.0011287234374321997,False
7e07e1f7dcd1,92edb991a050,45138504.0,45138504.0,237.83977,264.2105,0.089557945728302,3.577804923057556,0.0026578943943604827,0.0,kilat,106,False,True,True,0.0246652252972126,False
acecd9c06ae1,884e38a5472f,103334440.0,7992968000.0,937.4963,919.77325,0.8125064969062805,1.1342138051986694,6.882404704811051e-05,0.3923523277044296,airtanah,112,False,True,True,3.675985135487281e-05,False
68b3347d8160,714a2795bf13,59873270.0,59873270.0,307.8415,322.93057,0.0,0.0,0.0,0.0,campuran,144,False,True,True,0.0,False
d77d9fded82c,a86b55c6442d,60815030.0,60815030.0,6807.387,6552.957,0.03236202336847782,4.049379229545593,0.09335660561919212,0.0,kilat,115,False,True,True,0.5397760346531868,True
5f5694591dbb,2d47b528af92,71524040.0,2548347400.0,581.34125,573.91797,0.5695092678070068,3.6783446073532104,0.0,0.0,campuran,114,False,True,True,0.0,False
7075d2a7a1ba,2e2f6ab50c2a,40596604.0,40596604.0,202.93028,211.43428,0.1269460916519165,2.986714720726013,0.0,0.0,campuran,106,False,True,True,0.0,False
06b50bfd9708,9104fa5e5043,133948810.0,783572400.0,84882.55,86086.62,0.8280064761638641,2.3078651428222656,0.26849737763404846,0.30025818943977356,airtanah,111,False,True,True,0.2476382851600647,False
05b709c3f340,15607027d781,80975270.0,80975270.0,486.86734,536.6651,0.22797711193561554,3.1869161128997803,0.02470855787396431,0.9701696038246155,campuran,115,False,True,True,0.0020248022192390636,False
2220266b20c1,8fec123f19b3,77264380.0,77264380.0,564.77747,534.62573,0.05556856654584408,5.6330602169036865,0.008925196249037981,0.0,kilat,115,False,True,True,0.045440892688930035,False
01dda3e06fe5,OUTLET,137241010.0,2326934800.0,236.40337,211.648,0.0,1.655179500579834,0.25000879913568497,1.0,campuran,109,False,True,True,0.0,False
084958145d96,db308889ef00,99858550.0,99858550.0,30.536276,28.839705,0.5073012560606003,3.803248405456543,0.0,0.0,campuran,117,False,True,True,0.0,False
7c6cc51a3690,c7dc744d3f81,117498760.0,,521.8727,468.98022,0.14378668367862701,2.775005340576172,0.025769289582967758,0.0,campuran,106,False,True,True,0.11121686547994614,False
b17080dedbae,OUTLET,123925780.0,3737707300.0,12638.151,9184.831,0.44887568056583405,2.382505178451538,0.0018146313959732652,0.0,campuran,116,False,True,True,0.003224066342227161,False
26154a067420,2a3bcbe7b11f,50177380.0,269364800.0,26.05012,27.276564,0.889157772064209,2.4302228689193726,0.0019776997505687177,0.016839148476719856,airtanah,101,False,True,True,0.0018837910611182451,False
0ae050d1560e,62dda12694c2,99532590.0,183297440.0,64832.64,60034.105,0.22657343745231628,2.41697895526886,0.11597499996423721,0.006425946252420545,campuran,115,False,True,True,0.30411674454808235,True
7161d79c250e,844684565e22,80014430.0,598572700.0,1367.9396,1391.8517,0.37477564811706543,3.0316957235336304,0.0005228508089203387,0.04075933713465929,campuran,103,False,True,True,0.0005712749407393858,False
689db529e9cd,7bb9b559398d,40844588.0,40844588.0,12194.955,11996.369,0.30575163662433624,1.6928709745407104,0.10274246335029602,0.0,campuran,127,False,True,True,0.11020933464169502,False
8500a6275e01,4be2207b3111,80092320.0,3053075200.0,2603.6802,2672.6921,0.3750559687614441,3.15622615814209,0.0,0.0,campuran,105,False,True,True,0.0,False
91ac681556e9,OUTLET,173595090.0,1716814100.0,116.60406,96.052124,0.926722913980484,2.322855234146118,9.066517577593913e-06,0.0,airtanah,122,False,True,True,5.198031658437685e-06,False
c1340279018e,a77ed0ad2618,145637860.0,145637860.0,448.33246,433.42722,0.9769569337368011,2.519805431365967,0.8823776394128799,0.9998809695243835,airtanah,104,False,True,True,0.00042251404738635756,False
010165b0919c,a3356a66d394,124115540.0,2608683000.0,65.555466,70.77446,0.5980731546878815,2.526228189468384,0.03447131719440222,1.0,campuran,110,False,True,True,0.013834930956363678,False
d222c5868f76,f5e0af5dfd68,52258396.0,,511.24747,499.4597,0.09954467788338661,2.803923487663269,0.0,0.0,campuran,106,False,True,True,0.0,False
b65909dc0ac9,759915858655,155700560.0,2143254700.0,1828.2849,1924.9325,0.856033205986023,1.854479432106018,0.0022150243166834116,0.8947314023971558,airtanah,116,False,True,True,0.002939642348792404,False
8879db4100b7,7adff310dd0b,140977940.0,238053070.0,659.0949,574.1323,0.9732716381549835,0.867090255022049,0.0016943802474997938,0.0,airtanah,116,False,True,True,0.002279997803270817,False
ce9d02316be6,cd51fed6d742,79514240.0,79514240.0,3437.6682,3131.2864,0.22749552875757217,4.550906419754028,8.068850729614496e-05,0.0,kilat,102,False,True,True,5.478567982208915e-05,False
9a2e781f4207,01dda3e06fe5,102020020.0,2227902000.0,132.38698,130.80452,0.0,1.6441380381584167,0.09247545525431633,1.0,campuran,109,False,True,True,0.0,False
5a89d869d304,c6addf56e79e,85128744.0,365592740.0,1145.7466,1345.3928,0.07349171489477158,4.063817024230957,0.0,0.0,kilat,115,False,True,True,0.0,False
f348c30acf28,250696a2ae5d,48165708.0,48165708.0,638.6426,587.83826,0.03699962608516216,3.5035842657089233,0.08546820655465126,1.0,kilat,115,False,True,True,0.0,False
0ec34a53613b,6d8d86e438a0,69719480.0,-69719480.0,,333.5965,0.3438672572374344,2.749146342277527,0.0,0.0,campuran,114,False,True,True,0.0,False
a7b0fa79b637,13bcf99ae9bc,84734290.0,720429440.0,6259.295,4893.329,0.06769569218158722,4.143800735473633,0.0005295994196785614,0.0,kilat,108,False,True,True,0.001062487077433616,False
e736feed1b67,26d99efe883e,49973292.0,361548830.0,1932.8632,2023.9938,0.24911825358867645,2.7600364685058594,0.0,0.0,campuran,108,False,True,True,0.0,False
0287c109eaf1,22cf7997ab8f,123737100.0,123737100.0,121.071075,148.49501,0.9477375149726868,4.077170372009277,0.026346443410147913,1.0,airtanah,113,False,True,True,0.0,False
0cda552acfee,aca29740fe1a,144599150.0,1481240200.0,28008.123,26401.307,0.3584357500076294,2.5728347301483154,0.006344563094899058,0.0,campuran,108,False,True,True,0.009542102925479412,False
eaee84b5a4c4,881c25e8ee9b,56943628.0,164053200.0,10.511247,12.368704,0.8135213553905487,1.6837320923805237,0.0,0.0,airtanah,109,False,True,True,0.0,False
b0ef911e71d0,6d8d86e438a0,46659484.0,46659484.0,1851.9567,2047.7734,0.0730040967464447,5.3569817543029785,0.009371569380164146,0.0,kilat,114,False,True,True,0.008614663034677505,False
2ab250d750f6,ef89f980fbf9,,120095100.0,1073.6759,1038.4413,0.055534783750772476,3.8223217725753784,0.0,0.0,kilat,106,False,True,True,0.0,False
21b1fc1566f6,765c9007405f,41638624.0,1169668600.0,70.639275,60.903355,0.46590670943260193,4.777395248413086,0.0,0.0,kilat,118,False,True,True,0.0,False
6e465db53812,c287ec3525f1,65456970.0,65456970.0,716.4823,692.171,0.9373990893363953,0.3223009258508682,0.049962664023041725,1.0,airtanah,112,False,True,True,0.0,False
eaf9dd7b3832,1c1fe639d840,88304140.0,194796270.0,1882.6971,2084.4536,0.02659731637686491,5.763093948364258,0.00859613879583776,0.0,kilat,108,False,True,True,0.02711655874736607,False
d42863717385,7c937df39772,82054320.0,82054320.0,73.82862,82.634544,0.9678005874156952,4.735262751579285,0.0,0.0,airtanah,122,False,True,True,0.0,False
7adff310dd0b,62af82588632,63110532.0,793098800.0,246.73798,222.80893,0.8446194231510162,1.8625547289848328,0.004324380774050951,0.0,airtanah,116,False,True,True,0.005411680089309812,False
649ab1e42ace,6bb317e0c6da,57404628.0,1298525800.0,1821.6198,1799.3987,0.047735003754496574,3.6889578104019165,0.0005307693354552612,0.0,kilat,115,False,True,True,0.001099577362765558,False
2eec01a471f2,fb67428eab94,124601440.0,124601440.0,631.5519,671.1734,0.9597486853599548,0.5301787257194519,0.003023629542440176,1.0,airtanah,112,False,True,True,0.0,False
181aac8a81b4,2ab250d750f6,45541050.0,45541050.0,1050.1483,821.724,0.057969747111201286,3.8730955123901367,0.0014105121954344213,0.0,kilat,106,False,True,True,0.0036607920192182064,False
7d9a8b5e40f5,eaf030943893,80862980.0,1107923100.0,563.8002,536.49457,0.19035861641168594,3.66258704662323,1.4741468703505234e-06,0.0,kilat,115,False,True,True,3.1767399377713446e-06,False
6c0447ad34b5,5db73d7ee0e9,117958890.0,3584683300.0,8787.38,6736.9756,0.5080313682556152,2.38387393951416,0.0006387199682649225,0.0,campuran,116,False,True,True,0.001079535810276866,False
5b116a1019a8,17fb9debc2ba,156277730.0,156277730.0,18790.803,18762.838,0.07453383505344391,2.9656227827072144,0.045633211731910706,0.0,campuran,105,False,True,True,0.03896244615316391,False
0ce2ffdca165,e503c58f7142,123542870.0,123542870.0,457.40347,420.16473,0.8950895965099335,0.8585923612117767,0.44134944677352905,0.9991393387317657,airtanah,112,False,True,True,0.0007185080321505666,False
9408c44257fb,16ae3c01d01f,51759080.0,1412818600.0,32.99134,30.823257,0.5588708817958832,4.918866157531738,0.003535853698849678,0.0,kilat,118,False,True,True,0.011772134341299534,False
6d71fadeaa17,295e985c4966,136515580.0,136515580.0,78.93692,84.026245,0.9832765161991119,0.9838409423828125,0.0,0.0,airtanah,113,False,True,True,0.0,False
1c1fe639d840,fbb9fd61cede,73161290.0,358656860.0,1958.074,1808.6571,0.017570268362760544,4.056248426437378,0.0,0.0,kilat,108,False,True,True,0.0,False
03eb2f5c78d0,844684565e22,111946820.0,111946820.0,1859.5844,1989.548,0.3426065593957901,4.127471923828125,0.0009005994070321321,0.0,kilat,103,False,True,True,0.001146082824561745,False
067a9744286c,f76aa23a1f71,43005984.0,43005984.0,5.748419,7.6832986,0.9817553460597992,3.018961548805237,0.0,0.0,airtanah,145,False,True,True,0.0,False
aa93830ffc51,e71ebf38c6d2,131011820.0,131011820.0,847.1013,710.0127,0.9108816385269165,1.6515279412269592,0.002892217831686139,1.0,airtanah,112,False,True,True,0.0,False
cfdb0b58da64,234fdb654c99,106633944.0,106633944.0,58.363,67.961136,0.99647456407547,2.258086621761322,0.0,0.0,airtanah,110,False,True,True,0.0,False
62b7325fc7dc,2f54bd0f5102,109497580.0,109497580.0,231.24213,281.63535,0.09459761530160904,7.0,0.0,0.0,kilat,140,False,True,True,0.0,False
4ea451a1a718,39a3de3b9a8a,148429760.0,148429760.0,15.982935,17.433548,0.22147386521100998,5.879258155822754,0.0,0.0,kilat,118,False,True,True,0.0,False
ed4876e30cf9,2669bbd79900,82129240.0,82129240.0,474.32443,435.46664,0.1272512897849083,4.147763252258301,0.0,0.0,kilat,114,False,True,True,0.0,False
09433599e1dd,81360bdbc56a,82382110.0,82382110.0,,23.849514,0.6992641389369965,2.4632372856140137,0.0,0.0,airtanah,118,False,True,True,0.0,False
e9443d450efb,bccae8472889,89714670.0,15433218000.0,145.84229,174.8455,0.019452261738479137,4.3317490220069885,0.0,0.0,kilat,118,False,True,True,0.0,False
1b7556ff7641,b4b15292ee61,139312540.0,139312540.0,163.90036,181.9916,0.5610006749629974,1.5813133120536804,0.0,0.0,airtanah,113,False,True,True,0.0,False
bcdc161d82e6,862fc18cee45,145265620.0,1155243000.0,4790.1177,4866.27,0.15819665044546127,4.042222619056702,0.0007851111586205661,0.0,kilat,105,False,True,True,0.0006530648097395897,False
d9773e9c5b79,8fec123f19b3,93408760.0,835781900.0,1147.5568,1245.577,0.0688230749219656,3.350494146347046,0.00022935435845283791,0.0,campuran,115,False,True,True,0.0006471575252362527,False
8c36d70c5998,c03803d2f529,108838240.0,108838240.0,445.1446,406.75958,0.9423255026340485,4.154645681381226,0.0,0.0,airtanah,116,False,True,True,0.0,False
862fc18cee45,b24c81bd3a80,117037860.0,1144641800.0,1215.0265,1395.3395,0.17154511064291,3.075181484222412,0.0,0.0,campuran,105,False,True,True,0.0,False
81494c0a89f0,a0cbc6262e1c,124078424.0,124078424.0,74.79867,73.006836,0.9623421728610992,2.9347286224365234,0.0,0.0,airtanah,119,False,True,True,0.0,False
4b9ef5f066fe,6bb2d5f6d34b,69324710.0,69324710.0,342.55484,381.14203,0.17718296498060226,5.541625261306763,0.0,0.0,kilat,114,False,True,True,0.0,False
ac70676d8488,26154a067420,94577850.0,94577850.0,514.5821,438.18127,0.5888917744159698,2.562394142150879,0.0,0.0,campuran,101,False,True,True,0.0,False
00f1c0e1e810,OUTLET,160813420.0,,8600.823,9560.94,0.1577300727367401,4.032710909843445,0.2548849955201149,0.0,kilat,102,False,True,True,0.14547526487149298,False
bccae8472889,OUTLET,112690530.0,14565241000.0,194.30898,213.44646,0.4100456237792969,1.927303671836853,0.0,0.0,campuran,118,False,True,True,0.0,False
7fd1b05c01a3,8ffb15b7248d,126247050.0,294399000.0,790.38556,1049.1066,0.2634337395429611,4.02632737159729,0.0,0.0,kilat,105,False,True,True,0.0,False
fcbd6f4dd851,38b30898e3f4,92317080.0,3453154000.0,72.106026,73.668175,0.3166302591562271,1.3265486657619476,0.0,0.0,campuran,113,False,True,True,0.0,False
4ed0591cb767,6d973bd13103,155634400.0,155634400.0,147.51198,178.19113,0.5054729729890823,3.1575205326080322,4.047080397605896,1.0,irigasi,131,False,True,True,37.5597038269043,True
95b853d974ee,25123ae17d16,97456500.0,97456500.0,18.384886,20.207315,0.918768435716629,0.8853005170822144,0.2612697705626488,1.0,airtanah,109,False,True,True,0.0,False
1227b1551717,42d8c874e49a,148366200.0,15780621000.0,10220.807,9421.206,0.19564586132764816,2.3458014726638794,9.865373431239277e-05,0.0,campuran,108,False,True,True,0.0001255867628060514,False
234fdb654c99,a3356a66d394,101521460.0,205128500.0,56.1692,59.41251,0.9841243326663971,2.23290753364563,0.0,0.0,airtanah,110,False,True,True,0.0,False
ed9a2c12b860,OUTLET,74169930.0,219139820.0,1.9527793,5.9858947,0.9556860327720642,2.6214144229888916,0.0,0.0,airtanah,121,False,True,True,0.0,False
46587b4340ab,7e5405240676,64219376.0,64219376.0,20.470558,20.81697,0.008381691761314869,6.82219123840332,0.0,0.0,kilat,118,False,True,True,0.0,False
723bb24acbb1,34dce144b541,110219600.0,110219600.0,12.153991,13.738157,0.5275152325630188,4.732524156570435,0.0,0.0,kilat,118,False,True,True,0.0,False
feddeb35eb1c,39e41bfcecc1,85239990.0,764500700.0,18169.83,18165.684,0.40880440175533295,2.1080546379089355,1.534939792691148e-05,0.0,campuran,108,False,True,True,2.473999029461993e-05,False
5c5c77e4f9ad,f0d10b2b438e,53492428.0,53492428.0,2485.579,2282.166,0.6946961879730225,3.048611879348755,0.11330374330282211,0.7442666888237,airtanah,111,False,True,True,0.04899925738573074,False
2669bbd79900,1caf0ef57641,64573212.0,197558220.0,378.52997,377.40173,0.12461265549063683,3.9859108924865723,0.0,0.0,kilat,114,False,True,True,0.0,False
62b47f6d2778,22cf7997ab8f,127575890.0,6762735600.0,122.739914,115.5959,0.7678445875644684,1.3437659740447998,0.0,0.0,airtanah,113,False,True,True,0.0,False
1583397bb37d,649ab1e42ace,61128280.0,61128280.0,481.2354,443.55435,0.10786298289895058,4.718993902206421,0.004322767024859786,0.0,kilat,115,False,True,True,0.018928593955934048,False
32747d2125f9,acecd9c06ae1,-9999.0,5917502500.0,1193.5184,1182.183,0.8446153700351715,1.217492699623108,0.00012079850785085,0.38941894471645355,airtanah,112,False,True,True,5.192142816667911e-05,False
cf468695c453,1227b1551717,52031450.0,52031450.0,11874.847,12008.816,0.7158756256103516,1.3964524865150452,0.1063307486474514,0.0,airtanah,108,False,True,True,0.2923594191670418,False
b08c7f92cb82,78f6ce1d2494,86227820.0,86227820.0,119.23569,88.16666,0.890644907951355,2.0911288261413574,0.0,0.0,airtanah,118,False,True,True,0.0,False
e2a999182f00,185a41ea700c,88243560.0,2274289200.0,237.293,179.45848,0.4220469743013382,2.382234573364258,0.19063325226306915,1.0,campuran,119,False,True,True,0.09042941220104694,False
10bb820bd818,00f1c0e1e810,123311940.0,123311940.0,1717.6206,1497.2144,0.16520952433347702,4.505759239196777,0.0,0.0,kilat,102,False,True,True,0.0,False
919c82443475,abb0bf0a47df,131564330.0,131564330.0,1176.3732,1052.118,0.20350521057844162,6.360574007034302,0.0,0.0,kilat,102,False,True,True,0.0,False
0a7420bdcff0,4d4cfb47dbe6,68136140.0,150957070.0,934.4775,944.7514,0.17484840005636215,3.4738940000534058,0.009537436533719301,1.0,campuran,103,False,True,True,0.0,False
0dbb393d6eda,71ef388d4977,110262140.0,110262140.0,345.70844,393.92053,0.8895615339279175,0.8854653686285019,0.0,0.0,airtanah,136,False,True,True,0.0,False
b80f5478da0b,80fd85e14166,41632764.0,41632764.0,17.975052,16.855877,0.7957589626312256,1.601969599723816,0.0,0.0,airtanah,107,False,True,True,0.0,False
22b79af7bde4,92edb991a050,86234750.0,4467959300.0,446.58432,565.2832,0.1346203312277794,5.302305579185486,0.0,0.0,kilat,106,False,True,True,0.0,False
df850488db2e,a0236ca65709,66587230.0,422519970.0,11.304895,12.272185,0.9306651949882507,1.9105215072631836,0.0,0.0,airtanah,109,False,True,True,0.0,False
11d90199aff1,7c1736203277,45826224.0,862312300.0,2194.3281,2211.735,0.8959669768810272,0.7849432528018951,0.01965672429651022,0.7822840511798859,airtanah,112,False,True,True,0.0057330005802214146,False
8ffb15b7248d,6e7af3c2eb45,31838068.0,622665000.0,461.34036,490.38593,0.26223021000623703,4.061945676803589,0.00040197950147558004,0.0,kilat,105,False,True,True,0.00028577318153111264,False
53b725dfd6a8,f3cf82f76d4c,78858024.0,78858024.0,888058.5,813273.6,0.6014063060283661,0.8870147168636322,1.7236218452453613,0.0,airtanah,127,False,True,True,4.0372536182403564,True
5072fbf1e3cc,705fe3283163,77097660.0,2729059800.0,2022.1539,2103.5862,0.742005467414856,2.3608322143554688,1.3433830190479057e-06,0.5,airtanah,116,False,True,True,0.0,False
ff5fb7d4f5d0,489d5d7d2c3e,96286990.0,96286990.0,176.11955,156.36421,0.5982731878757477,2.680701732635498,0.002360648475587368,1.0,campuran,111,False,True,True,0.00046866832417435944,False
d533c4c5c5a9,f0d10b2b438e,104241340.0,104241340.0,211.64621,179.15872,0.7104942798614502,3.105995774269104,0.00658781360834837,1.0,airtanah,111,False,True,True,0.0,False
4f75bbf22021,3a250ba91f19,43908332.0,43908332.0,313.0783,324.05817,0.27857597172260284,3.382136583328247,0.0,0.0,campuran,106,False,True,True,0.0,False
dba3e0dbc7c5,37802d7f432d,126302590.0,126302590.0,110.04646,113.72482,0.9277750253677368,2.6784757375717163,0.0,0.0,airtanah,119,False,True,True,0.0,False
7f61a1c41067,b48ff8c52473,92502296.0,209234700.0,3344.9048,3383.2131,0.16214963048696518,3.234611392021179,0.0,0.0,campuran,105,False,True,True,0.0,False
2ac042e39686,299fb1f385d3,56417390.0,463519170.0,185.74434,193.4137,0.07401742041110992,3.8701229095458984,0.2933114469051361,1.0,kilat,104,False,True,True,0.0,False
f611b2b67e27,563899cce738,101817220.0,101817220.0,100.46763,89.91378,0.6455872654914856,2.2825103402137756,0.0,0.0,airtanah,119,False,True,True,0.0,False
e5f0eee8d141,67157a0be7ab,151709170.0,151709170.0,3845.471,3604.957,0.4257039874792099,2.4474176168441772,1.4049926400184631,0.0,campuran,110,False,True,True,6.448692202568054,True
2178015e0149,c6cbc83e2fcf,121724350.0,121724350.0,14178.564,11510.448,0.39658643305301666,2.907912254333496,0.47534970939159393,0.30937647819519043,campuran,101,False,True,True,0.6385825425386429,True
34dce144b541,9d22548d89c6,126699480.0,493264350.0,12.879973,15.10923,0.7873246669769287,4.427606105804443,0.0,0.0,kilat,118,False,True,True,0.0,False
9d28ea4ae5ce,4d4cfb47dbe6,77121800.0,1731042600.0,1425.3743,1331.1813,0.31491267681121826,2.4756808280944824,0.0,0.0,campuran,103,False,True,True,0.0,False
4c072cc8f0d0,OUTLET,62774024.0,290769120.0,778.27435,757.2409,0.8650209307670593,0.7843954265117645,0.012469572480767965,0.8755315840244293,airtanah,137,False,True,True,0.002554495120421052,False
23d027a1e3cf,c03631df3608,110911450.0,110911450.0,788.2427,831.90234,0.2395462691783905,5.092312335968018,5.967317633803759e-06,0.0,kilat,105,False,True,True,6.043365374353016e-06,False
db4ee76101bf,53a3a7a77eff,94218750.0,94218750.0,86.88082,89.38634,0.9953240752220154,0.3385448306798935,0.0,0.0,airtanah,113,False,True,True,0.0,False
5a10cd3e48ff,6d466fd608ea,111366136.0,111366136.0,96.88957,112.504326,0.9939002096652985,0.9132374674081802,0.0,0.0,airtanah,113,False,True,True,0.0,False
dbf53ad23d2f,71ef388d4977,90264400.0,90264400.0,262.5813,301.50937,0.6665564477443695,3.025506556034088,0.0,0.0,campuran,136,False,True,True,0.0,False
f064d251a172,f086032876ac,87681020.0,127770830.0,13604.664,12972.555,0.30988334119319916,2.1864784359931946,0.014042715076357126,0.0,campuran,108,False,True,True,0.03916253801435232,False
3fbe53a959c2,2669bbd79900,54814470.0,54814470.0,299.33273,284.07825,0.10599450394511223,3.897807240486145,0.0,0.0,kilat,114,False,True,True,0.0,False
3ca08f84c427,661e2849e936,,61517890.0,54.235455,55.44906,0.22254429012537003,2.8394969701766968,0.051110485568642616,0.0,campuran,113,False,True,True,0.11188440769910812,False
f47dce9b087b,d78b5de61a86,149003090.0,149003090.0,3499.5784,3642.4553,0.2691487669944763,3.6731786727905273,0.008677208796143532,0.0,campuran,108,False,True,True,0.016343172639608383,False
7568c97cc9e4,eab1235c1921,117635784.0,117635784.0,4194.883,4077.3135,0.3695736825466156,3.189973831176758,0.0004678433761000633,0.0,campuran,105,False,True,True,0.00033087626070482656,False
53a3a7a77eff,8175f5388f45,190724600.0,290695040.0,159.2219,186.95702,0.983735591173172,0.588062196969986,0.0,0.0,airtanah,113,False,True,True,0.0,False
4be2207b3111,eab1235c1921,114708440.0,3113493800.0,2087.9712,2234.7039,0.34408095479011536,3.1843793392181396,3.5521593417797703e-06,0.0,campuran,105,False,True,True,2.9912633863204974e-06,False
7b3d79267e1e,6d8d86e438a0,86047460.0,240882850.0,521.2816,481.18167,0.15957750380039215,4.675768613815308,0.0,0.0,kilat,114,False,True,True,0.0,False
ca7b279480ed,6bb317e0c6da,73422310.0,1223092600.0,1106.3124,1127.5273,0.11144642531871796,3.8127357959747314,0.00012589366087922826,0.0,kilat,115,False,True,True,0.0002735276357270777,False
53b251f60c9c,3582476e8e3c,94757656.0,94757656.0,491.5003,455.0801,0.6792780756950378,4.025953531265259,0.005001156125217676,0.0,campuran,104,False,True,True,0.014426580513827503,False
17fb9debc2ba,72ef13f42281,118926370.0,622394940.0,9706.332,9213.698,0.13112518936395645,3.2873616218566895,0.0011103980068583041,0.0,campuran,105,False,True,True,0.0009048671345226467,False
633cb63bccdb,337bedc9fb97,49029964.0,12883978000.0,11.984862,14.083989,0.7595975697040558,1.8191221356391907,3.9619136487090145e-06,0.0,airtanah,118,False,True,True,4.710571261057339e-06,False
9573b797da69,c1d40899b862,155470380.0,233952900.0,1613.2681,1227.7511,0.7133488655090332,2.298026204109192,1.9424805641174316,1.0,airtanah,119,False,True,True,3.732625424861908,True
a5bc93ee7b14,7b3d79267e1e,76747770.0,76747770.0,793.59314,745.31775,0.15216843038797379,4.951212644577026,0.0,0.0,kilat,114,False,True,True,0.0,False
9c061887d84e,eaf9dd7b3832,101435640.0,101435640.0,2406.6992,2215.6543,0.0778941959142685,3.4838807582855225,0.0,0.0,campuran,108,False,True,True,0.0,False
af8024be4169,ca01e5e82029,-50405544.0,50405544.0,312.02252,313.17868,0.752594381570816,1.6051996946334839,0.0,0.0,airtanah,112,False,True,True,0.0,False
0fe8e380de69,7d9a8b5e40f5,90721576.0,90721576.0,569.6467,587.7112,0.14554008841514587,4.399012327194214,0.10043913871049881,0.9840303063392639,kilat,115,False,True,True,0.005385360098443925,False
22c06e9a3abd,4efad9c59466,36803110.0,36803110.0,25.38359,24.299072,0.592007577419281,3.9192174673080444,0.729109138250351,0.8722260892391205,campuran,101,False,True,True,0.7608066201210022,True
f420be019968,1227b1551717,41007084.0,41007084.0,3873.081,4184.96,0.21124423295259476,2.348767876625061,0.0,0.0,campuran,108,False,True,True,0.0,False
7bb9b559398d,fdcf5e156e77,79275680.0,118617980.0,147693.4,142364.6,0.20778260380029678,1.6145848035812378,0.6576648950576782,0.0,campuran,127,False,True,True,1.1707952320575714,True
4bc927e9a014,65c086dd4869,44231788.0,44231788.0,34.69897,28.216127,0.0027408285823184997,7.0,0.0,0.0,kilat,118,False,True,True,0.0,False
4abd29e11111,e85a85bd560b,75242040.0,75242040.0,2127.1997,2037.8173,0.7107631266117096,1.2607827186584473,2.147569179534912,0.0,irigasi,110,False,True,True,7.465426445007324,True
376b9565b612,a000d3d3b351,46387556.0,46387556.0,2883.2354,2687.4517,0.20644085109233856,2.951081871986389,0.0006989170797169209,0.0,campuran,108,False,True,True,0.0014223592879716307,False
c3f0bec41835,c70dd7b9f234,173814770.0,173814770.0,6102.722,5830.99,0.1393279880285263,2.887422204017639,0.014212863985449076,0.0,campuran,103,False,True,True,0.010579120367765427,False
6a0aeb1b2b28,2620c4170473,60883824.0,248130500.0,2623.3645,2555.6128,0.28130412101745605,3.189306616783142,0.0,0.0,campuran,108,False,True,True,0.0,False
03b58a37b2c4,c71c601c359e,176144100.0,2551573800.0,97.242836,117.80817,0.9738607704639435,0.9885583519935608,0.0,0.0,airtanah,113,False,True,True,0.0,False
a000d3d3b351,64ae011ba7a9,49418360.0,97920810.0,2520.897,2778.321,0.2319680079817772,2.208701014518738,0.0,0.0,campuran,108,False,True,True,0.0,False
964519625fc3,09756c3d347e,124546800.0,124546800.0,4690.448,4764.3457,0.3095819354057312,4.718352794647217,0.013952790759503841,0.0,kilat,102,False,True,True,0.011530602350831032,False
26871140b63f,cdd2f1026160,74139496.0,173664960.0,13.729839,13.6202755,0.897105485200882,1.582396388053894,0.0,0.0,airtanah,109,False,True,True,0.0,False
c392e93aa1e2,OUTLET,35730250.0,3646378500.0,31.59831,30.851349,0.677870124578476,2.1686949729919434,0.0,0.0,airtanah,110,False,True,True,0.0,False
6d77d27f88b1,11d90199aff1,62158720.0,62158720.0,771.7587,787.26086,0.9503374695777893,0.48831692337989807,0.24167577922344208,0.9525076150894165,airtanah,112,False,True,True,0.012513652443885803,False
c4772b1f1bfe,09756c3d347e,70601736.0,70601736.0,9147.743,8820.2705,0.24259719252586365,4.154980182647705,0.02251993678510189,0.0,kilat,102,False,True,True,0.020844627171754837,False
a491809e89b7,cf9bf7e49900,76010680.0,245814200.0,2778.9033,3257.779,0.24116820842027664,3.595699667930603,0.051090555265545845,0.5843408107757568,campuran,115,False,True,True,0.06881629675626755,False
012c0daa2778,f60ce3fbba42,85571410.0,85571410.0,2149.1855,1716.7316,0.08749563619494438,3.1520520448684692,0.0,0.0,campuran,108,False,True,True,0.0,False
3980a5764165,ee17e2994d22,114223400.0,247687970.0,102.53904,,0.9956750273704529,2.4768197536468506,0.0,0.0,airtanah,113,False,True,True,0.0,False
9b06ffb61f82,ec5402b29888,75542680.0,916125760.0,1308.8546,1432.6544,0.25374942272901535,2.7705750465393066,0.00010419126192573458,0.0,campuran,103,False,True,True,0.00012673097080551088,False
ca534a095b88,8ffb15b7248d,73470330.0,73470330.0,1121.6699,1298.2124,0.2458772286772728,3.7628384828567505,0.0,0.0,kilat,105,False,True,True,0.0,False
29cffe1a9de9,f9908379dff2,43854132.0,241075410.0,337.38235,305.8366,0.9587994515895844,1.6295917630195618,0.0171323511749506,1.0,airtanah,112,False,True,True,0.0,False
6c4181107e36,ba310b09d235,128068550.0,13289179000.0,42.029476,54.62656,0.5369845628738403,1.9131911396980286,0.0003572784044081345,0.0,campuran,118,False,True,True,0.00044267598423175514,False
b9c72b481ae4,a54f5a067d94,129061620.0,1249594400.0,35.23882,30.163857,0.9835966229438782,1.8523659706115723,0.0,0.0,airtanah,110,False,True,True,0.0,False
4efad9c59466,0876912f094e,165702560.0,818785100.0,183.23871,169.13626,0.786686509847641,1.3999283909797668,0.5337183475494385,0.9802303910255432,airtanah,101,False,True,True,0.01169526344165206,False
2e520fe31519,a54f5a067d94,90397410.0,544301200.0,20.858017,16.90831,0.9581560790538788,3.981305718421936,0.0,0.0,airtanah,110,False,True,True,0.0,False
bb20b7857a5b,ddb11764c040,56949004.0,56949004.0,442.94812,426.5148,0.19598905742168427,3.177376389503479,0.005832004128023982,0.0,campuran,106,False,True,True,0.00709909969009459,False
5a8ff28824f5,7c937df39772,152683470.0,152683470.0,125.556435,162.60002,0.7168952822685242,2.562630534172058,0.0016067379619926214,0.0,airtanah,122,False,True,True,0.002246338641270995,False
28fd51317995,7a2379b4b5ed,98222630.0,98222630.0,19.441494,17.187654,0.9475167095661163,2.186399221420288,0.0,0.0,airtanah,110,False,True,True,0.0,False
c82b40597cd5,0876912f094e,111488510.0,193295280.0,891.3093,810.9565,0.7768076658248901,1.7362806797027588,1.2725263833999634,0.996989518404007,airtanah,101,False,True,True,0.011270674876868725,False
14e864f7ceab,6b81023eb753,135148270.0,135148270.0,136.46481,143.24695,0.7293558418750763,1.6910768747329712,0.0,0.0,airtanah,113,False,True,True,0.0,False
8db7c2386777,dec4f001fb2a,128263624.0,128263624.0,142.25983,163.23833,0.9990529119968414,2.9257662296295166,0.0,0.0,airtanah,113,False,True,True,0.0,False
b723c8bbfa7e,OUTLET,107458710.0,107458710.0,34.327118,33.64867,0.4167921096086502,4.374412298202515,0.0,0.0,kilat,146,False,True,True,0.0,False
5b9e3c83d640,c6cbc83e2fcf,110181496.0,254748370.0,84335.66,89223.82,0.77947598695755,1.9632116556167603,0.29996610432863235,0.12370705232024193,airtanah,101,False,True,True,0.4682997167110443,True
0f7a5521dd9d,9fc1a24e85a6,61090556.0,61090556.0,254.8941,292.95343,0.12620966881513596,3.293961524963379,0.00092860939912498,0.0,campuran,106,False,True,True,0.005816546268761158,False
931582585c7a,80fd85e14166,,153884430.0,71.41277,61.51428,0.855493575334549,1.550273358821869,0.0,0.0,airtanah,107,False,True,True,0.0,False
37802d7f432d,968976ed5b91,153355800.0,335200500.0,149.5178,150.06415,0.6730208396911621,1.9741168022155762,0.43112295866012573,1.0,airtanah,119,False,True,True,0.21383874490857124,False
a0cbc6262e1c,563899cce738,,235710240.0,101.06771,105.21671,0.9214527904987335,2.4165804386138916,0.0,0.0,airtanah,119,False,True,True,0.0,False
054764bc26d2,e736feed1b67,50439348.0,50439348.0,1859.5828,1829.5862,0.12360446155071259,3.6647117137908936,0.0,0.0,kilat,108,False,True,True,0.0,False
0876912f094e,f7b5da23cc52,51261440.0,1018293800.0,446.65555,367.4355,0.5752653181552887,1.5108822584152222,0.07751205377280712,0.944462388753891,airtanah,101,False,True,True,0.004550930578261614,False
33ae9171986e,77dd5950a685,76814340.0,76814340.0,9307.875,9275.354,0.06694425456225872,2.053349196910858,0.10778498277068138,0.1447545737028122,campuran,103,False,True,True,0.0839545950293541,False
ef89f980fbf9,64c6593beb99,56941508.0,189391500.0,345.69217,353.08032,0.0509707760065794,3.77984082698822,0.0010173390328418463,0.0,kilat,106,False,True,True,0.002177456917706877,False
cc8eb990e0ce,7161d79c250e,56673480.0,538468900.0,956.2599,1111.0048,0.12051871791481972,3.0637943744659424,0.022716842591762543,0.8758267760276794,campuran,103,False,True,True,0.0016345717012882233,False
94ea51bebea7,94fd3a233c3c,43992136.0,43992136.0,593.65295,501.4486,0.2182922586798668,3.081541061401367,0.0,0.0,campuran,114,False,True,True,0.0,False
8f2cfa51e685,5469ea12e914,71652240.0,71652240.0,117.23162,96.55822,0.0086277243681252,7.0,0.0,0.0,kilat,118,False,True,True,0.0,False
759915858655,d606826337a6,75565540.0,2436474600.0,583.68896,707.84796,0.7224209308624268,2.238440155982971,0.0016373711405321956,0.27470438182353973,airtanah,116,False,True,True,0.002306837821379304,False
7e5405240676,21b1fc1566f6,110464824.0,273741900.0,23.891779,21.928862,0.015987454913556576,6.805652856826782,0.0,0.0,kilat,118,False,True,True,0.0,False
00c03a04f96b,65c086dd4869,112955280.0,225827470.0,136.56941,120.12891,0.18279775232076645,3.0289363861083984,0.0,0.0,campuran,118,False,True,True,0.0,False
58a04740bac9,b904e62ee4d4,176505360.0,678644030.0,,68.09817,0.7064149379730225,1.6824913024902344,0.0,0.0,airtanah,107,False,True,True,0.0,False
b4b15292ee61,62b47f6d2778,97971270.0,6442417000.0,88.47375,87.79194,0.5789138674736023,1.529619574546814,0.00011483056732686237,0.5,airtanah,113,False,True,True,0.0,False
449806b85c83,00f1c0e1e810,51916716.0,51916716.0,1667.4514,1735.4797,0.14292264729738235,4.902989864349365,0.0,0.0,kilat,102,False,True,True,0.0,False
25123ae17d16,4592d33ebb6d,102803464.0,202921870.0,19.297993,20.067865,0.6980586051940918,0.9705957174301147,1.0428081154823303,1.0,airtanah,109,False,True,True,0.0,False
4ea05e8c05b4,572d0f19b127,74106840.0,74106840.0,8.111398,10.09892,0.5494807660579681,3.0312165021896362,0.0,0.0,campuran,118,False,True,True,0.0,False
89ba16ecfdab,ed1d43d68375,72087800.0,72087800.0,57.150013,61.9033,0.4086480140686035,3.9390392303466797,0.0,0.0,kilat,119,False,True,True,0.0,False
881c25e8ee9b,bb675fed37cc,44438100.0,224117300.0,26.191582,24.654581,0.5340839177370071,1.6992135047912598,0.3830345422029495,1.0,campuran,109,False,True,True,0.0,False
2b22d4e7d26f,453738dc48cc,155020130.0,155020130.0,99.96522,105.62072,0.9497180283069611,0.9977073967456818,0.0,0.0,airtanah,113,False,True,True,0.0,False
adcc508491e1,a86b55c6442d,73073120.0,813683700.0,11137.538,10157.492,0.30071625113487244,3.250052571296692,0.005892989691346884,0.0,campuran,115,False,True,True,0.021243231371045113,False
ddb11764c040,864c23be6f27,64364224.0,251868420.0,597.56,534.05835,0.08045928925275803,3.5141167640686035,0.0006586030940525234,0.0,kilat,106,False,True,True,0.0008483872225042433,False
8557382db541,6e7af3c2eb45,153465820.0,153465820.0,3755.2522,3603.0525,0.29515908658504486,4.472477316856384,0.0052611022256314754,0.0,kilat,105,False,True,True,0.003909187624230981,False
3592e4cae8a1,00f1c0e1e810,113152280.0,113152280.0,3478.2104,3995.5835,0.13419265300035477,5.091721296310425,0.011696821544319391,0.0,kilat,102,False,True,True,0.01291223056614399,False
4d4cfb47dbe6,OUTLET,52257650.0,1940760200.0,2108.9785,2051.074,0.05783618427813053,2.5223008394241333,0.00032939166703727096,0.0,campuran,103,False,True,True,0.0004117448697797954,False
e66c4a665ee0,85f2c999204a,135385820.0,135385820.0,,1624.462,0.1322355940937996,2.765787959098816,0.009359979536384344,0.0,campuran,106,False,True,True,0.006972599541768432,False
65c086dd4869,5469ea12e914,59325960.0,648531840.0,116.80659,113.64507,0.0068285546731203794,4.359489917755127,0.0,0.0,kilat,118,False,True,True,0.0,False
f345575c49db,f086032876ac,65019764.0,65019764.0,6036.422,5777.3306,0.5375903844833374,1.8705852031707764,0.026570159010589123,0.0,campuran,108,False,True,True,0.034518186934292316,False
1b01b8915bd9,4ac73a6c56de,256532930.0,1288768300.0,108.633354,108.087494,0.7680143415927887,1.8850052952766418,0.0,0.0,airtanah,107,False,True,True,0.0,False
fe1dfd151c08,8fec123f19b3,88098820.0,177780980.0,1326.7454,1202.9541,0.09356256574392319,4.961524724960327,0.0031356773106381297,0.0,kilat,115,False,True,True,0.004681051126681268,False
714a2795bf13,OUTLET,43188690.0,,333.19818,293.34503,0.0,1.171516239643097,0.0,0.0,campuran,144,False,True,True,0.0,False
e3b30d6387ce,ff43d2c0ccbd,64868412.0,64868412.0,5011.418,5897.7017,0.3400910347700119,2.7600542306900024,0.28959665447473526,0.7101801335811615,campuran,115,False,True,True,0.14955796673893929,False
02004b682c2c,8422a596e41f,109620990.0,109620990.0,6046.9556,5276.6694,0.20526275038719177,4.559658169746399,0.0,0.0,kilat,105,False,True,True,0.0,False
017d6ecee239,0df6caa19487,56200828.0,56200828.0,79.55853,101.8702,0.6897937953472137,5.6808295249938965,0.0,0.0,kilat,142,False,True,True,0.0,False
1091982f52cc,cc1391c81529,104972696.0,104972696.0,2199.092,2084.754,0.089516531676054,5.776349306106567,0.0,0.0,kilat,102,False,True,True,0.0,False
3522bec5a079,65c086dd4869,42006440.0,42006440.0,89.57413,76.91285,0.008437215583398938,7.0,0.0,0.0,kilat,118,False,True,True,0.0,False
151a9f775ac2,f4703395d63b,136915570.0,3341836000.0,5123.546,3995.7324,0.5289777666330338,2.3049309253692627,2.0821153157157823e-06,0.0,campuran,116,False,True,True,3.100134790656739e-06,False
1386c5d59f7b,3e2b2a482d9e,52770416.0,52770416.0,477.2014,553.47723,0.5544072091579437,2.0408361554145813,0.004590597935020924,0.0,campuran,106,False,True,True,0.0028789471834897995,False
85ae8c9a633a,7c1736203277,39952956.0,39952956.0,247.7158,232.5572,0.9183189868927002,0.4302806109189987,0.282782606780529,0.8568850457668304,airtanah,112,False,True,True,0.0559852160513401,False
2e2f6ab50c2a,88d8eb7171b9,49439292.0,88312200.0,240.82436,267.5307,0.11389821395277977,5.187171697616577,0.0,0.0,kilat,106,False,True,True,0.0,False
d0200e843d56,22b79af7bde4,71635340.0,185037550.0,950.84406,959.45905,0.029383829794824123,3.2178471088409424,0.0026856923941522837,0.0,campuran,106,False,True,True,0.021344251930713654,False
070b12692a2b,10e693361ba6,125319900.0,125319900.0,35.765224,36.93982,0.38510532677173615,5.46641480922699,0.0,0.0,kilat,117,False,True,True,0.0,False
864c23be6f27,6dfb93298a61,68712280.0,531650530.0,479.9939,500.76663,0.2620079666376114,2.6799014806747437,7.993960753083229e-05,0.0,campuran,106,False,True,True,5.8556832300382666e-05,False
d9636495c19c,OUTLET,113139390.0,5856180700.0,1390.4756,1471.2605,0.23703372478485107,3.155576467514038,0.0,0.0,campuran,105,False,True,True,0.0,False
4061bee048a5,9573b797da69,80380130.0,80380130.0,896.9146,795.7096,0.3182995766401291,4.735100746154785,2.375317335128784,0.99925696849823,irigasi,119,False,True,True,15.360621094703674,True
fb0462d61a4e,4c072cc8f0d0,82305780.0,223960370.0,407.0823,385.21127,0.8839438855648041,0.9391505420207977,0.0007458007894456387,1.0,airtanah,137,False,True,True,0.0,False
67dbf26411b8,fcbd6f4dd851,201008030.0,201008030.0,120.49719,111.888725,0.20905814319849014,3.762364625930786,0.0,0.0,kilat,113,False,True,True,0.0,False
b0a96355962a,11d90199aff1,77375960.0,554949760.0,2072.0955,2008.1727,0.9565746784210205,0.5573731660842896,0.006738987751305103,0.24124941229820251,airtanah,112,False,True,True,0.004246809985488653,False
f76aa23a1f71,OUTLET,148449420.0,192208960.0,32.194355,35.520004,0.9899029731750488,3.565290331840515,0.0,0.0,airtanah,145,False,True,True,0.0,False
cb851f7764ba,e497669122fb,88996720.0,138188200.0,1307.4803,1383.8307,0.12166718393564224,3.143186926841736,0.00790186575613916,0.0,campuran,106,False,True,True,0.04245797614566982,False
0df6caa19487,OUTLET,126532296.0,174655650.0,118.47508,163.69931,0.8227231502532959,6.083747625350952,0.0,0.0,kilat,142,False,True,True,0.0,False
abb0bf0a47df,156653992091,149771860.0,455218180.0,1564.4042,1705.155,0.20733703672885895,6.6280107498168945,0.0,0.0,kilat,102,False,True,True,0.0,False
ba310b09d235,64d5752889b7,85109350.0,13631710000.0,,8547.09,0.5918795615434647,1.8205813765525818,0.002677922951988876,0.0,airtanah,118,False,True,True,0.004252318292856216,False
ca01e5e82029,e3ff8d907b23,127050460.0,176913780.0,843.54987,731.4776,0.6842376291751862,1.8492076992988586,0.0,0.0,airtanah,112,False,True,True,0.0,False
81360bdbc56a,16ae3c01d01f,0.0,11657795000.0,18.758713,21.043179,0.6704519987106323,1.6983341574668884,7.502853986807168e-05,0.0,airtanah,118,False,True,True,8.119127051031683e-05,False
bfdb9fd2bd67,aca29740fe1a,47634410.0,47634410.0,7101.613,6016.0156,0.31952375173568726,4.683202862739563,0.002493116247933358,0.0,kilat,108,False,True,True,0.005327366758137941,False
e406ca15146a,8175f5388f45,145308270.0,145308270.0,-9999.0,150.47672,0.9665598273277283,0.5277701020240784,0.0,0.0,airtanah,113,False,True,True,0.0,False
d73cbe96af10,c8fb6a5ad333,82007020.0,82007020.0,42.840492,53.39024,0.0,5.018921852111816,0.0,0.0,kilat,110,False,True,True,0.0,False
81fd6d65d52d,6d466fd608ea,119668776.0,119668776.0,362.4815,364.56372,0.1266324780881405,2.9974255561828613,0.0,0.0,campuran,113,False,True,True,0.0,False
8224e82c62af,f086032876ac,72554170.0,72554170.0,10050.652,10719.236,0.3985750675201416,1.2963171601295471,0.05395470932126045,0.0,campuran,108,False,True,True,0.0787681695073843,False
b2567dc26472,3e2b2a482d9e,76750180.0,76750180.0,908.7913,834.5545,0.07669223472476006,4.110940217971802,0.00897312629967928,0.0,kilat,106,False,True,True,0.007534571224823594,False
e808edd9b03f,6d973bd13103,148031980.0,271359650.0,162.42393,168.34148,0.24853160232305527,3.5831897258758545,3.499880790710449,0.9986678957939148,irigasi,131,False,True,True,12.620665162801743,True
5e286e57d269,b48ff8c52473,70993530.0,4526418400.0,2101.2158,2135.0417,0.3385743796825409,3.158783435821533,0.0,0.0,campuran,105,False,True,True,0.0,False
5ee727edddc7,17fb9debc2ba,111737770.0,,15219.534,13570.399,0.3176537901163101,3.4335445165634155,0.09245345368981361,0.0,campuran,105,False,True,True,0.11552996560931206,False
715b864ef6cf,78623d0d3490,94859620.0,94859620.0,366.58057,348.61795,0.8986533880233765,1.1900857388973236,0.3515496850013733,1.0,airtanah,112,False,True,True,0.0,False
26d99efe883e,13bcf99ae9bc,63594236.0,12595807000.0,1610.7961,1702.952,0.31508365273475647,2.433085799217224,3.943193951272406e-05,0.0,campuran,108,False,True,True,5.560229146794882e-05,False
d29606bcf256,71f0bceda82f,140112930.0,253914480.0,201.77306,184.68463,0.44101500511169434,2.600564122200012,0.0,0.0,campuran,107,False,True,True,0.0,False
616ad235cf9b,6b7678c1fe8a,97479810.0,97479810.0,122.52839,130.42677,0.24476784467697144,4.168970108032227,0.01705495221540332,1.0,kilat,104,False,True,True,0.0,False
ed1d43d68375,968976ed5b91,134761810.0,1190177700.0,118.35608,124.38464,0.8051456809043884,2.28014075756073,0.0,0.0,airtanah,119,False,True,True,0.0,False
64c6593beb99,a4a6979c4ff6,109722770.0,2222757600.0,699.2325,670.70416,0.10842139646410942,2.6891064643859863,0.0,0.0,campuran,106,False,True,True,0.0,False
9fa2c0669e0e,cc917904ca75,78214860.0,235741070.0,2037.1063,2085.868,0.28063245117664337,3.405584454536438,0.00041275526746176183,0.5,campuran,103,False,True,True,0.0,False
a2f01643008f,156653992091,95364340.0,451947460.0,2090.8447,2169.4685,0.1575755849480629,4.102031350135803,0.0,0.0,kilat,102,False,True,True,0.0,False
8bd15f62decd,64ccb0e1483b,141475710.0,10542129000.0,10606.563,9458.107,0.8691636323928833,1.6911230087280273,0.0018467781483195722,0.0,airtanah,118,False,True,True,0.0014033933402970433,False
2c1a692f9733,78f6ce1d2494,47189732.0,47189732.0,622.86633,438.21976,0.9772254228591919,2.4067413806915283,0.00024263430532300845,0.0,airtanah,118,False,True,True,0.0004324105102568865,False
ccd72978ad00,e71ebf38c6d2,56903836.0,56903836.0,294.81033,289.8922,0.9456450045108795,1.5863590836524963,0.0,0.0,airtanah,112,False,True,True,0.0,False
e125fc3bc5f9,505570e8b3b7,33332066.0,174246320.0,279.2623,252.53925,0.2658567279577255,4.127188682556152,0.009239915758371353,1.0,kilat,115,False,True,True,0.0,False
7eb5904e092c,42d8c874e49a,157191570.0,798855600.0,56681.965,56976.91,0.497341126203537,1.5176268219947815,0.0347745344042778,0.0,campuran,108,False,True,True,0.04612123128026724,False
80da1a1861e3,3582476e8e3c,132905790.0,1465593000.0,311.02963,280.92932,0.8849089443683624,3.339536428451538,0.0,0.0,airtanah,104,False,True,True,0.0,False
635f3d1673a5,OUTLET,199680940.0,199680940.0,254.51854,253.617,0.48228619992733,3.8828134536743164,0.0,0.0,campuran,147,False,True,True,0.0,False
4e681330da7c,c6cbc83e2fcf,58823816.0,58823816.0,71230.555,66066.555,0.8185750842094421,1.1306792795658112,1.2326799631118774,0.08906415849924088,airtanah,101,False,True,True,2.0591174960136414,True
f8ddb21f15b5,71ef388d4977,76062320.0,76062320.0,228.2505,286.5606,0.4861713945865631,2.4968230724334717,0.0,0.0,campuran,136,False,True,True,0.0,False
ead1f6c0977c,38b30898e3f4,137157540.0,137157540.0,117.47652,126.74857,0.3968709707260132,1.6205521821975708,0.0,0.0,campuran,113,False,True,True,0.0,False
c563819928a1,32970d61db83,91243120.0,91243120.0,69.46121,59.050232,0.8868669867515564,5.335862636566162,0.0,0.0,kilat,119,False,True,True,0.0,False
f9604540c5ba,00f1c0e1e810,154362980.0,154362980.0,4951.079,5902.6064,0.16690777987241745,4.964766979217529,0.0,0.0,kilat,102,False,True,True,0.0,False
6d1d559359fe,fbfb29177d9a,66582730.0,66582730.0,393.59113,358.67578,0.8686326742172241,0.8731337487697601,0.0024855408119037747,0.0,airtanah,112,False,True,True,0.001830784254707396,False
3f0625bb3eae,5aaa5a9589d7,128352450.0,,80.395294,83.18216,0.16271965205669403,2.9770238399505615,1.3025798201560974,1.0,campuran,110,False,True,True,6.127372741699219,True
f12becbc519a,eed722c9386d,104842830.0,104842830.0,130.42827,115.46261,0.4540407210588455,3.677031993865967,4.571531772613525,1.0,irigasi,131,False,True,True,65.3412857055664,True
40172f9f230e,6d466fd608ea,166692590.0,320224200.0,258.30176,275.85797,0.5060421377420425,2.6689605116844177,0.0,0.0,campuran,113,False,True,True,0.0,False
a004454429db,47605f1afdea,121061450.0,2818139600.0,263.65344,220.78873,0.6871010363101959,2.410966992378235,0.12264668941497803,1.0,airtanah,119,False,True,True,0.04142940044403076,False
31930a5c41b4,8824652b46db,93050240.0,93050240.0,59.059464,63.22928,0.9821454584598541,3.687528610229492,0.0,0.0,airtanah,122,False,True,True,0.0,False
c7b7b0d4c204,6a0aeb1b2b28,137433840.0,185879120.0,10853.828,9753.854,0.24945156276226044,2.4147415161132812,0.0006110880640335381,0.0,campuran,108,False,True,True,0.0006444426253437996,False
d828273cda71,c49073b174cb,97985270.0,400854430.0,389.24747,433.07574,0.9653844237327576,0.6248532235622406,0.0004827333614230156,1.0,airtanah,112,False,True,True,0.0,False
7a3d02e21655,b91f3f7a6607,112186700.0,112186700.0,4046.7102,3776.5164,0.5936296880245209,1.8489412665367126,0.0,0.0,airtanah,112,False,True,True,0.0,False
e2656953837d,016e92f7704e,68288650.0,68288650.0,599.88995,377.8372,0.6986799240112305,2.6490408182144165,0.0,0.0,airtanah,101,False,True,True,0.0,False
792c2a522a50,20707cdd4cef,64542850.0,64542850.0,250.54347,297.58255,0.9606260657310486,1.0382939577102661,7.825076318113133e-05,0.5,airtanah,112,False,True,True,0.0,False
39e94ade931b,8879db4100b7,98112700.0,98112700.0,446.36993,424.78473,0.9940780997276306,2.2330305576324463,0.0,0.0,airtanah,116,False,True,True,0.0,False
d37f5f868078,d8b3ec949b4c,67887736.0,67887736.0,1209.1683,1013.8342,0.45037952065467834,2.8422586917877197,0.46127235889434814,1.0,campuran,111,False,True,True,0.0,False
0e2a42cc421c,0a058998a6c3,153808530.0,153808530.0,87.412605,92.02132,0.6988694667816162,1.4825993776321411,0.0,0.0,airtanah,141,False,True,True,0.0,False
c740ab718448,a7b0fa79b637,87871624.0,560491650.0,3009.1487,2924.4138,0.026905620470643044,3.91221022605896,0.0,0.0,kilat,108,False,True,True,0.0,False
d98428a5435e,7a2379b4b5ed,111738744.0,111738744.0,,17.970173,0.9334079623222351,3.679537773132324,0.0,0.0,airtanah,110,False,True,True,0.0,False
b7363f94be02,ea3ba954082e,156638770.0,156638770.0,1560.1198,1729.2582,0.2749728187918663,3.3669720888137817,0.0,0.0,campuran,105,False,True,True,0.0,False
fbfb29177d9a,815775b18861,73335760.0,135922740.0,929.6808,913.4512,0.887740820646286,0.7345505058765411,0.03103609476238489,0.9730874300003052,airtanah,112,False,True,True,0.0012942957691848278,False
